
INSERT INTO public.activity (id, title, description, date, note, idtypeactivity) VALUES (87, 'E-book on the protected areas of madagascar and other user tools', 'In late 2015, Association Vahatra received a three-year grant from CEPF to

conduct a large-scale review of the protected areas system of Madagascar.

The bilingual French-English three volume book entitled Les aires protégées

terrestres de Madagascar : leur histoire, description et biote / Terrestrial

protected areas of Madagascar: Their history, description and biota was

published by Association Vahatra in late 2018. Based on an additional grant

from CEPF to Strand Life Science (Bangalore, India), with Association

Vahatra as a partner, an e-book of a revised and corrected version of the

protected area book has been produced, and is distributed by The University

of Chicago Press (https://w.bibliovault.org/BV.titles.epl?pc=596&sort=title).

The printed volumes of the protected area book are cumbersome to say the

least, weighing close to 7 kg, and the e-book version greatly facilitates their

utilization. Further, to simplify usage and be more user-friendly, separate

e-books have been prepared for the French and English language versions.

Other aspects of this project included the creation of a website in Malagasy,

French, and English containing lots of details on the 98 terrestrial protected

areas of Madagascar covered in the book, including up-to-date species

lists of vertebrates known from each site, as well as the means for citizen scientists and naturalists to update the downloadable species lists based on

new observations and published data. Based on a day-seminar presentation

in Antananarivo by Thomas Vattakaven and Prabhakar Rajagopal of Strand

Life Science and different members of Association Vahatra to potential

users of the site, important input was received on aspects that facilitated the

website organization. The timing of the seminar was just before the start of

the COVID-19 epidemic and all subsequent work on the project has been

via email and video conferences. Another important aspect of this project

was uploading on to a cloud and providing free access to about 9000 pdf

files used in writing the book, which include a range of different types of

publications, unpublished reports, previously unavailable DEA and Master’s

memoires, Ph.D. theses, and other types of diploma documents from the

Malagasy university system. The Madagascar Protected Areas portal site can

be accessed at https://protectedareas.mg/. The portal is an important tool for

researchers, students, and conservationists on Madagascar and overseas and

we hope to amend the project to more advanced stages. In early December

2021, our colleagues at Strand Life Sciences in Bangalore via a video

conference formally presented the portal in Madagascar to an assortment of interested individuals physically present at Vahatra or connected via a video

conference, which was followed by a reception. The event received press

and television coverage. The final accepted report to CEPF was submitted in

late 2021 and the first phase of the project has now been completed.', '2015-01-01', NULL, 'A4');
INSERT INTO public.activity (id, title, description, date, note, idtypeactivity) VALUES (60, 'Biological inventories', 'Biological exploration for the conception of a management and conservation plan. In collaboration with PGME-GIZ', '2011-01-01', NULL, 'A1');
INSERT INTO public.activity (id, title, description, date, note, idtypeactivity) VALUES (52, 'Biological inventories', 'Obtaining field data on terrestrial vertebrates for the action of the "Ala Maiky" project of WWF. In collaboration with WWF.', '2003-02-01', NULL, 'A1');
INSERT INTO public.activity (id, title, description, date, note, idtypeactivity) VALUES (53, 'Biological inventories', 'Obtaining data on terrestrial organisms to help with the management of a new marine protected area. In collaboration with WWF.', '2005-09-01', NULL, 'A1');
INSERT INTO public.activity (id, title, description, date, note, idtypeactivity) VALUES (54, 'Biological inventories', 'To understand patterns of terrestrial animal distribution in this forested corridor, evaluation of remaining natural habitats, and the important of the remaining forest for the conservation of biodiversity. In collaboration with WWF and Fanamby.', '2005-11-01', NULL, 'A1');
INSERT INTO public.activity (id, title, description, date, note, idtypeactivity) VALUES (55, 'Biological inventories', 'Obtaining field data on terrestrial vertebrates for the extension of the Kirindy Mite National Park. In collaboration with WWF and Madagascar national Parks.', '2007-02-01', NULL, 'A1');
INSERT INTO public.activity (id, title, description, date, note, idtypeactivity) VALUES (56, 'Biological inventories', 'Obtaining field data on the biological riches of identified protected areas for the extension of a humid forest of a UNESCO World Heritage site. In collaboration with UNESCO World Heritage program.', '2008-01-01', NULL, 'A1');
INSERT INTO public.activity (id, title, description, date, note, idtypeactivity) VALUES (48, 'Field Schools', NULL, '1997-01-01', NULL, 'A1');
INSERT INTO public.activity (id, title, description, date, note, idtypeactivity) VALUES (50, 'Field Schools', NULL, '1997-01-01', NULL, 'A1');
INSERT INTO public.activity (id, title, description, date, note, idtypeactivity) VALUES (47, 'Field Schools', NULL, '1998-01-01', NULL, 'A1');
INSERT INTO public.activity (id, title, description, date, note, idtypeactivity) VALUES (51, 'Field Schools', NULL, '1996-01-01', NULL, 'A1');
INSERT INTO public.activity (id, title, description, date, note, idtypeactivity) VALUES (84, 'Transmissible diseases', 'In this project, followed viro-serological and vector populations of wild vertebrates and a quantitative assessment on a regional risk of introduction and spread of the disease are done. This is a project funded by the CRVOI (Centre for Research and Watch on emerging diseases in the Indian Ocean) Reunion and associated team from the Institut Pasteur de Madagascar (IPM). The latter has been working for several years on transmission mechanisms of many diseases. 

The specific objectives of this project are to:

    -assess the intensity of viral circulation and circulation periods in a pilot area of Madagascar,

    -identify potential wild reservoirs of the virus in Madagascar,

    -establish an epidemiological assessment in Madagascar,

    -identify the various potential modes of introduction and transmission in Madagascar, and assess the risk of endemicity of the disease.

', '2015-01-01', NULL, 'A4');
INSERT INTO public.activity (id, title, description, date, note, idtypeactivity) VALUES (85, 'Conservation biology', 'Vahatra is also interested in different types of research involving:

    -vertebrates taxonomy and phylogeny

    -vertebrates biogeography

    -ecology and biology

    -conservation

    -impact assessment

 ', '2015-01-01', NULL, 'A4');
INSERT INTO public.activity (id, title, description, date, note, idtypeactivity) VALUES (83, 'Climate change', 'The intent of this project is to measure possible effects of global climatic change on certain endemic terrestrial vertebrates. This is being accomplished by revisiting three different mountains on the island intensively studied along an elevational gradient over 15 years ago and repeating the inventory methods down to very fine details, such as the same dates and placements of different types of traps. While data on the presence and absence of a given taxonomic group will be used in comparing the previous and recent inventories, the unique aspect we have added to the project is employing molecular genetic data. We will becomparing shifts in haplotypic frequencies through time and this measure may be directly correlated with global warming, pushing animals to higher altitudes to find preferable biotypes.', '2015-01-01', NULL, 'A4');
INSERT INTO public.activity (id, title, description, date, note, idtypeactivity) VALUES (49, 'Field Schools', NULL, '1997-01-01', NULL, 'A1');
INSERT INTO public.activity (id, title, description, date, note, idtypeactivity) VALUES (73, 'High spatial resolution cloud climatology', 'High spatial resolution cloud climatology of Madagascar and implications for biodiversity conservation activities', '2015-01-01', NULL, 'A2');
INSERT INTO public.activity (id, title, description, date, note, idtypeactivity) VALUES (72, 'ArcGIS', 'ArcGIS training. (Presented in French.) ', '2014-01-01', NULL, 'A2');
INSERT INTO public.activity (id, title, description, date, note, idtypeactivity) VALUES (71, 'Genetic diversity and Genetix computer program', 'Measures of genetic diversity and application of the Genetix computer program. (Presented in French.) ', '2013-01-01', NULL, 'A2');
INSERT INTO public.activity (id, title, description, date, note, idtypeactivity) VALUES (69, 'Extinct animals and ecosystems of Madagascar', 'Windows into the extraordinary extinct animals and ecosystems of Madagascar. (Presented in French.) ', '2012-01-01', NULL, 'A2');
INSERT INTO public.activity (id, title, description, date, note, idtypeactivity) VALUES (68, 'Invasive alien species', 'The impact of invasive alien species on island biodiversity - What solutions? (Presented in French.) ', '2012-01-01', NULL, 'A2');
INSERT INTO public.activity (id, title, description, date, note, idtypeactivity) VALUES (70, 'Genetics', 'Population genetics, conservation genetics, and their applications. (Presented in French.) ', '2012-01-01', NULL, 'A2');
INSERT INTO public.activity (id, title, description, date, note, idtypeactivity) VALUES (66, 'Effects of cyclone', 'Effects of cyclone or habitat disturbance on Varecia variegata (reproduction, feeding behavior, etc.). (Presented in French.)', '2011-01-01', NULL, 'A2');
INSERT INTO public.activity (id, title, description, date, note, idtypeactivity) VALUES (67, 'Fragmentation and genetic diversity', 'Fragmentation of habitat and genetic diversity in space and time. (Presented in French.) ', '2011-01-01', NULL, 'A2');
INSERT INTO public.activity (id, title, description, date, note, idtypeactivity) VALUES (65, 'Geographic Information Systems', 'Geographic Information Systems at the service of conservation: case studies. (Presented in French.)', '2010-01-01', NULL, 'A2');
INSERT INTO public.activity (id, title, description, date, note, idtypeactivity) VALUES (91, 'Diversity and transmission dynamics of infectious agents in malagasy bats', 'The scientific objectives of this project are to characterize the diversity of

infectious agents circulating in bat populations of northern Madagascar and

to study the temporal dynamics of transmission, particularly within breeding

and day-roosting colonies. Funding is based on a grant from the Fonds

Européen de Développement Régional (FEDER). The study in collaboration

with Dr. Camille Lebarbenchon from the Processus Infectieux en Milieu

Insulaire Tropical (PIMIT) laboratory and associated with The University

of La Reunion, and with a Malagasy post-doc, Riana Ramanantsalama, who

did his PhD with Vahatra, employs samples of captured/marked/released

bats for laboratory analysis. For each bat, samples include oral and rectal

swabs, as well as ectoparasites.

In the original plan for fieldwork, it was proposed that each study colony,

including caves in Ankarana and synanthropic roost sites in buildings

in the nearby town of Ambilobe, to be visited every 3-4 months to study

seasonal shifts in the temporal dynamics of infection at the population level.

Individuals of the fruit bat Rousettus madagascariensis (family Pteropodidae)

living in the caves of Ankarana are marked with uniquely numbered rings in order to study infection dynamics at the level of individuals. With the

lockdown of 2020, only two visits were conducted to the study sites in that

year and we were only able to restart the fieldwork in late 2021. Because

of all of the COVID-19 related delays, an extension of the project has been

requested from the granting agency. We are still awaiting that decision', '2020-01-01', NULL, 'A4');
INSERT INTO public.activity (id, title, description, date, note, idtypeactivity) VALUES (63, 'Micro-endemism in Madagascar', 'A new hypothesis and model of micro-endemism in Madagascar and its application to the conservation of Malagasy biodiversity. (Presented in French.)', '2008-01-01', NULL, 'A2');
INSERT INTO public.activity (id, title, description, date, note, idtypeactivity) VALUES (62, 'Elevational transect in the Andohahela protected area', 'In late 2022

the Vahatra team will redo another elevational transect in the Andohahela

protected area in the same fashion as Marojejy and part of the The Rainforest

of the Atsinanana.', '2022-10-15', NULL, 'A1');
INSERT INTO public.activity (id, title, description, date, note, idtypeactivity) VALUES (6, 'Visit villages', 'In the immediate vicinity of PN de Marojejy and the RS d’Anjanaharibe-Sud', '2015-01-01', NULL, 'A1');
INSERT INTO public.activity (id, title, description, date, note, idtypeactivity) VALUES (5, 'Visit villages', 'In the immediate vicinity of PN de Marojejy and the RS d’Anjanaharibe-Sud', '2015-01-01', NULL, 'A1');
INSERT INTO public.activity (id, title, description, date, note, idtypeactivity) VALUES (11, 'Visit villages', 'In the immediate vicinity of PN de Marojejy and the RS d’Anjanaharibe-Sud', '2015-01-01', NULL, 'A1');
INSERT INTO public.activity (id, title, description, date, note, idtypeactivity) VALUES (7, 'Visit villages', 'In the immediate vicinity of PN de Marojejy and the RS d’Anjanaharibe-Sud', '2015-01-01', NULL, 'A1');
INSERT INTO public.activity (id, title, description, date, note, idtypeactivity) VALUES (8, 'Visit villages', 'In the immediate vicinity of PN de Marojejy and the RS d’Anjanaharibe-Sud', '2015-01-01', NULL, 'A1');
INSERT INTO public.activity (id, title, description, date, note, idtypeactivity) VALUES (9, 'Visit villages', 'In the immediate vicinity of PN de Marojejy and the RS d’Anjanaharibe-Sud', '2015-01-01', NULL, 'A1');
INSERT INTO public.activity (id, title, description, date, note, idtypeactivity) VALUES (10, 'Visit villages', 'In the immediate vicinity of PN de Marojejy and the RS d’Anjanaharibe-Sud', '2015-01-01', NULL, 'A1');
INSERT INTO public.activity (id, title, description, date, note, idtypeactivity) VALUES (74, 'Grosphus mavo', 'the remarkable diversity of the genus Grosphus simon, 1880 (scorpiones: buthidae) in southern madagascar and in particular in the region of cap sainte marie. Arachnida – Rivista Aracnologica Italiana, 27(1): 2-35.', '2020-01-01', 'endemic scorpion in the extreme south of the island', 'A4');
INSERT INTO public.activity (id, title, description, date, note, idtypeactivity) VALUES (75, 'Haemaphysalis galidiae', 'Description of a new species of Haemaphysalis koch, 1844 (Acari: ixodidae) from the H. (Rhipistoma) asiatica subgroup, parasite of an endemic malagasy carnivoran (family eupleridae). Systematic Parasitology, 97: 591-599.', '2020-01-01', 'endemic tick known from endemic carnivora', 'A4');
INSERT INTO public.activity (id, title, description, date, note, idtypeactivity) VALUES (76, 'Ixodes soarimalalae', 'Description of three new species of ixodes Latreille, 1795 (acari: ixodidae), parasites of tenrecs (Afrotheria: tenrecidae) on madagascar. Systematic Parasitology, 97: 623-637.', '2020-01-01', 'endemic tick known from malagasy shrew tenrecs and named after Voahangy soarimalala', 'A4');
INSERT INTO public.activity (id, title, description, date, note, idtypeactivity) VALUES (77, 'Ixodes uilenbergi', 'Description of three new species of Ixodes latreille, 1795 (Acari: ixodidae), parasites of tenrecs (Afrotheria: tenrecidae) on madagascar. Systematic Parasitology, 97: 623-637.', '2020-01-01', 'endemic tick known from different species of malagasy tenrecs', 'A4');
INSERT INTO public.activity (id, title, description, date, note, idtypeactivity) VALUES (78, 'Ixodes uncus', ' Description of three new species of ixodes Latreille, 1795 (Acari: ixodidae), parasites of tenrecs (Afrotheria: tenrecidae) on madagascar. Systematic Parasitology, 97: 623-637', '2020-01-01', 'endemic tick known from malagasy shrew tenrecs', 'A4');
INSERT INTO public.activity (id, title, description, date, note, idtypeactivity) VALUES (79, 'Mantidactylus ambony ', ' ‘Barcode fishing’ for archival Dna from historical type material overcomes taxonomic hurdles, enabling the description of a new frog species. Scientific Reports, 10, 19109 (2020).', '2020-01-01', 'endemic to a massif in the extreme north of the island', 'A4');
INSERT INTO public.activity (id, title, description, date, note, idtypeactivity) VALUES (80, 'Platypelis ranjomena', 'genetic variability and partial integrative revision of Platypelis frogs (microhylidae) with red flash marks from eastern madagascar. Vertebrate Zoology, 70(2): 141-156', '2020-01-01', '(endemic the central east and northeastern madagascar', 'A4');
INSERT INTO public.activity (id, title, description, date, note, idtypeactivity) VALUES (81, 'Uroplatus fangorn', 'towards completion of species inventory of smallsized leaf-tailed geckos: two new species of Uroplatus from northern madagascar. Zootaxa, 4892(2): 251-275.', '2020-01-01', 'endemic gecko to a massif in the north of the island', 'A4');
INSERT INTO public.activity (id, title, description, date, note, idtypeactivity) VALUES (82, 'Uroplatus fivehy', 'towards completion of species inventory of smallsized leaf-tailed geckos: two new species of Uroplatus from northern madagascar. Zootaxa, 4892(2): 251-275.', '2020-01-01', 'endemic gecko to a massif in the north of the island', 'A4');
INSERT INTO public.activity (id, title, description, date, note, idtypeactivity) VALUES (58, 'Biological inventories', 'Obtaining scientific information on the RS of Andranomena ant the Ampataka forest. In collaboration with Madagascar National Parks', '2010-03-01', NULL, 'A1');
INSERT INTO public.activity (id, title, description, date, note, idtypeactivity) VALUES (59, 'Biological inventories', 'Biological exploration of the dry forest on karst of Beanka. In collaboration with the Universities of Geneva and Antananarivo.', '2011-11-01', NULL, 'A1');
INSERT INTO public.activity (id, title, description, date, note, idtypeactivity) VALUES (61, 'Biological inventories', 'Exploration of the biological diversity of Bemanevika Forest. In collaboration with the Peregrine Fund.', '2013-10-01', NULL, 'A1');
INSERT INTO public.activity (id, title, description, date, note, idtypeactivity) VALUES (88, 'Indian house Crow eradication and invasive species surveillance', 'In the context of this project, Madagascar Fauna and Flora Group (MFG)

in collaboration with Association Vahatra and other partners received a

grant to eradicate the recently introduced and highly invasive Indian House

Crow (Corvus splendens) in the Toamasina area, central eastern coast of

Madagascar, as well as other areas the species has turned up on the island.





The grant also included advancing different types of research associated with

problems imposed on Madagascar’s ecosystems and the Malagasy people

by invasive animal species. MFG was responsible for orchestrating the

eradication of the Indian House Crow and Vahatra’s interventions focused

on scientific aspects associated with the biology, distribution, and zoonotic diseases of the crow and House Sparrows (Passer domesticus) in and

around Toamasina.

More specifically, scientific research on invasive species

included projects conducted by three Master’s students from The University

of Antananarivo and working with Vahatra scientists, all of which were

presented in 2021.

      These studies included the presence and absence of Indian

House Crows in all major ports on the island and population estimates (by

Estelle Raobson Hanitrandrasana); the breeding biology and dietary regime

of House Sparrows in the city of Toamasina (by Saholy Raolihanitrasina);

and the diet of a quasi-invasive bat species living in human-built structures

(by Lomeris Todilahy). 



As of late 2021, MFG and the project collaborators

have removed all of the known House Crows on Madagascar, which is a

major accomplishment.', '2015-01-01', NULL, 'A4');
INSERT INTO public.activity (id, title, description, date, note, idtypeactivity) VALUES (27, 'Field Schools', NULL, '2015-01-01', NULL, 'A1');
INSERT INTO public.activity (id, title, description, date, note, idtypeactivity) VALUES (28, 'Field Schools', NULL, '2014-01-01', NULL, 'A1');
INSERT INTO public.activity (id, title, description, date, note, idtypeactivity) VALUES (29, 'Field Schools', NULL, '2014-01-01', NULL, 'A1');
INSERT INTO public.activity (id, title, description, date, note, idtypeactivity) VALUES (40, 'Field Schools', NULL, '2004-01-01', NULL, 'A1');
INSERT INTO public.activity (id, title, description, date, note, idtypeactivity) VALUES (41, 'Field Schools', NULL, '2003-01-01', NULL, 'A1');
INSERT INTO public.activity (id, title, description, date, note, idtypeactivity) VALUES (42, 'Field Schools', NULL, '2002-01-01', NULL, 'A1');
INSERT INTO public.activity (id, title, description, date, note, idtypeactivity) VALUES (43, 'Field Schools', NULL, '2001-01-01', NULL, 'A1');
INSERT INTO public.activity (id, title, description, date, note, idtypeactivity) VALUES (44, 'Field Schools', NULL, '2001-01-01', NULL, 'A1');
INSERT INTO public.activity (id, title, description, date, note, idtypeactivity) VALUES (45, 'Field Schools', NULL, '2001-01-01', NULL, 'A1');
INSERT INTO public.activity (id, title, description, date, note, idtypeactivity) VALUES (46, 'Field Schools', NULL, '2000-01-01', NULL, 'A1');
INSERT INTO public.activity (id, title, description, date, note, idtypeactivity) VALUES (64, 'New Traversodontidae', 'Two new Traversodontidae from the Triassic of Madagascar: implications for paleoecology and the issue of endemic Malagasy terrestrial vertebrates in the Pre-Jurassic. (Presented in French.)', '2009-01-01', NULL, 'A2');
INSERT INTO public.activity (id, title, description, date, note, idtypeactivity) VALUES (30, 'Field Schools', NULL, '2013-01-01', NULL, 'A1');
INSERT INTO public.activity (id, title, description, date, note, idtypeactivity) VALUES (31, 'Field Schools', NULL, '2013-01-01', NULL, 'A1');
INSERT INTO public.activity (id, title, description, date, note, idtypeactivity) VALUES (32, 'Field Schools', NULL, '2012-01-01', NULL, 'A1');
INSERT INTO public.activity (id, title, description, date, note, idtypeactivity) VALUES (33, 'Field Schools', NULL, '2011-01-01', NULL, 'A1');
INSERT INTO public.activity (id, title, description, date, note, idtypeactivity) VALUES (34, 'Field Schools', NULL, '2010-01-01', NULL, 'A1');
INSERT INTO public.activity (id, title, description, date, note, idtypeactivity) VALUES (57, 'Biological inventories', 'Obtaining field data for a biological compensation program associated with a mining project. In collaboration with Ambatovy Project.', '2009-01-01', NULL, 'A1');
INSERT INTO public.activity (id, title, description, date, note, idtypeactivity) VALUES (35, 'Field Schools', NULL, '2010-01-01', NULL, 'A1');
INSERT INTO public.activity (id, title, description, date, note, idtypeactivity) VALUES (36, 'Field Schools', NULL, '2009-01-01', NULL, 'A1');
INSERT INTO public.activity (id, title, description, date, note, idtypeactivity) VALUES (37, 'Field Schools', NULL, '2008-01-01', NULL, 'A1');
INSERT INTO public.activity (id, title, description, date, note, idtypeactivity) VALUES (38, 'Field Schools', NULL, '2008-01-01', NULL, 'A1');
INSERT INTO public.activity (id, title, description, date, note, idtypeactivity) VALUES (39, 'Field Schools', NULL, '2007-01-01', NULL, 'A1');
INSERT INTO public.activity (id, title, description, date, note, idtypeactivity) VALUES (90, 'Restauration Patrimoine mondial: Forêts humides de l’Atsinanana', 'The moist evergreen moist evergreen forests of the eastern region of

Madagascar are home to an exceptional diversity of plants and animals and

these ecosystems play a fundamental role in maintaining biodiversity and

ecological processes. Their integration some years back within UNESCO’s

network of World Heritage Sites, the series of protected areas known

as “The Rainforest of the Atsinanana”, was a crucial step in supporting

efforts to preserve their Outstanding Universal Values. Unfortunately, these

ecosystems for different economic and cultural reasons are often subject to

anthropogenic pressures. The 2009 political crisis on Madagascar, a period

of near total anarchy in certain areas of the island, allowed people to rush

massively into protected areas for illegal exploitation of rosewoods, gold

panning, charcoal production, and to acquire new agricultural lands via

deforestation. The integrity of the biological diversity of The Rainforest of

the Atsinanana and their Outstanding Universal Values have been seriously

threatened. The magnitude of the situation was such that UNESCO’s

World Heritage Committee decided in 2010 to classify The Rainforest of

the Atsinanana in the World Heritage list of sites “In Danger”. The purpose

of this current project financed at the level of several million US dollars

by the Korea International Cooperation Agency (KOICA) is to rectify the

situation through several different approaches: economic development,

public education, and studies of the regional biota.

The role of Association Vahatra in the project is to examine patterns of

biotic diversity at the focal sites through biological inventories, with a focus

on change through time. Vahatra scientists and students surveyed several

of these sites some 20-25 years ago and comparisons of possible change at

the scale of several decades can be made, and if such changes have taken

place, to determine the probable causal reasons. Finally, with biodiversity

data across nearly 20+ years, it will be possible to strengthen protection of

the sites and better understanding different pressures. Another aspect is to

install a system of ecological monitoring sites and automated meteorological

stations to provide measures of climate change in the future.

In early 2021, in the context of this BIOCOM project, a Vahatra field

team, together with nine students from The University of Antsiranana and another individual working for the

protected area manager took part

in a field school and conducted an

eco-biological evaluation of the dry

forests of Montagne de Français in

the far north.

The results of this field project

have been accepted for publication

in Malagasy Nature and will appear

in 2023. Further, over the course of

nearly eight weeks in October and

November 2021, a large field team

conducted an elevational transect

of Marojejy, one of The Rainforest

of the Atsinanana sites. The survey

repeated in fine detail the transect of

1996 and across different groups of

organisms. This was a large-scale

logistic exercise, with five camps between the lowland forest and summital zone of the massif, and with

displacements of over 40 porters at a time to carry gear, supplies, and food.

The material included solar panels, a large battery, and a small refrigerator

to maintain collected samples from forest-dwelling mammals on the

massif and tie-in to the Duke University (NIH and NSF) zoonotic disease

research project mentioned above. Vahatra and colleagues are in the process

of analyzing data to understand patterns of possible change through time

and the scientific results will be available in the near future. In late 2022

the Vahatra team will redo another elevational transect in the Andohahela

protected area in the same fashion as Marojejy and part of the The Rainforest

of the Atsinanana.', '2021-01-01', NULL, 'A4');
INSERT INTO public.activity (id, title, description, date, note, idtypeactivity) VALUES (92, 'Save the rainforest sweden (Rädda Regnskog) project at Ambohitantely', 'The Réserve Spéciale d’Ambohitantely is one of the last remnant Central

Highland montane forests on the island and it is of high priority to conserve,

even though already notably fragmented. This fragile and vulnerable relict

forest is home to rich and unique biodiversity from the invertebrate to the

vertebrate fauna as well as for the flora. Since 2007, the Association Vahatra

has organized in this protected area a series of regular research missions,

field schools or forms of ecological and biological training for students, as

well as for conservation agents and managers.

Over the past decades, between the anthropogenic pressures of wild

grassland fires, some being set as acts of anarchy, which enter into the

remaining natural forest, the number of forest parcels and their surface areas

have been dramatically reduced or disappeared forever. In a collaborative

project between Association Vahatra and Madagascar National Parks, the

organization responsible for the management of the protected area, and with funding from Save the Rainforest Sweden, and in collaboration with

Johannes Bergsten, Swedish Museum of Natural History in Stockholm,

we have taken steps to try to conserve Ambohitantely and in association

with local villagers. The first critical step to conserve the forest was the

completion of a firebreak around the largest remnant parcel, a massive

activity and done 100% by hand. Between April and June 2021, just before

the bush fire season, about 19 km of firebreaks were completed and these

were installed in a manner to stop open country fire progression into the

forest.

Since 2015, scientific members of Association Vahatra with different

colleagues were solicited to conceive and design a simple and practical

guide for ecological restoration of three protected areas (Marojejy, Masoala,

and Ranomafana). To restore the ecological integrity of Ambohitantely,

a significant portion of which has been destroyed or heavily degraded by

bush fires, and several blocks will soon not be viable without intervention,

the same methods and technics have been applied as for the sites mentioned

above. An expert Malagasy Botanist in collaboration with Achille is in charge of the implementation of this challenging project. For now, we adopt

active and assisted passive restoration strategy. A plant nursery has been

established and the restoration site, that will link in a corridor fashion the

main forest and a nearby forest fragment, is already prepared with a matrix

of dug planting holes filled with compost and ready for transplantation in

early 2022.

Previous studies carried out at Ambohitantely mainly concern vertebrates

and plants, but the site includes different aquatic habitats for insects. To

advance studies on the diversity and ecology of aquatic insects, Vahatra

has engaged a post-doc student from the Entomology Department at The

University of Antananarivo to carry out biological inventories of aquatic

insects within and around the protected area. He is also in charge of the

training and mentoring of Master students working on insects at his home

institution. Two of these students are now finalizing the preparation of their

memoirs.



In Ambohitantely, there is no functional infrastructure other than rugged

camping sites for researchers, students or for other visitors. To promote

research activities and to increase the frequency of visitors, in the context of

this project, we are in the process of constructing a humble biological station

of 14 x 5 m with three rooms (kitchen, lab, and large room/dormitory for 8

persons). Construction is now well underway and 40 000 fires clay bricks,

cement, iron, etc. have been delivered to the site. The building is at the edge

of the Madagascar National Parks village complex and a short distance from

the main forest.', '2021-01-01', NULL, 'A4');
INSERT INTO public.activity (id, title, description, date, note, idtypeactivity) VALUES (89, 'Land use in the Sava region and global health challenges', 'This project is based on a grant awarded to Duke University, with Dr.

Charles Nunn as the Principal Investigator, in 2019 through the Ecology and

Evolution of Infectious Diseases (EEID) program, a joint initiative between the National Institute of Health and the National Science Foundation (NSF).

This large-scale project aims to understand the linkages between diseases

circulating in the foothills of the Marojejy Massif across a habitat mosaic

of native forest, agricultural areas, and near villages for which endemic and

introduced animals may act as reservoirs and the source of transmission.

Association Vahatra is one of the collaborating organizations focused on

field capture of bats, endemic and introduced small mammals, and collecting

the needed samples for the zoonotic disease analyses. Toky Randriamoria, a

post-doc in the context of the project, is responsible for the field sampling

and seconded by Voahangy and Steve. A new assistant, Rianja Nantenaina

Randriamifidisoa, has been engaged to reinforce the field team. Fifaliantsoa

Rasolobera, the previous field assistant, is now incorporated in the project

as a PhD student and working on small mammal ecology and distribution.

Three different field camps at the foothills of the massif, each visited during

three different seasons for sampling in a range of habitats, have solar panels

to provide the needed energy to run a refrigerator to keep samples at the required low temperatures. In association with a considerable range of

collaborators studying multiple facets of local circulating zoonotic diseases

and parasites, this research project aims to study novel methods to predict

disease spread, particularly different infectious diseases being important

human health concerns on Madagascar.

Three Vahatra students from The University of Antananarivo and one

from The University of Antsiranana are taking part in this project: Tamby

Ranaivoson (PhD student) and Fifaliantsoa Rasolobera (PhD student,

mentioned above) working on small mammal ecology and reproduction;

Daniel Falimiarintsoa (Masters student) working on bat ecology and habitat

associations on the southwestern slopes of the Marojejy Massif; and Johanna

Rafanomezanjanahary working on bat ecology and habitat associations

on the southwestern slopes of the Marojejy Massif; Daniel will present

in March 2022 and Johanna presented in March 2021. Fieldwork for this

project continues until mid-2023.', '2019-01-01', NULL, 'A4');
INSERT INTO public.activity (id, title, description, date, note, idtypeactivity) VALUES (86, 'StopRats', 'Stoprats is a multi-partner project financed by the Secretariat of the African and Caribbean Group, led by Natural Resources Institute, University of Greenwich, United Kingdom and including countries like Namibia, Madagascar, Sierra Leone, South Africa, Swaziland , Tanzania. The general objectives of the project are to build capacity in science, in technology and innovation in the management of rodent pests and to contribute to the sustainable development of Africa and Madagascar, so that these institutions could have knowledge of the main indicators of poverty through rodent impacts on agricultural production and food security systems.



Students from the Institute of Technical Science and Environment, University of Fianarantsoa, from the Animal Biology Department, University of Antananarivo, a team of environmental educators, and colleagues from the Institut Pasteur de Madagascar, provide the smooth running of the activities of this project.



In 2014, fifteen scientists from the countries members of Stoprats project were in Madagascar for the field school. Then the series of investigations were conducted in the Malagasy highplands to have knowledge about the extent of damage caused by rats and the methods used to fight against these problems. Meetings with stakeholders on the problems of rats, namely, the responsible of the agriculture, breeding and health were also conducted in Fianarantsoa. Researches on diets and habitats used by the rats and endemic rodents, by using stable isotopes have been undertaken as part of this project.', '2014-01-01', NULL, 'A4');
INSERT INTO public.activity (id, title, description, date, note, idtypeactivity) VALUES (17, 'Visit villages', 'In the immediate vicinity of the RS de Marotandrano and of the PN de Sahamalaza', '2015-01-01', NULL, 'A1');
INSERT INTO public.activity (id, title, description, date, note, idtypeactivity) VALUES (18, 'Visit villages', 'In the immediate vicinity of the RS de Marotandrano and of the PN de Sahamalaza', '2015-01-01', NULL, 'A1');
INSERT INTO public.activity (id, title, description, date, note, idtypeactivity) VALUES (93, 'Developing effective rodent control strategies to reduce disease risk in ecologically and culturally diverse rural landscapes', 'The project, named REDROZ (Reduce Rodent Zoonosis), aims at reducing

the risk from rodent-borne infections in Africa, including Madagascar, by increasing knowledge and expertise needed to develop holistic rodent

management applicable for local conditions and at the community level.

Research is designed to answer whether sustainable community-based

rodent management can reduce risks of disease transmission and improve

overall human health and wellbeing. Multidisciplinary activities conducted

in Tanzania and Madagascar, focus on three rodent-borne infections

(leptospirosis, plague, and rickettsiosis) and proceed in two stages. First,

we fill knowledge gaps, and deepening our existing collaborations with

communities and stakeholders, allowing us to co-develop rodent control that

are holistically evaluated in the second stage. We are developing a spatially

realistic modelling tool to explore likely responses of rodent populations and

rodent-borne infections to localized rodent control. Analyses of rich archived

datasets and new experimental trials are being used to parameterize models

and test output. In Madagascar, the study is carried-out in collaboration with

Institut Pasteur de Madagascar. In the first stage, we work in 12 villages

within Analavory/Miarinarivo commune (Central Highlands to the west of

Antananarivo), where villages act as replicates, experimentally determining

how rodent movements and the prevalence of rodent-borne infections

are impacted by control. We use a range of qualitative and quantitative

social science to produce a deeper understanding of community practices,

behavior, and understanding around relevant issues of health, hygiene and

pest management, and work with stakeholders from health, agriculture,

and environment spheres to understand their perceptions, policies, and

support services. In the second stage, we conduct a comparative trial in

12 intervention - non-intervention village pairs (n=24), co-developing

and trialing rodent management strategies over one year, and monitoring

changes to human practices and attitudes, rodent damage, disease within the

rodent population (i.e. leptospirosis, plague, and rickettsiosis), human health

indicators and time/financial inputs. Collaborative workshops are designed

to facilitate cross-country comparisons and high-level training to early career

researchers. A PhD student from The University of Antananarivo, Todisoa

Radovimiandrinifarany, is integrated in this project in the context of his PhD

thesis, and two students from The University of Fianarantsoa was taking part

in the fieldwork in the context of capacity building.', '2021-01-01', NULL, 'A4');
INSERT INTO public.activity (id, title, description, date, note, idtypeactivity) VALUES (19, 'Visit villages', 'In the immediate vicinity of the RS de Marotandrano and of the PN de Sahamalaza', '2015-01-01', NULL, 'A1');
INSERT INTO public.activity (id, title, description, date, note, idtypeactivity) VALUES (20, 'Visit villages', 'In the immediate vicinity of the RS de Marotandrano and of the PN de Sahamalaza', '2015-01-01', NULL, 'A1');
INSERT INTO public.activity (id, title, description, date, note, idtypeactivity) VALUES (21, 'Visit villages', 'In the immediate vicinity of the RS de Marotandrano and of the PN de Sahamalaza', '2015-01-01', NULL, 'A1');
INSERT INTO public.activity (id, title, description, date, note, idtypeactivity) VALUES (22, 'Visit villages', 'In the immediate vicinity of the RS de Marotandrano and of the PN de Sahamalaza', '2015-01-01', NULL, 'A1');
INSERT INTO public.activity (id, title, description, date, note, idtypeactivity) VALUES (23, 'Visit villages', 'In the immediate vicinity of the RS de Marotandrano and of the PN de Sahamalaza', '2015-01-01', NULL, 'A1');
INSERT INTO public.activity (id, title, description, date, note, idtypeactivity) VALUES (24, 'Visit villages', 'In the immediate vicinity of the RS de Marotandrano and of the PN de Sahamalaza', '2015-01-01', NULL, 'A1');
INSERT INTO public.activity (id, title, description, date, note, idtypeactivity) VALUES (2, 'Visit villages', 'In the immediate vicinity of PN de Marojejy and the RS d’Anjanaharibe-Sud', '2015-01-01', NULL, 'A1');
INSERT INTO public.activity (id, title, description, date, note, idtypeactivity) VALUES (3, 'Visit villages', 'In the immediate vicinity of PN de Marojejy and the RS d’Anjanaharibe-Sud', '2015-01-01', NULL, 'A1');
INSERT INTO public.activity (id, title, description, date, note, idtypeactivity) VALUES (4, 'Visit villages', 'In the immediate vicinity of PN de Marojejy and the RS d’Anjanaharibe-Sud', '2015-01-01', NULL, 'A1');
INSERT INTO public.activity (id, title, description, date, note, idtypeactivity) VALUES (12, 'Visit villages', 'In the immediate vicinity of PN de Marojejy and the RS d’Anjanaharibe-Sud', '2015-01-01', NULL, 'A1');
INSERT INTO public.activity (id, title, description, date, note, idtypeactivity) VALUES (13, 'Visit villages', 'In the immediate vicinity of PN de Marojejy and the RS d’Anjanaharibe-Sud', '2015-01-01', NULL, 'A1');
INSERT INTO public.activity (id, title, description, date, note, idtypeactivity) VALUES (14, 'Visit villages', 'In the immediate vicinity of PN de Marojejy and the RS d’Anjanaharibe-Sud', '2015-01-01', NULL, 'A1');
INSERT INTO public.activity (id, title, description, date, note, idtypeactivity) VALUES (15, 'Visit villages', 'In the immediate vicinity of the RS de Marotandrano and of the PN de Sahamalaza', '2015-01-01', NULL, 'A1');
INSERT INTO public.activity (id, title, description, date, note, idtypeactivity) VALUES (16, 'Visit villages', 'In the immediate vicinity of the RS de Marotandrano and of the PN de Sahamalaza', '2015-01-01', NULL, 'A1');
INSERT INTO public.activity (id, title, description, date, note, idtypeactivity) VALUES (1, 'Visit villages', 'In the immediate vicinity of PN de Marojejy and the RS d’Anjanaharibe-Sud : Cap Est', '2015-01-01', NULL, 'A1');
INSERT INTO public.activity (id, title, description, date, note, idtypeactivity) VALUES (25, 'Visit villages', 'In the immediate vicinity of the RS de Marotandrano and of the PN de Sahamalaza', '2015-01-01', NULL, 'A1');
INSERT INTO public.activity (id, title, description, date, note, idtypeactivity) VALUES (26, 'Visit villages', 'In the immediate vicinity of the RS de Marotandrano and of the PN de Sahamalaza', '2015-01-01', NULL, 'A1');


--
-- Data for Name: activityimage; Type: TABLE DATA; Schema: public; Owner: postgres
--

INSERT INTO public.activityimage (id, idactivity, image) VALUES (1, 52, 'mikea01.webp');
INSERT INTO public.activityimage (id, idactivity, image) VALUES (2, 53, 'nosyhara01.webp');
INSERT INTO public.activityimage (id, idactivity, image) VALUES (3, 54, 'anjozorobe01.webp');
INSERT INTO public.activityimage (id, idactivity, image) VALUES (4, 55, 'kirindymitea01.webp');
INSERT INTO public.activityimage (id, idactivity, image) VALUES (5, 56, 'midongy01.webp');
INSERT INTO public.activityimage (id, idactivity, image) VALUES (6, 57, 'ambatovy01.webp');
INSERT INTO public.activityimage (id, idactivity, image) VALUES (7, 58, 'andranomena01.webp');
INSERT INTO public.activityimage (id, idactivity, image) VALUES (8, 59, 'beanka01.webp');
INSERT INTO public.activityimage (id, idactivity, image) VALUES (9, 60, 'salaryeng.webp');
INSERT INTO public.activityimage (id, idactivity, image) VALUES (10, 61, 'bemanevika01.webp');
INSERT INTO public.activityimage (id, idactivity, image) VALUES (35, 90, 'DSC_0549.webp');
INSERT INTO public.activityimage (id, idactivity, image) VALUES (36, 90, 'DSC_0833.webp');
INSERT INTO public.activityimage (id, idactivity, image) VALUES (37, 92, 'IMG_20220815_153540_834.webp');
INSERT INTO public.activityimage (id, idactivity, image) VALUES (38, 92, 'IMG_20220818_143216_656.webp');
INSERT INTO public.activityimage (id, idactivity, image) VALUES (44, 89, 'DSC_0553.webp');
INSERT INTO public.activityimage (id, idactivity, image) VALUES (45, 89, 'DSC_2930.webp');
INSERT INTO public.activityimage (id, idactivity, image) VALUES (48, 93, 'Amena_035.webp');
INSERT INTO public.activityimage (id, idactivity, image) VALUES (50, 74, 'Grosphus-mavo.webp');
INSERT INTO public.activityimage (id, idactivity, image) VALUES (51, 77, 'Ixodes-uilenbergi.webp');
INSERT INTO public.activityimage (id, idactivity, image) VALUES (52, 75, 'Haemaphysalis-galidiae.webp');
INSERT INTO public.activityimage (id, idactivity, image) VALUES (53, 80, 'Platypelis_ranjomena_BTP.webp');
INSERT INTO public.activityimage (id, idactivity, image) VALUES (54, 81, 'Uroplatus_fangorn_MRJ_C5.webp');
INSERT INTO public.activityimage (id, idactivity, image) VALUES (55, 82, 'Uroplatus_fivehy_Mo_MRJ_C5.webp');
INSERT INTO public.activityimage (id, idactivity, image) VALUES (56, 85, 'IMG_9014.webp');
INSERT INTO public.activityimage (id, idactivity, image) VALUES (57, 85, 'DSC_7.webp');
INSERT INTO public.activityimage (id, idactivity, image) VALUES (58, 83, 'DSCN9463.webp');
INSERT INTO public.activityimage (id, idactivity, image) VALUES (61, 84, 'Picture_067.webp');
INSERT INTO public.activityimage (id, idactivity, image) VALUES (62, 84, 'Lab_054.webp');
INSERT INTO public.activityimage (id, idactivity, image) VALUES (63, 86, 'IMG_7685.webp');
INSERT INTO public.activityimage (id, idactivity, image) VALUES (70, 27, 'Tsi_003.webp');
INSERT INTO public.activityimage (id, idactivity, image) VALUES (71, 27, 'Tsi_369.webp');
INSERT INTO public.activityimage (id, idactivity, image) VALUES (72, 27, 'Tsi_405.webp');
INSERT INTO public.activityimage (id, idactivity, image) VALUES (73, 28, 'Tsim_142.webp');
INSERT INTO public.activityimage (id, idactivity, image) VALUES (74, 28, 'Tsim_243.webp');
INSERT INTO public.activityimage (id, idactivity, image) VALUES (75, 28, 'Tsimn_126.webp');
INSERT INTO public.activityimage (id, idactivity, image) VALUES (76, 29, 'Agents_avec_empaillage.webp');
INSERT INTO public.activityimage (id, idactivity, image) VALUES (77, 29, 'Beman_079.webp');
INSERT INTO public.activityimage (id, idactivity, image) VALUES (78, 30, 'DSC_0485.webp');
INSERT INTO public.activityimage (id, idactivity, image) VALUES (79, 31, 'DSC_0365.webp');
INSERT INTO public.activityimage (id, idactivity, image) VALUES (80, 32, 'DSC_0509.webp');
INSERT INTO public.activityimage (id, idactivity, image) VALUES (81, 32, 'DSC_0937.webp');
INSERT INTO public.activityimage (id, idactivity, image) VALUES (82, 33, 'Tsim_154.webp');
INSERT INTO public.activityimage (id, idactivity, image) VALUES (83, 33, 'Photos_482.webp');
INSERT INTO public.activityimage (id, idactivity, image) VALUES (84, 34, 'Lak_144.webp');
INSERT INTO public.activityimage (id, idactivity, image) VALUES (85, 34, 'Laka_077.webp');
INSERT INTO public.activityimage (id, idactivity, image) VALUES (86, 34, 'Laka_079.webp');
INSERT INTO public.activityimage (id, idactivity, image) VALUES (87, 35, 'Amena_027.webp');
INSERT INTO public.activityimage (id, idactivity, image) VALUES (88, 35, 'Amena_037.webp');
INSERT INTO public.activityimage (id, idactivity, image) VALUES (89, 35, 'Amna_363.webp');
INSERT INTO public.activityimage (id, idactivity, image) VALUES (90, 35, 'Andranomena_kids-2010.webp');
INSERT INTO public.activityimage (id, idactivity, image) VALUES (91, 36, 'Laka_081.webp');
INSERT INTO public.activityimage (id, idactivity, image) VALUES (92, 36, 'Laka_160.webp');
INSERT INTO public.activityimage (id, idactivity, image) VALUES (93, 37, 'AA_077.webp');
INSERT INTO public.activityimage (id, idactivity, image) VALUES (94, 37, 'AA_087.webp');
INSERT INTO public.activityimage (id, idactivity, image) VALUES (95, 37, 'AA_111.webp');
INSERT INTO public.activityimage (id, idactivity, image) VALUES (96, 38, 'Vahatra_d_113.webp');
INSERT INTO public.activityimage (id, idactivity, image) VALUES (97, 39, 'Field_School_Master_Ambohitantely_5.webp');
INSERT INTO public.activityimage (id, idactivity, image) VALUES (98, 40, '20190520_130444.webp');
INSERT INTO public.activityimage (id, idactivity, image) VALUES (99, 40, '20190526_101613.webp');
INSERT INTO public.activityimage (id, idactivity, image) VALUES (100, 41, 'Remplissage_des_pots_Ambohitantely_1.webp');
INSERT INTO public.activityimage (id, idactivity, image) VALUES (101, 42, 'Ts_101.webp');
INSERT INTO public.activityimage (id, idactivity, image) VALUES (102, 42, 'Ts_113.webp');
INSERT INTO public.activityimage (id, idactivity, image) VALUES (103, 47, 'M2-DBA_351.webp');
INSERT INTO public.activityimage (id, idactivity, image) VALUES (104, 47, 'mimi_016.webp');
INSERT INTO public.activityimage (id, idactivity, image) VALUES (105, 51, 'Tsiaf_028.webp');
INSERT INTO public.activityimage (id, idactivity, image) VALUES (106, 51, 'Tsiaf_227.webp');
INSERT INTO public.activityimage (id, idactivity, image) VALUES (107, 49, '02-Amb_091.webp');
INSERT INTO public.activityimage (id, idactivity, image) VALUES (108, 43, 'DSC00153.webp');
INSERT INTO public.activityimage (id, idactivity, image) VALUES (109, 43, 'DSC00155.webp');
INSERT INTO public.activityimage (id, idactivity, image) VALUES (110, 44, 'P1730746.webp');
INSERT INTO public.activityimage (id, idactivity, image) VALUES (111, 44, 'P1730747.webp');
INSERT INTO public.activityimage (id, idactivity, image) VALUES (112, 45, 'CITTES_023.webp');
INSERT INTO public.activityimage (id, idactivity, image) VALUES (113, 46, 'Vaha_023.webp');
INSERT INTO public.activityimage (id, idactivity, image) VALUES (120, 73, 'Capture2.webp');
INSERT INTO public.activityimage (id, idactivity, image) VALUES (122, 72, 'Capture.webp');
INSERT INTO public.activityimage (id, idactivity, image) VALUES (123, 71, 'Capture3.webp');
INSERT INTO public.activityimage (id, idactivity, image) VALUES (124, 69, 'g5.webp');
INSERT INTO public.activityimage (id, idactivity, image) VALUES (125, 68, 'Capture4.webp');
INSERT INTO public.activityimage (id, idactivity, image) VALUES (127, 70, 'Lounes-Chikhi.webp');
INSERT INTO public.activityimage (id, idactivity, image) VALUES (128, 66, 'Capture5.webp');
INSERT INTO public.activityimage (id, idactivity, image) VALUES (129, 67, 'Capture6.webp');
INSERT INTO public.activityimage (id, idactivity, image) VALUES (130, 65, 'rebioma.webp');
INSERT INTO public.activityimage (id, idactivity, image) VALUES (131, 64, 'pala12302-fig-0003-m.webp');
INSERT INTO public.activityimage (id, idactivity, image) VALUES (132, 63, 'Capture7.webp');
INSERT INTO public.activityimage (id, idactivity, image) VALUES (133, 62, 'DSC_0434.webp');
INSERT INTO public.activityimage (id, idactivity, image) VALUES (134, 62, 'P1730326.webp');
INSERT INTO public.activityimage (id, idactivity, image) VALUES (135, 6, 'betsiboka-river-26.webp');
INSERT INTO public.activityimage (id, idactivity, image) VALUES (137, 17, '16.webp');
INSERT INTO public.activityimage (id, idactivity, image) VALUES (138, 18, 'marotandrano.webp');
INSERT INTO public.activityimage (id, idactivity, image) VALUES (139, 19, '17.webp');
INSERT INTO public.activityimage (id, idactivity, image) VALUES (140, 20, '11.webp');
INSERT INTO public.activityimage (id, idactivity, image) VALUES (141, 21, '12.webp');
INSERT INTO public.activityimage (id, idactivity, image) VALUES (142, 22, '8.webp');
INSERT INTO public.activityimage (id, idactivity, image) VALUES (143, 23, '19.webp');
INSERT INTO public.activityimage (id, idactivity, image) VALUES (144, 24, '13.webp');
INSERT INTO public.activityimage (id, idactivity, image) VALUES (145, 2, '4.webp');
INSERT INTO public.activityimage (id, idactivity, image) VALUES (146, 3, '1.webp');
INSERT INTO public.activityimage (id, idactivity, image) VALUES (147, 4, '14.webp');
INSERT INTO public.activityimage (id, idactivity, image) VALUES (148, 12, '600px-Marotolana_Ambanja_033.webp');
INSERT INTO public.activityimage (id, idactivity, image) VALUES (149, 13, 'marovato.webp');
INSERT INTO public.activityimage (id, idactivity, image) VALUES (150, 14, 'img_8199.webp');
INSERT INTO public.activityimage (id, idactivity, image) VALUES (151, 15, '6.webp');
INSERT INTO public.activityimage (id, idactivity, image) VALUES (152, 16, '15.webp');
INSERT INTO public.activityimage (id, idactivity, image) VALUES (153, 5, 'petit-village-de-manantenina.webp');
INSERT INTO public.activityimage (id, idactivity, image) VALUES (154, 11, 'zizanie-a-betsiaka.webp');
INSERT INTO public.activityimage (id, idactivity, image) VALUES (156, 7, '18.webp');
INSERT INTO public.activityimage (id, idactivity, image) VALUES (157, 8, '7.webp');
INSERT INTO public.activityimage (id, idactivity, image) VALUES (160, 9, 'ambodivoara.webp');
INSERT INTO public.activityimage (id, idactivity, image) VALUES (161, 10, '3.webp');
INSERT INTO public.activityimage (id, idactivity, image) VALUES (162, 1, '9.webp');
INSERT INTO public.activityimage (id, idactivity, image) VALUES (163, 25, '2.webp');
INSERT INTO public.activityimage (id, idactivity, image) VALUES (164, 26, '10.webp');
INSERT INTO public.activityimage (id, idactivity, image) VALUES (165, 91, 'bat1.webp');
INSERT INTO public.activityimage (id, idactivity, image) VALUES (166, 91, 'bat2.webp');
INSERT INTO public.activityimage (id, idactivity, image) VALUES (167, 79, 'mantidactylus_ambony.webp');
INSERT INTO public.activityimage (id, idactivity, image) VALUES (168, 78, 'Ixodes-uncus.webp');
INSERT INTO public.activityimage (id, idactivity, image) VALUES (169, 87, 'ebook1.webp');
INSERT INTO public.activityimage (id, idactivity, image) VALUES (170, 87, 'ebook2.webp');
INSERT INTO public.activityimage (id, idactivity, image) VALUES (171, 87, 'ebook3.webp');
INSERT INTO public.activityimage (id, idactivity, image) VALUES (172, 88, 'indiancrowhouse.webp');


--
-- Data for Name: activityinstitution; Type: TABLE DATA; Schema: public; Owner: postgres
--

INSERT INTO public.activityinstitution (id, idactivity, idinst) VALUES (1, 29, 'I37');
INSERT INTO public.activityinstitution (id, idactivity, idinst) VALUES (2, 31, 'I37');
INSERT INTO public.activityinstitution (id, idactivity, idinst) VALUES (3, 87, 'I14');
INSERT INTO public.activityinstitution (id, idactivity, idinst) VALUES (4, 88, 'I14');
INSERT INTO public.activityinstitution (id, idactivity, idinst) VALUES (5, 88, 'I20');
INSERT INTO public.activityinstitution (id, idactivity, idinst) VALUES (6, 89, 'I21');
INSERT INTO public.activityinstitution (id, idactivity, idinst) VALUES (7, 89, 'I22');
INSERT INTO public.activityinstitution (id, idactivity, idinst) VALUES (8, 89, 'I23');
INSERT INTO public.activityinstitution (id, idactivity, idinst) VALUES (9, 90, 'I24');
INSERT INTO public.activityinstitution (id, idactivity, idinst) VALUES (10, 90, 'I25');
INSERT INTO public.activityinstitution (id, idactivity, idinst) VALUES (11, 90, 'I7');
INSERT INTO public.activityinstitution (id, idactivity, idinst) VALUES (12, 91, 'I26');
INSERT INTO public.activityinstitution (id, idactivity, idinst) VALUES (13, 91, 'I27');
INSERT INTO public.activityinstitution (id, idactivity, idinst) VALUES (14, 91, 'I28');
INSERT INTO public.activityinstitution (id, idactivity, idinst) VALUES (15, 93, 'I29');
INSERT INTO public.activityinstitution (id, idactivity, idinst) VALUES (16, 93, 'I30');


--
-- Data for Name: activityperson; Type: TABLE DATA; Schema: public; Owner: postgres
--

INSERT INTO public.activityperson (id, idactivity, idperson) VALUES (1, 63, 4);
INSERT INTO public.activityperson (id, idactivity, idperson) VALUES (2, 64, 22);
INSERT INTO public.activityperson (id, idactivity, idperson) VALUES (3, 65, 23);
INSERT INTO public.activityperson (id, idactivity, idperson) VALUES (4, 66, 24);
INSERT INTO public.activityperson (id, idactivity, idperson) VALUES (5, 67, 25);
INSERT INTO public.activityperson (id, idactivity, idperson) VALUES (6, 68, 20);
INSERT INTO public.activityperson (id, idactivity, idperson) VALUES (7, 69, 4);
INSERT INTO public.activityperson (id, idactivity, idperson) VALUES (8, 70, 25);
INSERT INTO public.activityperson (id, idactivity, idperson) VALUES (9, 71, 25);
INSERT INTO public.activityperson (id, idactivity, idperson) VALUES (10, 72, 26);
INSERT INTO public.activityperson (id, idactivity, idperson) VALUES (11, 73, 27);
INSERT INTO public.activityperson (id, idactivity, idperson) VALUES (12, 74, 48);
INSERT INTO public.activityperson (id, idactivity, idperson) VALUES (13, 74, 95);
INSERT INTO public.activityperson (id, idactivity, idperson) VALUES (14, 74, 29);
INSERT INTO public.activityperson (id, idactivity, idperson) VALUES (15, 74, 78);
INSERT INTO public.activityperson (id, idactivity, idperson) VALUES (16, 75, 79);
INSERT INTO public.activityperson (id, idactivity, idperson) VALUES (17, 75, 4);
INSERT INTO public.activityperson (id, idactivity, idperson) VALUES (18, 76, 79);
INSERT INTO public.activityperson (id, idactivity, idperson) VALUES (19, 76, 4);
INSERT INTO public.activityperson (id, idactivity, idperson) VALUES (20, 76, 3);
INSERT INTO public.activityperson (id, idactivity, idperson) VALUES (21, 77, 79);
INSERT INTO public.activityperson (id, idactivity, idperson) VALUES (22, 77, 4);
INSERT INTO public.activityperson (id, idactivity, idperson) VALUES (23, 78, 79);
INSERT INTO public.activityperson (id, idactivity, idperson) VALUES (24, 78, 4);
INSERT INTO public.activityperson (id, idactivity, idperson) VALUES (25, 79, 80);
INSERT INTO public.activityperson (id, idactivity, idperson) VALUES (26, 79, 81);
INSERT INTO public.activityperson (id, idactivity, idperson) VALUES (27, 79, 82);
INSERT INTO public.activityperson (id, idactivity, idperson) VALUES (28, 79, 83);
INSERT INTO public.activityperson (id, idactivity, idperson) VALUES (29, 79, 84);
INSERT INTO public.activityperson (id, idactivity, idperson) VALUES (30, 79, 85);
INSERT INTO public.activityperson (id, idactivity, idperson) VALUES (31, 79, 86);
INSERT INTO public.activityperson (id, idactivity, idperson) VALUES (32, 79, 87);
INSERT INTO public.activityperson (id, idactivity, idperson) VALUES (33, 79, 88);
INSERT INTO public.activityperson (id, idactivity, idperson) VALUES (34, 79, 89);
INSERT INTO public.activityperson (id, idactivity, idperson) VALUES (35, 79, 1);
INSERT INTO public.activityperson (id, idactivity, idperson) VALUES (36, 80, 88);
INSERT INTO public.activityperson (id, idactivity, idperson) VALUES (37, 80, 80);
INSERT INTO public.activityperson (id, idactivity, idperson) VALUES (38, 80, 84);
INSERT INTO public.activityperson (id, idactivity, idperson) VALUES (39, 80, 1);
INSERT INTO public.activityperson (id, idactivity, idperson) VALUES (40, 80, 90);
INSERT INTO public.activityperson (id, idactivity, idperson) VALUES (41, 80, 1);
INSERT INTO public.activityperson (id, idactivity, idperson) VALUES (42, 80, 91);
INSERT INTO public.activityperson (id, idactivity, idperson) VALUES (43, 80, 82);
INSERT INTO public.activityperson (id, idactivity, idperson) VALUES (44, 80, 89);
INSERT INTO public.activityperson (id, idactivity, idperson) VALUES (45, 81, 92);
INSERT INTO public.activityperson (id, idactivity, idperson) VALUES (46, 81, 93);
INSERT INTO public.activityperson (id, idactivity, idperson) VALUES (47, 81, 94);
INSERT INTO public.activityperson (id, idactivity, idperson) VALUES (48, 81, 88);
INSERT INTO public.activityperson (id, idactivity, idperson) VALUES (49, 81, 1);
INSERT INTO public.activityperson (id, idactivity, idperson) VALUES (50, 81, 84);
INSERT INTO public.activityperson (id, idactivity, idperson) VALUES (51, 81, 89);
INSERT INTO public.activityperson (id, idactivity, idperson) VALUES (52, 81, 80);
INSERT INTO public.activityperson (id, idactivity, idperson) VALUES (53, 82, 92);
INSERT INTO public.activityperson (id, idactivity, idperson) VALUES (54, 82, 93);
INSERT INTO public.activityperson (id, idactivity, idperson) VALUES (55, 82, 94);
INSERT INTO public.activityperson (id, idactivity, idperson) VALUES (56, 82, 88);
INSERT INTO public.activityperson (id, idactivity, idperson) VALUES (57, 82, 1);
INSERT INTO public.activityperson (id, idactivity, idperson) VALUES (58, 82, 84);
INSERT INTO public.activityperson (id, idactivity, idperson) VALUES (59, 82, 89);
INSERT INTO public.activityperson (id, idactivity, idperson) VALUES (60, 82, 80);


--
-- Data for Name: administrator; Type: TABLE DATA; Schema: public; Owner: postgres
--

INSERT INTO public.administrator (id, username, mail, password) VALUES ('ADM1', 'Vahatra', 'rotsyvonimanitra@hotmail.com', 'pbkdf2_sha256$320000$mJXSsBH7OkNLznzIECUbDG$paGjnBWxKZg7f+9gdbIDAdMtGelgnaGA+/yzI/VOGGE=');


--
-- Data for Name: auth_group; Type: TABLE DATA; Schema: public; Owner: postgres
--



--
-- Data for Name: auth_group_permissions; Type: TABLE DATA; Schema: public; Owner: postgres
--



--
-- Data for Name: auth_permission; Type: TABLE DATA; Schema: public; Owner: postgres
--

INSERT INTO public.auth_permission (id, name, content_type_id, codename) VALUES (1, 'Can add permission', 2, 'add_permission');
INSERT INTO public.auth_permission (id, name, content_type_id, codename) VALUES (2, 'Can change permission', 2, 'change_permission');
INSERT INTO public.auth_permission (id, name, content_type_id, codename) VALUES (3, 'Can delete permission', 2, 'delete_permission');
INSERT INTO public.auth_permission (id, name, content_type_id, codename) VALUES (4, 'Can view permission', 2, 'view_permission');
INSERT INTO public.auth_permission (id, name, content_type_id, codename) VALUES (5, 'Can add group', 3, 'add_group');
INSERT INTO public.auth_permission (id, name, content_type_id, codename) VALUES (6, 'Can change group', 3, 'change_group');
INSERT INTO public.auth_permission (id, name, content_type_id, codename) VALUES (7, 'Can delete group', 3, 'delete_group');
INSERT INTO public.auth_permission (id, name, content_type_id, codename) VALUES (8, 'Can view group', 3, 'view_group');
INSERT INTO public.auth_permission (id, name, content_type_id, codename) VALUES (9, 'Can add user', 4, 'add_user');
INSERT INTO public.auth_permission (id, name, content_type_id, codename) VALUES (10, 'Can change user', 4, 'change_user');
INSERT INTO public.auth_permission (id, name, content_type_id, codename) VALUES (11, 'Can delete user', 4, 'delete_user');
INSERT INTO public.auth_permission (id, name, content_type_id, codename) VALUES (12, 'Can view user', 4, 'view_user');
INSERT INTO public.auth_permission (id, name, content_type_id, codename) VALUES (13, 'Can add content type', 5, 'add_contenttype');
INSERT INTO public.auth_permission (id, name, content_type_id, codename) VALUES (14, 'Can change content type', 5, 'change_contenttype');
INSERT INTO public.auth_permission (id, name, content_type_id, codename) VALUES (15, 'Can delete content type', 5, 'delete_contenttype');
INSERT INTO public.auth_permission (id, name, content_type_id, codename) VALUES (16, 'Can view content type', 5, 'view_contenttype');
INSERT INTO public.auth_permission (id, name, content_type_id, codename) VALUES (17, 'Can add session', 6, 'add_session');
INSERT INTO public.auth_permission (id, name, content_type_id, codename) VALUES (18, 'Can change session', 6, 'change_session');
INSERT INTO public.auth_permission (id, name, content_type_id, codename) VALUES (19, 'Can delete session', 6, 'delete_session');
INSERT INTO public.auth_permission (id, name, content_type_id, codename) VALUES (20, 'Can view session', 6, 'view_session');
INSERT INTO public.auth_permission (id, name, content_type_id, codename) VALUES (21, 'Can add department', 9, 'add_department');
INSERT INTO public.auth_permission (id, name, content_type_id, codename) VALUES (22, 'Can change department', 9, 'change_department');
INSERT INTO public.auth_permission (id, name, content_type_id, codename) VALUES (23, 'Can delete department', 9, 'delete_department');
INSERT INTO public.auth_permission (id, name, content_type_id, codename) VALUES (24, 'Can view department', 9, 'view_department');
INSERT INTO public.auth_permission (id, name, content_type_id, codename) VALUES (25, 'Can add imagetype', 10, 'add_imagetype');
INSERT INTO public.auth_permission (id, name, content_type_id, codename) VALUES (26, 'Can change imagetype', 10, 'change_imagetype');
INSERT INTO public.auth_permission (id, name, content_type_id, codename) VALUES (27, 'Can delete imagetype', 10, 'delete_imagetype');
INSERT INTO public.auth_permission (id, name, content_type_id, codename) VALUES (28, 'Can view imagetype', 10, 'view_imagetype');
INSERT INTO public.auth_permission (id, name, content_type_id, codename) VALUES (29, 'Can add institution', 11, 'add_institution');
INSERT INTO public.auth_permission (id, name, content_type_id, codename) VALUES (30, 'Can change institution', 11, 'change_institution');
INSERT INTO public.auth_permission (id, name, content_type_id, codename) VALUES (31, 'Can delete institution', 11, 'delete_institution');
INSERT INTO public.auth_permission (id, name, content_type_id, codename) VALUES (32, 'Can view institution', 11, 'view_institution');
INSERT INTO public.auth_permission (id, name, content_type_id, codename) VALUES (33, 'Can add member', 12, 'add_member');
INSERT INTO public.auth_permission (id, name, content_type_id, codename) VALUES (34, 'Can change member', 12, 'change_member');
INSERT INTO public.auth_permission (id, name, content_type_id, codename) VALUES (35, 'Can delete member', 12, 'delete_member');
INSERT INTO public.auth_permission (id, name, content_type_id, codename) VALUES (36, 'Can view member', 12, 'view_member');
INSERT INTO public.auth_permission (id, name, content_type_id, codename) VALUES (37, 'Can add person', 13, 'add_person');
INSERT INTO public.auth_permission (id, name, content_type_id, codename) VALUES (38, 'Can change person', 13, 'change_person');
INSERT INTO public.auth_permission (id, name, content_type_id, codename) VALUES (39, 'Can delete person', 13, 'delete_person');
INSERT INTO public.auth_permission (id, name, content_type_id, codename) VALUES (40, 'Can view person', 13, 'view_person');
INSERT INTO public.auth_permission (id, name, content_type_id, codename) VALUES (41, 'Can add post', 14, 'add_post');
INSERT INTO public.auth_permission (id, name, content_type_id, codename) VALUES (42, 'Can change post', 14, 'change_post');
INSERT INTO public.auth_permission (id, name, content_type_id, codename) VALUES (43, 'Can delete post', 14, 'delete_post');
INSERT INTO public.auth_permission (id, name, content_type_id, codename) VALUES (44, 'Can view post', 14, 'view_post');
INSERT INTO public.auth_permission (id, name, content_type_id, codename) VALUES (45, 'Can add typemember', 15, 'add_typemember');
INSERT INTO public.auth_permission (id, name, content_type_id, codename) VALUES (46, 'Can change typemember', 15, 'change_typemember');
INSERT INTO public.auth_permission (id, name, content_type_id, codename) VALUES (47, 'Can delete typemember', 15, 'delete_typemember');
INSERT INTO public.auth_permission (id, name, content_type_id, codename) VALUES (48, 'Can view typemember', 15, 'view_typemember');
INSERT INTO public.auth_permission (id, name, content_type_id, codename) VALUES (49, 'Can add partner', 17, 'add_partner');
INSERT INTO public.auth_permission (id, name, content_type_id, codename) VALUES (50, 'Can change partner', 17, 'change_partner');
INSERT INTO public.auth_permission (id, name, content_type_id, codename) VALUES (51, 'Can delete partner', 17, 'delete_partner');
INSERT INTO public.auth_permission (id, name, content_type_id, codename) VALUES (52, 'Can view partner', 17, 'view_partner');
INSERT INTO public.auth_permission (id, name, content_type_id, codename) VALUES (53, 'Can add messageofyear', 18, 'add_messageofyear');
INSERT INTO public.auth_permission (id, name, content_type_id, codename) VALUES (54, 'Can change messageofyear', 18, 'change_messageofyear');
INSERT INTO public.auth_permission (id, name, content_type_id, codename) VALUES (55, 'Can delete messageofyear', 18, 'delete_messageofyear');
INSERT INTO public.auth_permission (id, name, content_type_id, codename) VALUES (56, 'Can view messageofyear', 18, 'view_messageofyear');
INSERT INTO public.auth_permission (id, name, content_type_id, codename) VALUES (57, 'Can add memberpostinst', 19, 'add_memberpostinst');
INSERT INTO public.auth_permission (id, name, content_type_id, codename) VALUES (58, 'Can change memberpostinst', 19, 'change_memberpostinst');
INSERT INTO public.auth_permission (id, name, content_type_id, codename) VALUES (59, 'Can delete memberpostinst', 19, 'delete_memberpostinst');
INSERT INTO public.auth_permission (id, name, content_type_id, codename) VALUES (60, 'Can view memberpostinst', 19, 'view_memberpostinst');
INSERT INTO public.auth_permission (id, name, content_type_id, codename) VALUES (61, 'Can add image', 20, 'add_image');
INSERT INTO public.auth_permission (id, name, content_type_id, codename) VALUES (62, 'Can change image', 20, 'change_image');
INSERT INTO public.auth_permission (id, name, content_type_id, codename) VALUES (63, 'Can delete image', 20, 'delete_image');
INSERT INTO public.auth_permission (id, name, content_type_id, codename) VALUES (64, 'Can view image', 20, 'view_image');
INSERT INTO public.auth_permission (id, name, content_type_id, codename) VALUES (65, 'Can add intervenantfieldschool', 21, 'add_intervenantfieldschool');
INSERT INTO public.auth_permission (id, name, content_type_id, codename) VALUES (66, 'Can change intervenantfieldschool', 21, 'change_intervenantfieldschool');
INSERT INTO public.auth_permission (id, name, content_type_id, codename) VALUES (67, 'Can delete intervenantfieldschool', 21, 'delete_intervenantfieldschool');
INSERT INTO public.auth_permission (id, name, content_type_id, codename) VALUES (68, 'Can view intervenantfieldschool', 21, 'view_intervenantfieldschool');
INSERT INTO public.auth_permission (id, name, content_type_id, codename) VALUES (69, 'Can add activity', 22, 'add_activity');
INSERT INTO public.auth_permission (id, name, content_type_id, codename) VALUES (70, 'Can change activity', 22, 'change_activity');
INSERT INTO public.auth_permission (id, name, content_type_id, codename) VALUES (71, 'Can delete activity', 22, 'delete_activity');
INSERT INTO public.auth_permission (id, name, content_type_id, codename) VALUES (72, 'Can view activity', 22, 'view_activity');
INSERT INTO public.auth_permission (id, name, content_type_id, codename) VALUES (73, 'Can add location', 23, 'add_location');
INSERT INTO public.auth_permission (id, name, content_type_id, codename) VALUES (74, 'Can change location', 23, 'change_location');
INSERT INTO public.auth_permission (id, name, content_type_id, codename) VALUES (75, 'Can delete location', 23, 'delete_location');
INSERT INTO public.auth_permission (id, name, content_type_id, codename) VALUES (76, 'Can view location', 23, 'view_location');
INSERT INTO public.auth_permission (id, name, content_type_id, codename) VALUES (77, 'Can add typeactivity', 24, 'add_typeactivity');
INSERT INTO public.auth_permission (id, name, content_type_id, codename) VALUES (78, 'Can change typeactivity', 24, 'change_typeactivity');
INSERT INTO public.auth_permission (id, name, content_type_id, codename) VALUES (79, 'Can delete typeactivity', 24, 'delete_typeactivity');
INSERT INTO public.auth_permission (id, name, content_type_id, codename) VALUES (80, 'Can view typeactivity', 24, 'view_typeactivity');
INSERT INTO public.auth_permission (id, name, content_type_id, codename) VALUES (81, 'Can add typesubactivity', 25, 'add_typesubactivity');
INSERT INTO public.auth_permission (id, name, content_type_id, codename) VALUES (82, 'Can change typesubactivity', 25, 'change_typesubactivity');
INSERT INTO public.auth_permission (id, name, content_type_id, codename) VALUES (83, 'Can delete typesubactivity', 25, 'delete_typesubactivity');
INSERT INTO public.auth_permission (id, name, content_type_id, codename) VALUES (84, 'Can view typesubactivity', 25, 'view_typesubactivity');
INSERT INTO public.auth_permission (id, name, content_type_id, codename) VALUES (85, 'Can add visit', 26, 'add_visit');
INSERT INTO public.auth_permission (id, name, content_type_id, codename) VALUES (86, 'Can change visit', 26, 'change_visit');
INSERT INTO public.auth_permission (id, name, content_type_id, codename) VALUES (87, 'Can delete visit', 26, 'delete_visit');
INSERT INTO public.auth_permission (id, name, content_type_id, codename) VALUES (88, 'Can view visit', 26, 'view_visit');
INSERT INTO public.auth_permission (id, name, content_type_id, codename) VALUES (89, 'Can add fieldschool', 27, 'add_fieldschool');
INSERT INTO public.auth_permission (id, name, content_type_id, codename) VALUES (90, 'Can change fieldschool', 27, 'change_fieldschool');
INSERT INTO public.auth_permission (id, name, content_type_id, codename) VALUES (91, 'Can delete fieldschool', 27, 'delete_fieldschool');
INSERT INTO public.auth_permission (id, name, content_type_id, codename) VALUES (92, 'Can view fieldschool', 27, 'view_fieldschool');
INSERT INTO public.auth_permission (id, name, content_type_id, codename) VALUES (93, 'Can add activityperson', 28, 'add_activityperson');
INSERT INTO public.auth_permission (id, name, content_type_id, codename) VALUES (94, 'Can change activityperson', 28, 'change_activityperson');
INSERT INTO public.auth_permission (id, name, content_type_id, codename) VALUES (95, 'Can delete activityperson', 28, 'delete_activityperson');
INSERT INTO public.auth_permission (id, name, content_type_id, codename) VALUES (96, 'Can view activityperson', 28, 'view_activityperson');
INSERT INTO public.auth_permission (id, name, content_type_id, codename) VALUES (97, 'Can add activityinstitution', 29, 'add_activityinstitution');
INSERT INTO public.auth_permission (id, name, content_type_id, codename) VALUES (98, 'Can change activityinstitution', 29, 'change_activityinstitution');
INSERT INTO public.auth_permission (id, name, content_type_id, codename) VALUES (99, 'Can delete activityinstitution', 29, 'delete_activityinstitution');
INSERT INTO public.auth_permission (id, name, content_type_id, codename) VALUES (100, 'Can view activityinstitution', 29, 'view_activityinstitution');
INSERT INTO public.auth_permission (id, name, content_type_id, codename) VALUES (101, 'Can add activityimage', 30, 'add_activityimage');
INSERT INTO public.auth_permission (id, name, content_type_id, codename) VALUES (102, 'Can change activityimage', 30, 'change_activityimage');
INSERT INTO public.auth_permission (id, name, content_type_id, codename) VALUES (103, 'Can delete activityimage', 30, 'delete_activityimage');
INSERT INTO public.auth_permission (id, name, content_type_id, codename) VALUES (104, 'Can view activityimage', 30, 'view_activityimage');
INSERT INTO public.auth_permission (id, name, content_type_id, codename) VALUES (105, 'Can add publication', 31, 'add_publication');
INSERT INTO public.auth_permission (id, name, content_type_id, codename) VALUES (106, 'Can change publication', 31, 'change_publication');
INSERT INTO public.auth_permission (id, name, content_type_id, codename) VALUES (107, 'Can delete publication', 31, 'delete_publication');
INSERT INTO public.auth_permission (id, name, content_type_id, codename) VALUES (108, 'Can view publication', 31, 'view_publication');
INSERT INTO public.auth_permission (id, name, content_type_id, codename) VALUES (109, 'Can add typepublication', 32, 'add_typepublication');
INSERT INTO public.auth_permission (id, name, content_type_id, codename) VALUES (110, 'Can change typepublication', 32, 'change_typepublication');
INSERT INTO public.auth_permission (id, name, content_type_id, codename) VALUES (111, 'Can delete typepublication', 32, 'delete_typepublication');
INSERT INTO public.auth_permission (id, name, content_type_id, codename) VALUES (112, 'Can view typepublication', 32, 'view_typepublication');
INSERT INTO public.auth_permission (id, name, content_type_id, codename) VALUES (113, 'Can add publicationdetail', 33, 'add_publicationdetail');
INSERT INTO public.auth_permission (id, name, content_type_id, codename) VALUES (114, 'Can change publicationdetail', 33, 'change_publicationdetail');
INSERT INTO public.auth_permission (id, name, content_type_id, codename) VALUES (115, 'Can delete publicationdetail', 33, 'delete_publicationdetail');
INSERT INTO public.auth_permission (id, name, content_type_id, codename) VALUES (116, 'Can view publicationdetail', 33, 'view_publicationdetail');
INSERT INTO public.auth_permission (id, name, content_type_id, codename) VALUES (117, 'Can add publicationauthor', 34, 'add_publicationauthor');
INSERT INTO public.auth_permission (id, name, content_type_id, codename) VALUES (118, 'Can change publicationauthor', 34, 'change_publicationauthor');
INSERT INTO public.auth_permission (id, name, content_type_id, codename) VALUES (119, 'Can delete publicationauthor', 34, 'delete_publicationauthor');
INSERT INTO public.auth_permission (id, name, content_type_id, codename) VALUES (120, 'Can view publicationauthor', 34, 'view_publicationauthor');
INSERT INTO public.auth_permission (id, name, content_type_id, codename) VALUES (121, 'Can add administrator', 35, 'add_administrator');
INSERT INTO public.auth_permission (id, name, content_type_id, codename) VALUES (122, 'Can change administrator', 35, 'change_administrator');
INSERT INTO public.auth_permission (id, name, content_type_id, codename) VALUES (123, 'Can delete administrator', 35, 'delete_administrator');
INSERT INTO public.auth_permission (id, name, content_type_id, codename) VALUES (124, 'Can view administrator', 35, 'view_administrator');
INSERT INTO public.auth_permission (id, name, content_type_id, codename) VALUES (125, 'Can add sequence', 36, 'add_sequence');
INSERT INTO public.auth_permission (id, name, content_type_id, codename) VALUES (126, 'Can change sequence', 36, 'change_sequence');
INSERT INTO public.auth_permission (id, name, content_type_id, codename) VALUES (127, 'Can delete sequence', 36, 'delete_sequence');
INSERT INTO public.auth_permission (id, name, content_type_id, codename) VALUES (128, 'Can view sequence', 36, 'view_sequence');
INSERT INTO public.auth_permission (id, name, content_type_id, codename) VALUES (129, 'Can add web p image', 38, 'add_webpimage');
INSERT INTO public.auth_permission (id, name, content_type_id, codename) VALUES (130, 'Can change web p image', 38, 'change_webpimage');
INSERT INTO public.auth_permission (id, name, content_type_id, codename) VALUES (131, 'Can delete web p image', 38, 'delete_webpimage');
INSERT INTO public.auth_permission (id, name, content_type_id, codename) VALUES (132, 'Can view web p image', 38, 'view_webpimage');


--
-- Data for Name: auth_user; Type: TABLE DATA; Schema: public; Owner: postgres
--

INSERT INTO public.auth_user (id, password, last_login, is_superuser, username, first_name, last_name, email, is_staff, is_active, date_joined) VALUES (1, 'pbkdf2_sha256$320000$RSLXVPb41yuOI4DZ10NyZx$ih4QfDBLlsw9AnvzyAMsEaMoEgvVmnWnVPhRR6LOHtY=', '2022-10-11 09:39:15.741305-01', true, 'Vahatra', '', '', 'rotsyvonimanitra@hotmail.com', true, true, '2022-09-29 10:57:53.533944-01');


--
-- Data for Name: auth_user_groups; Type: TABLE DATA; Schema: public; Owner: postgres
--



--
-- Data for Name: auth_user_user_permissions; Type: TABLE DATA; Schema: public; Owner: postgres
--



--
-- Data for Name: department; Type: TABLE DATA; Schema: public; Owner: postgres
--

INSERT INTO public.department (id, name) VALUES ('D1', 'Department of Animal Biology');
INSERT INTO public.department (id, name) VALUES ('D2', 'Department of Water and Forests');
INSERT INTO public.department (id, name) VALUES ('D3', 'Tierökologie und Naturschutz');
INSERT INTO public.department (id, name) VALUES ('D4', 'Biological Science Department');
INSERT INTO public.department (id, name) VALUES ('D5', 'Institut des Sciences et Techniques de l’Environnement (ISTE)');
INSERT INTO public.department (id, name) VALUES ('D6', 'School of Agronomy, Forest Department');


--
-- Data for Name: django_content_type; Type: TABLE DATA; Schema: public; Owner: postgres
--

INSERT INTO public.django_content_type (id, app_label, model) VALUES (1, 'admin', 'logentry');
INSERT INTO public.django_content_type (id, app_label, model) VALUES (2, 'auth', 'permission');
INSERT INTO public.django_content_type (id, app_label, model) VALUES (3, 'auth', 'group');
INSERT INTO public.django_content_type (id, app_label, model) VALUES (4, 'auth', 'user');
INSERT INTO public.django_content_type (id, app_label, model) VALUES (5, 'contenttypes', 'contenttype');
INSERT INTO public.django_content_type (id, app_label, model) VALUES (6, 'sessions', 'session');
INSERT INTO public.django_content_type (id, app_label, model) VALUES (7, 'association', 'memberviewposts');
INSERT INTO public.django_content_type (id, app_label, model) VALUES (8, 'association', 'degree');
INSERT INTO public.django_content_type (id, app_label, model) VALUES (9, 'association', 'department');
INSERT INTO public.django_content_type (id, app_label, model) VALUES (10, 'association', 'imagetype');
INSERT INTO public.django_content_type (id, app_label, model) VALUES (11, 'association', 'institution');
INSERT INTO public.django_content_type (id, app_label, model) VALUES (12, 'association', 'member');
INSERT INTO public.django_content_type (id, app_label, model) VALUES (13, 'association', 'person');
INSERT INTO public.django_content_type (id, app_label, model) VALUES (14, 'association', 'post');
INSERT INTO public.django_content_type (id, app_label, model) VALUES (15, 'association', 'typemember');
INSERT INTO public.django_content_type (id, app_label, model) VALUES (16, 'association', 'studentdegree');
INSERT INTO public.django_content_type (id, app_label, model) VALUES (17, 'association', 'partner');
INSERT INTO public.django_content_type (id, app_label, model) VALUES (18, 'association', 'messageofyear');
INSERT INTO public.django_content_type (id, app_label, model) VALUES (19, 'association', 'memberpostinst');
INSERT INTO public.django_content_type (id, app_label, model) VALUES (20, 'association', 'image');
INSERT INTO public.django_content_type (id, app_label, model) VALUES (21, 'activities', 'intervenantfieldschool');
INSERT INTO public.django_content_type (id, app_label, model) VALUES (22, 'activities', 'activity');
INSERT INTO public.django_content_type (id, app_label, model) VALUES (23, 'activities', 'location');
INSERT INTO public.django_content_type (id, app_label, model) VALUES (24, 'activities', 'typeactivity');
INSERT INTO public.django_content_type (id, app_label, model) VALUES (25, 'activities', 'typesubactivity');
INSERT INTO public.django_content_type (id, app_label, model) VALUES (26, 'activities', 'visit');
INSERT INTO public.django_content_type (id, app_label, model) VALUES (27, 'activities', 'fieldschool');
INSERT INTO public.django_content_type (id, app_label, model) VALUES (28, 'activities', 'activityperson');
INSERT INTO public.django_content_type (id, app_label, model) VALUES (29, 'activities', 'activityinstitution');
INSERT INTO public.django_content_type (id, app_label, model) VALUES (30, 'activities', 'activityimage');
INSERT INTO public.django_content_type (id, app_label, model) VALUES (31, 'publications', 'publication');
INSERT INTO public.django_content_type (id, app_label, model) VALUES (32, 'publications', 'typepublication');
INSERT INTO public.django_content_type (id, app_label, model) VALUES (33, 'publications', 'publicationdetail');
INSERT INTO public.django_content_type (id, app_label, model) VALUES (34, 'publications', 'publicationauthor');
INSERT INTO public.django_content_type (id, app_label, model) VALUES (35, 'admin', 'administrator');
INSERT INTO public.django_content_type (id, app_label, model) VALUES (36, 'sequences', 'sequence');
INSERT INTO public.django_content_type (id, app_label, model) VALUES (37, 'association', 'link');
INSERT INTO public.django_content_type (id, app_label, model) VALUES (38, 'webp_converter', 'webpimage');


--
-- Data for Name: django_migrations; Type: TABLE DATA; Schema: public; Owner: postgres
--

INSERT INTO public.django_migrations (id, app, name, applied) VALUES (1, 'association', '0001_initial', '2022-08-29 07:11:05.733637-01');
INSERT INTO public.django_migrations (id, app, name, applied) VALUES (2, 'activities', '0001_initial', '2022-08-29 07:11:07.790085-01');
INSERT INTO public.django_migrations (id, app, name, applied) VALUES (3, 'contenttypes', '0001_initial', '2022-08-29 07:11:08.071015-01');
INSERT INTO public.django_migrations (id, app, name, applied) VALUES (6, 'admin', '0002_logentry_remove_auto_add', '2022-08-29 07:11:10.762635-01');
INSERT INTO public.django_migrations (id, app, name, applied) VALUES (7, 'admin', '0003_logentry_add_action_flag_choices', '2022-08-29 07:11:10.777851-01');
INSERT INTO public.django_migrations (id, app, name, applied) VALUES (8, 'contenttypes', '0002_remove_content_type_name', '2022-08-29 07:11:10.812318-01');
INSERT INTO public.django_migrations (id, app, name, applied) VALUES (20, 'publications', '0001_initial', '2022-08-29 07:11:12.113767-01');
INSERT INTO public.django_migrations (id, app, name, applied) VALUES (21, 'sessions', '0001_initial', '2022-08-29 07:11:12.375259-01');
INSERT INTO public.django_migrations (id, app, name, applied) VALUES (22, 'activities', '0002_alter_activityimage_options', '2022-08-30 08:01:23.17467-01');
INSERT INTO public.django_migrations (id, app, name, applied) VALUES (23, 'association', '0002_degree_post_alter_imagetype_options_studentdegree_and_more', '2022-08-30 08:01:23.181111-01');
INSERT INTO public.django_migrations (id, app, name, applied) VALUES (24, 'publications', '0002_alter_publicationauthor_options_and_more', '2022-08-30 08:01:23.1861-01');
INSERT INTO public.django_migrations (id, app, name, applied) VALUES (25, 'admin', '0001_initial', '2022-08-31 07:57:04.766265-01');
INSERT INTO public.django_migrations (id, app, name, applied) VALUES (26, 'admin', '0002_alter_administrator_username', '2022-08-31 10:48:16.994362-01');
INSERT INTO public.django_migrations (id, app, name, applied) VALUES (27, 'sequences', '0001_initial', '2022-09-05 06:55:00.573623-01');
INSERT INTO public.django_migrations (id, app, name, applied) VALUES (28, 'sequences', '0002_alter_sequence_last', '2022-09-05 06:55:00.835734-01');
INSERT INTO public.django_migrations (id, app, name, applied) VALUES (29, 'activities', '0002_remove_activityimage_idimage_activityimage_image', '2022-09-05 10:11:40.730795-01');
INSERT INTO public.django_migrations (id, app, name, applied) VALUES (30, 'association', '0002_remove_member_idimage_member_image', '2022-09-05 10:11:40.753094-01');
INSERT INTO public.django_migrations (id, app, name, applied) VALUES (31, 'publications', '0002_remove_publication_idimageback_and_more', '2022-09-05 10:11:40.835872-01');
INSERT INTO public.django_migrations (id, app, name, applied) VALUES (32, 'activities', '0003_alter_activityimage_idactivity_and_more', '2022-09-22 13:01:50.531046-01');
INSERT INTO public.django_migrations (id, app, name, applied) VALUES (33, 'association', '0003_alter_image_idtype_alter_member_idperson_and_more', '2022-09-22 13:01:50.683102-01');
INSERT INTO public.django_migrations (id, app, name, applied) VALUES (34, 'publications', '0003_alter_publication_idtype_and_more', '2022-09-22 13:01:50.736179-01');
INSERT INTO public.django_migrations (id, app, name, applied) VALUES (35, 'association', '0004_delete_memberviewposts', '2022-09-22 13:02:21.593805-01');
INSERT INTO public.django_migrations (id, app, name, applied) VALUES (36, 'association', '0005_remove_studentdegree_iddegree_and_more', '2022-09-23 07:00:35.575703-01');
INSERT INTO public.django_migrations (id, app, name, applied) VALUES (37, 'association', '0006_link', '2022-09-23 10:30:08.523975-01');
INSERT INTO public.django_migrations (id, app, name, applied) VALUES (38, 'association', '0007_delete_link', '2022-09-23 10:34:10.626935-01');
INSERT INTO public.django_migrations (id, app, name, applied) VALUES (39, 'association', '0008_partner_islink', '2022-09-23 10:36:43.683195-01');
INSERT INTO public.django_migrations (id, app, name, applied) VALUES (40, 'association', '0009_typemember_image', '2022-09-27 12:15:56.936242-01');
INSERT INTO public.django_migrations (id, app, name, applied) VALUES (41, 'auth', '0001_initial', '2022-09-29 10:56:59.84501-01');
INSERT INTO public.django_migrations (id, app, name, applied) VALUES (42, 'auth', '0002_alter_permission_name_max_length', '2022-09-29 10:56:59.867947-01');
INSERT INTO public.django_migrations (id, app, name, applied) VALUES (43, 'auth', '0003_alter_user_email_max_length', '2022-09-29 10:56:59.877961-01');
INSERT INTO public.django_migrations (id, app, name, applied) VALUES (44, 'auth', '0004_alter_user_username_opts', '2022-09-29 10:56:59.889948-01');
INSERT INTO public.django_migrations (id, app, name, applied) VALUES (45, 'auth', '0005_alter_user_last_login_null', '2022-09-29 10:56:59.899958-01');
INSERT INTO public.django_migrations (id, app, name, applied) VALUES (46, 'auth', '0006_require_contenttypes_0002', '2022-09-29 10:56:59.903946-01');
INSERT INTO public.django_migrations (id, app, name, applied) VALUES (47, 'auth', '0007_alter_validators_add_error_messages', '2022-09-29 10:56:59.914882-01');
INSERT INTO public.django_migrations (id, app, name, applied) VALUES (48, 'auth', '0008_alter_user_username_max_length', '2022-09-29 10:57:00.001503-01');
INSERT INTO public.django_migrations (id, app, name, applied) VALUES (49, 'auth', '0009_alter_user_last_name_max_length', '2022-09-29 10:57:00.050651-01');
INSERT INTO public.django_migrations (id, app, name, applied) VALUES (50, 'auth', '0010_alter_group_name_max_length', '2022-09-29 10:57:00.071594-01');
INSERT INTO public.django_migrations (id, app, name, applied) VALUES (51, 'auth', '0011_update_proxy_permissions', '2022-09-29 10:57:00.098522-01');
INSERT INTO public.django_migrations (id, app, name, applied) VALUES (52, 'auth', '0012_alter_user_first_name_max_length', '2022-09-29 10:57:00.112485-01');
INSERT INTO public.django_migrations (id, app, name, applied) VALUES (53, 'association', '0010_alter_typemember_type', '2022-10-05 09:20:45.117279-01');
INSERT INTO public.django_migrations (id, app, name, applied) VALUES (54, 'activities', '0004_alter_typeactivity_type_alter_typesubactivity_type', '2022-10-11 09:55:02.257935-01');
INSERT INTO public.django_migrations (id, app, name, applied) VALUES (55, 'publications', '0004_alter_typepublication_type', '2022-10-11 09:55:02.4383-01');
INSERT INTO public.django_migrations (id, app, name, applied) VALUES (56, 'webp_converter', '0001_initial', '2022-10-11 09:55:02.695637-01');
INSERT INTO public.django_migrations (id, app, name, applied) VALUES (57, 'webp_converter', '0002_auto_20191202_1616', '2022-10-11 09:55:02.728547-01');
INSERT INTO public.django_migrations (id, app, name, applied) VALUES (58, 'webp_converter', '0003_auto_20191202_1621', '2022-10-11 09:55:02.735101-01');
INSERT INTO public.django_migrations (id, app, name, applied) VALUES (59, 'webp_converter', '0004_alter_webpimage_id', '2022-10-11 09:55:02.969952-01');


--
-- Data for Name: django_session; Type: TABLE DATA; Schema: public; Owner: postgres
--

INSERT INTO public.django_session (session_key, session_data, expire_date) VALUES ('98lr81pgskovs0s2yzg9ului9udm1i33', '.eJxVjEEOwiAQRe_C2pDCQAsu3XsGAsyMVA0kpV0Z765NutDtf-_9lwhxW0vYOi1hRnEWSpx-txTzg-oO8B7rrcnc6rrMSe6KPGiX14b0vBzu30GJvXxrzgaYtXdeW3QWidjbxGM27KOZwGev0AAgYuJkx0jAODkFAzkYshbvDwgWOLI:1ogKpS:EQ-5Mkwxz8ief_RE7OD7qMrTOeBwx-vT0YpG8UqIW4k', '2022-10-20 05:57:58.763724-01');
INSERT INTO public.django_session (session_key, session_data, expire_date) VALUES ('m8m8uiszoi3glv1zzhag197h9ucuxf95', '.eJxVjEEOwiAQRe_C2pC2Ay106d4zEGBmLGrAlDbRGO-uTbrQ7X_vv5dwfl0mt1aaXUIxilYcfrfg45XyBvDi87nIWPIypyA3Re60ylNBuh139y8w-Tp93xwVMHfW2E6j0UjEVgfuo2Lr1QA22hYVACIGDrr3BIyDaaEhA03stmilWlPJjh73ND_F2Lw_wEU_7w:1ogOY9:Uxymz8K_Jj1QJe6P-HKgdBIh0XvPTz1nWI-qTcr4vpw', '2022-10-20 09:56:21.408-01');
INSERT INTO public.django_session (session_key, session_data, expire_date) VALUES ('14kpcie5e2pwqq9oxhsb5m321uncy3r8', 'eyJfc2Vzc2lvbl9leHBpcnkiOjAsImFkbWluIjoiQURNMSJ9:1oTNBd:I9pJ7LQvaFXMosZ8QwcDx08tRyMcBYx8bAnSnCkWXBA', '2022-09-14 11:51:17.3512-01');
INSERT INTO public.django_session (session_key, session_data, expire_date) VALUES ('hfcu54w1cr47257eisrdgf73qff7gwp1', 'eyJhZG1pbiI6IkFETTEifQ:1oTNCY:pJeKVLAqM4EnqOpW4I3O617Wo7aRH4k8rjVRqrglPTQ', '2022-09-14 11:52:14.51081-01');
INSERT INTO public.django_session (session_key, session_data, expire_date) VALUES ('ecimiu23wfkeo4knwpfi4zxlupc1p78y', '.eJxVjMsOwiAQRf-FtSE8JXTp3m8gAzNY1IApbVJj_Hdt0oVu7zn3vFiAZR7D0mkKBdnAJDv8bhHSjeoG8Ar10nhqdZ5K5JvCd9r5uSHdT7v7Fxihj9-3N07k7MESRaW9hexJSczWGJ-ktU5ozDIqq51IqI6EThsCUAkMSqW2aKfeS6uB1keZnmwQ7w-RFj82:1oTNEB:FZULmKPFuNLgpy1VVJzJoSQ0Bu86-L173sTkDDKqyoI', '2022-09-14 11:53:55.886972-01');
INSERT INTO public.django_session (session_key, session_data, expire_date) VALUES ('tlf2451a2pdvtmkaru3cphhhxkhvxosz', '.eJxVjEEOwiAQRe_C2pC2Ay106d4zEGBmLGrAlDbRGO-uTbrQ7X_vv5dwfl0mt1aaXUIxilYcfrfg45XyBvDi87nIWPIypyA3Re60ylNBuh139y8w-Tp93xwVMHfW2E6j0UjEVgfuo2Lr1QA22hYVACIGDrr3BIyDaaEhA03stmilWlPJjh73ND_F2Lw_wEU_7w:1ogQOd:RUXhVUZPaur_IK4G5w0mpTx5WBGYdaPy4whVwPS9GXw', '2022-10-20 11:54:39.270107-01');
INSERT INTO public.django_session (session_key, session_data, expire_date) VALUES ('vxlczur386dweikj3xnd52wc43fimv9d', 'eyJfc2Vzc2lvbl9leHBpcnkiOjB9:1oTeI6:gPHHRQ65MezyYxNG2PvXhk-Dd3eRWrpRcXzt5IuiCyA', '2022-09-15 06:07:06.435487-01');
INSERT INTO public.django_session (session_key, session_data, expire_date) VALUES ('ut0aminiilzm855kxqvakbc4ft2k26t0', 'eyJfc2Vzc2lvbl9leHBpcnkiOjAsImFkbWluIjoiQURNMSJ9:1oTibY:Pt1Gr9vZlB8rKpnLIA6OEBOd8cvkTEj4l6DHzkALoSY', '2022-09-15 10:43:28.654859-01');
INSERT INTO public.django_session (session_key, session_data, expire_date) VALUES ('2nof388b567gs16fxg9petgvgiakmw33', '.eJxVjEEOwiAQRe_C2pC2Ay106d4zEGBmLGrAlDbRGO-uTbrQ7X_vv5dwfl0mt1aaXUIxilYcfrfg45XyBvDi87nIWPIypyA3Re60ylNBuh139y8w-Tp93xwVMHfW2E6j0UjEVgfuo2Lr1QA22hYVACIGDrr3BIyDaaEhA03stmilWlPJjh73ND_F2Lw_wEU_7w:1oiCfL:FAAIn5oOcq_CAf-6RK2-AOD6-sjBr-gtFKk7EnOx_gI', '2022-10-25 09:39:15.848007-01');
INSERT INTO public.django_session (session_key, session_data, expire_date) VALUES ('8dwwyzau63hurcsvm3bakofkwvsgnfe2', 'eyJfc2Vzc2lvbl9leHBpcnkiOjB9:1oVYOl:HEP9aok1qcCDJIZOW3Wp1MzXnWZMEzpYFzBZeAoJoMk', '2022-09-20 12:13:51.675972-01');
INSERT INTO public.django_session (session_key, session_data, expire_date) VALUES ('8cmphysp161nfty057tt5o0b3utfjl8x', 'eyJfc2Vzc2lvbl9leHBpcnkiOjB9:1oWcC6:DoQrXHcKd0PAVbRcJSg0FoeqUAgBgc06cLSN-MVOTkw', '2022-09-23 10:29:10.122151-01');
INSERT INTO public.django_session (session_key, session_data, expire_date) VALUES ('x248r8vnwq3qpd0dae7234nxevc2j7o4', 'eyJfc2Vzc2lvbl9leHBpcnkiOjB9:1oXj8R:L7VZSA-42_uJObLJdskBqdUI0zBWZd5jAGz7D62mmy4', '2022-09-26 12:05:59.865104-01');
INSERT INTO public.django_session (session_key, session_data, expire_date) VALUES ('vb3k01lu20ac92xxdbk4um9yp7wq4md0', 'eyJfc2Vzc2lvbl9leHBpcnkiOjB9:1oXjpO:7qayWMD7B6pdGJto_dR_OMwnWahn816er7GHsJhftQs', '2022-09-26 12:50:22.756191-01');
INSERT INTO public.django_session (session_key, session_data, expire_date) VALUES ('jejaz55c6r01fcx9r135jaxk7w0pm1s0', 'eyJfc2Vzc2lvbl9leHBpcnkiOjAsImFkbWluIjoiQURNMSJ9:1oaWqT:Bh_KPEkvP0m9u07fUv5QRyD5RZIJlE7GAO83oWorEc8', '2022-10-04 05:35:01.787368-01');
INSERT INTO public.django_session (session_key, session_data, expire_date) VALUES ('vqd1abeisgoyf75b1n6kbhq1slo3jlbb', 'eyJfc2Vzc2lvbl9leHBpcnkiOjAsImFkbWluIjoiQURNMSJ9:1oaso1:qH3uGTybyILY8fORuZCN4nxrUD-jdSkpdqCj8Q8BdWM', '2022-10-05 05:01:57.011092-01');
INSERT INTO public.django_session (session_key, session_data, expire_date) VALUES ('apychrj0k31l74ihmpcgnimvfy1gzlb1', 'eyJfc2Vzc2lvbl9leHBpcnkiOjAsImFkbWluIjoiQURNMSJ9:1oaxEn:uE5g-htYnBWqAkeIxDLieRCnvfg6CYLyvVhCb1Q3E_I', '2022-10-05 09:45:53.62-01');
INSERT INTO public.django_session (session_key, session_data, expire_date) VALUES ('1cq2lv5np93ukmarwn15tcvmy7dr5nu7', 'eyJfc2Vzc2lvbl9leHBpcnkiOjAsImFkbWluIjoiQURNMSJ9:1obFZN:hAAHPw0UYOSk7L4kyx-cQ3rZ-2sQwNoc-HPZUUK8GDw', '2022-10-06 05:20:21.045685-01');
INSERT INTO public.django_session (session_key, session_data, expire_date) VALUES ('eh3iocnscbkncblo3lqs0g619uehf5xq', 'eyJfc2Vzc2lvbl9leHBpcnkiOjAsImFkbWluIjoiQURNMSJ9:1obbwr:gkGDDTitD3BQOtCy2-jpvpFdaRDDlD2Qm7IPhuqPxd8', '2022-10-07 05:14:05.286858-01');
INSERT INTO public.django_session (session_key, session_data, expire_date) VALUES ('0ycb9z9h05iwu1mwn8ocoufulsoqxxoz', 'eyJfc2Vzc2lvbl9leHBpcnkiOjAsImFkbWluIjoiQURNMSJ9:1oco1p:ke7TlqZj54Klukam5td_jnSoPCwdoMVOGz2YGxQCfZY', '2022-10-10 12:20:09.016281-01');
INSERT INTO public.django_session (session_key, session_data, expire_date) VALUES ('161tovt27y2h62vghu2oed5qinacywwx', 'eyJfc2Vzc2lvbl9leHBpcnkiOjAsImFkbWluIjoiQURNMSJ9:1od4uV:jDmxZgbakDqkD-lHdljxpPEvAh21zD5L6i0kOriOZjE', '2022-10-11 06:21:43.851735-01');
INSERT INTO public.django_session (session_key, session_data, expire_date) VALUES ('4v72axzmezrsfib02vk6nl7s3k9brs9b', 'eyJfc2Vzc2lvbl9leHBpcnkiOjAsImFkbWluIjoiQURNMSJ9:1odQb7:aJggkQBwaDR-Yc-gY5D0OXPlGoRPTRlXeTT1a83Mk-o', '2022-10-12 05:31:09.585722-01');
INSERT INTO public.django_session (session_key, session_data, expire_date) VALUES ('fn8jg10zh2wtd5en1idh78l72bavpo2n', 'e30:1odsZM:nvLso5l5zO4xG6l-OXNWKmam180gfyfOl4RQ69Xw7vs', '2022-10-13 11:23:12.802829-01');
INSERT INTO public.django_session (session_key, session_data, expire_date) VALUES ('122e0rym258laez4ku439m61o9l9tgdy', '.eJxVjEEOwiAQRe_C2pC2Ay106d4zEGBmLGrAlDbRGO-uTbrQ7X_vv5dwfl0mt1aaXUIxilYcfrfg45XyBvDi87nIWPIypyA3Re60ylNBuh139y8w-Tp93xwVMHfW2E6j0UjEVgfuo2Lr1QA22hYVACIGDrr3BIyDaaEhA03stmilWlPJjh73ND_F2Lw_wEU_7w:1oduEU:FUErJF9_M1qCFfwKYEewoMviekFEJoERtD-jY9c5xKg', '2022-10-13 13:09:46.273925-01');
INSERT INTO public.django_session (session_key, session_data, expire_date) VALUES ('bgha628mkavmu4dznugj81utl9ftakzf', '.eJxVjEEOwiAQRe_C2pC2Ay106d4zEGBmLGrAlDbRGO-uTbrQ7X_vv5dwfl0mt1aaXUIxilYcfrfg45XyBvDi87nIWPIypyA3Re60ylNBuh139y8w-Tp93xwVMHfW2E6j0UjEVgfuo2Lr1QA22hYVACIGDrr3BIyDaaEhA03stmilWlPJjh73ND_F2Lw_wEU_7w:1oeBX8:4QlUaF5y4MlpMPHUzJCuBqUZ9bxgHhjKofYtadOCgcY', '2022-10-14 07:38:10.490087-01');
INSERT INTO public.django_session (session_key, session_data, expire_date) VALUES ('z1jis79ymk6yozf23h40z1u8i6in7y98', '.eJxVjEEOwiAQRe_C2pC2Ay106d4zEGBmLGrAlDbRGO-uTbrQ7X_vv5dwfl0mt1aaXUIxilYcfrfg45XyBvDi87nIWPIypyA3Re60ylNBuh139y8w-Tp93xwVMHfW2E6j0UjEVgfuo2Lr1QA22hYVACIGDrr3BIyDaaEhA03stmilWlPJjh73ND_F2Lw_wEU_7w:1oeIaP:0qbJcVOW_MCqFFmQKTv5KZslT_ooapS0F2kKoslN7vQ', '2022-10-14 15:10:01.438384-01');


--
-- Data for Name: fieldschool; Type: TABLE DATA; Schema: public; Owner: postgres
--

INSERT INTO public.fieldschool (id, iddept, idinst, idvisit) VALUES (1, 'D1', 'I2', 27);
INSERT INTO public.fieldschool (id, iddept, idinst, idvisit) VALUES (2, 'D4', 'I16', 27);
INSERT INTO public.fieldschool (id, iddept, idinst, idvisit) VALUES (3, 'D5', 'I3', 27);
INSERT INTO public.fieldschool (id, iddept, idinst, idvisit) VALUES (4, 'D1', 'I2', 28);
INSERT INTO public.fieldschool (id, iddept, idinst, idvisit) VALUES (5, 'D4', 'I16', 28);
INSERT INTO public.fieldschool (id, iddept, idinst, idvisit) VALUES (6, 'D5', 'I3', 28);
INSERT INTO public.fieldschool (id, iddept, idinst, idvisit) VALUES (7, 'D1', 'I2', 29);
INSERT INTO public.fieldschool (id, iddept, idinst, idvisit) VALUES (8, 'D1', 'I2', 30);
INSERT INTO public.fieldschool (id, iddept, idinst, idvisit) VALUES (9, 'D2', 'I9', 30);
INSERT INTO public.fieldschool (id, iddept, idinst, idvisit) VALUES (10, 'D4', 'I16', 30);
INSERT INTO public.fieldschool (id, iddept, idinst, idvisit) VALUES (11, 'D5', 'I3', 30);
INSERT INTO public.fieldschool (id, iddept, idinst, idvisit) VALUES (12, 'D1', 'I2', 31);
INSERT INTO public.fieldschool (id, iddept, idinst, idvisit) VALUES (13, 'D1', 'I2', 32);
INSERT INTO public.fieldschool (id, iddept, idinst, idvisit) VALUES (14, 'D4', 'I16', 32);
INSERT INTO public.fieldschool (id, iddept, idinst, idvisit) VALUES (15, 'D5', 'I3', 32);
INSERT INTO public.fieldschool (id, iddept, idinst, idvisit) VALUES (16, 'D1', 'I2', 33);
INSERT INTO public.fieldschool (id, iddept, idinst, idvisit) VALUES (17, 'D4', 'I16', 33);
INSERT INTO public.fieldschool (id, iddept, idinst, idvisit) VALUES (18, NULL, 'I17', 33);
INSERT INTO public.fieldschool (id, iddept, idinst, idvisit) VALUES (19, NULL, 'I18', 33);
INSERT INTO public.fieldschool (id, iddept, idinst, idvisit) VALUES (20, 'D1', 'I2', 34);
INSERT INTO public.fieldschool (id, iddept, idinst, idvisit) VALUES (21, NULL, 'I17', 34);
INSERT INTO public.fieldschool (id, iddept, idinst, idvisit) VALUES (22, NULL, 'I18', 34);
INSERT INTO public.fieldschool (id, iddept, idinst, idvisit) VALUES (23, 'D1', 'I2', 35);
INSERT INTO public.fieldschool (id, iddept, idinst, idvisit) VALUES (24, NULL, 'I18', 35);
INSERT INTO public.fieldschool (id, iddept, idinst, idvisit) VALUES (25, 'D1', 'I2', 36);
INSERT INTO public.fieldschool (id, iddept, idinst, idvisit) VALUES (26, NULL, 'I17', 36);
INSERT INTO public.fieldschool (id, iddept, idinst, idvisit) VALUES (27, 'D1', 'I2', 37);
INSERT INTO public.fieldschool (id, iddept, idinst, idvisit) VALUES (28, 'D1', 'I2', 38);
INSERT INTO public.fieldschool (id, iddept, idinst, idvisit) VALUES (29, NULL, 'I17', 38);
INSERT INTO public.fieldschool (id, iddept, idinst, idvisit) VALUES (30, NULL, 'I19', 38);
INSERT INTO public.fieldschool (id, iddept, idinst, idvisit) VALUES (31, 'D1', 'I2', 39);
INSERT INTO public.fieldschool (id, iddept, idinst, idvisit) VALUES (32, NULL, 'I5', 39);
INSERT INTO public.fieldschool (id, iddept, idinst, idvisit) VALUES (33, 'D1', 'I2', 40);
INSERT INTO public.fieldschool (id, iddept, idinst, idvisit) VALUES (34, 'D6', 'I9', 40);
INSERT INTO public.fieldschool (id, iddept, idinst, idvisit) VALUES (35, 'D1', 'I2', 41);
INSERT INTO public.fieldschool (id, iddept, idinst, idvisit) VALUES (36, 'D1', 'I2', 42);
INSERT INTO public.fieldschool (id, iddept, idinst, idvisit) VALUES (37, 'D1', 'I2', 43);
INSERT INTO public.fieldschool (id, iddept, idinst, idvisit) VALUES (38, 'D1', 'I2', 44);
INSERT INTO public.fieldschool (id, iddept, idinst, idvisit) VALUES (39, 'D1', 'I2', 45);
INSERT INTO public.fieldschool (id, iddept, idinst, idvisit) VALUES (40, 'D1', 'I2', 46);
INSERT INTO public.fieldschool (id, iddept, idinst, idvisit) VALUES (41, 'D1', 'I2', 47);
INSERT INTO public.fieldschool (id, iddept, idinst, idvisit) VALUES (42, NULL, 'I5', 47);
INSERT INTO public.fieldschool (id, iddept, idinst, idvisit) VALUES (43, 'D1', 'I2', 48);
INSERT INTO public.fieldschool (id, iddept, idinst, idvisit) VALUES (44, 'D1', 'I2', 49);
INSERT INTO public.fieldschool (id, iddept, idinst, idvisit) VALUES (45, 'D1', 'I2', 50);
INSERT INTO public.fieldschool (id, iddept, idinst, idvisit) VALUES (46, 'D6', 'I9', 50);
INSERT INTO public.fieldschool (id, iddept, idinst, idvisit) VALUES (47, 'D1', 'I2', 51);


--
-- Data for Name: image; Type: TABLE DATA; Schema: public; Owner: postgres
--

INSERT INTO public.image (id, name, title, idtype) VALUES (60, 'a1.webp', 'a1', 4);
INSERT INTO public.image (id, name, title, idtype) VALUES (63, 'Eulemur_coronatus.webp', 'Eulemur coronatus', 4);
INSERT INTO public.image (id, name, title, idtype) VALUES (61, 'Avy_166.webp', 'Avy 166', 4);
INSERT INTO public.image (id, name, title, idtype) VALUES (62, 'Bokar_032.webp', 'Bokar 032', 4);
INSERT INTO public.image (id, name, title, idtype) VALUES (64, 'Alcedo_vintsioides.webp', 'Alcedo vintsioides', 1);
INSERT INTO public.image (id, name, title, idtype) VALUES (65, 'Amena_295.webp', 'Amena 295', 1);
INSERT INTO public.image (id, name, title, idtype) VALUES (66, 'Copsychus_albospecularis.webp', 'Copsychus albospecularis', 1);
INSERT INTO public.image (id, name, title, idtype) VALUES (67, 'Corythornis_madagascariensis.webp', 'Corythornis madagascariensis', 1);
INSERT INTO public.image (id, name, title, idtype) VALUES (68, 'Euryceros_prevostii.webp', 'Euryceros prevostii', 1);
INSERT INTO public.image (id, name, title, idtype) VALUES (69, 'Monticola_sharpei_female.webp', 'Monticola sharpei female', 1);
INSERT INTO public.image (id, name, title, idtype) VALUES (70, 'Neodrepanis_coruscans.webp', 'Neodrepanis coruscans', 1);
INSERT INTO public.image (id, name, title, idtype) VALUES (71, 'Sahafina_176.webp', 'Sahafina 176', 1);
INSERT INTO public.image (id, name, title, idtype) VALUES (72, 'a2.webp', 'a2', 2);
INSERT INTO public.image (id, name, title, idtype) VALUES (73, 'a3.webp', 'a3', 2);
INSERT INTO public.image (id, name, title, idtype) VALUES (74, 'a6.webp', 'a6', 2);
INSERT INTO public.image (id, name, title, idtype) VALUES (75, 'Boophis_marojezensis_ZHM.webp', 'Boophis marojezensis ZHM', 2);
INSERT INTO public.image (id, name, title, idtype) VALUES (76, 'Furcifer_pardalis.webp', 'Furcifer pardalis', 2);
INSERT INTO public.image (id, name, title, idtype) VALUES (78, 'Amna_046.webp', 'Amna 046', 3);
INSERT INTO public.image (id, name, title, idtype) VALUES (79, 'Microgale_principula_1.webp', 'Microgale principula 1', 3);
INSERT INTO public.image (id, name, title, idtype) VALUES (80, 'Miza_242.webp', 'Miza 242', 3);
INSERT INTO public.image (id, name, title, idtype) VALUES (81, 'a7.webp', 'a7', 5);
INSERT INTO public.image (id, name, title, idtype) VALUES (82, 'a8.webp', 'a8', 5);
INSERT INTO public.image (id, name, title, idtype) VALUES (83, 'Amna_001.webp', 'Amna 001', 5);
INSERT INTO public.image (id, name, title, idtype) VALUES (84, 'banniere3.webp', 'banniere3', 5);
INSERT INTO public.image (id, name, title, idtype) VALUES (85, 'Bea_354.webp', 'Bea 354', 5);
INSERT INTO public.image (id, name, title, idtype) VALUES (86, 'DSC_0153.webp', 'DSC 0153', 5);
INSERT INTO public.image (id, name, title, idtype) VALUES (87, 'DSC_0702.webp', 'DSC 0702', 5);
INSERT INTO public.image (id, name, title, idtype) VALUES (88, 'DSCN9380.webp', 'DSCN9380', 5);
INSERT INTO public.image (id, name, title, idtype) VALUES (89, 'DSCN9463.webp', 'DSCN9463', 5);
INSERT INTO public.image (id, name, title, idtype) VALUES (90, 'Landscape_MF_view.webp', 'Landscape MF view', 5);
INSERT INTO public.image (id, name, title, idtype) VALUES (91, 'P1760372.webp', 'P1760372', 5);
INSERT INTO public.image (id, name, title, idtype) VALUES (92, 'Reserve_Naturelle_Ankarana_2.webp', 'Réserve Naturelle Ankarana 2', 5);
INSERT INTO public.image (id, name, title, idtype) VALUES (93, 'Reserve_Naturelle_Ankarana_3.webp', 'Réserve Naturelle Ankarana 3', 5);
INSERT INTO public.image (id, name, title, idtype) VALUES (95, 'DSC_0587.webp', 'DSC 0587', 7);
INSERT INTO public.image (id, name, title, idtype) VALUES (96, 'IMG_4999.webp', 'IMG 4999', 7);
INSERT INTO public.image (id, name, title, idtype) VALUES (97, 'Photos_146.webp', 'Photos 146', 7);
INSERT INTO public.image (id, name, title, idtype) VALUES (98, 'Ampas_196.webp', 'Ampas 196', 6);
INSERT INTO public.image (id, name, title, idtype) VALUES (100, 'BB_MRT.webp', 'BB MRT', 6);
INSERT INTO public.image (id, name, title, idtype) VALUES (101, 'Bea_291.webp', 'Bea 291', 6);
INSERT INTO public.image (id, name, title, idtype) VALUES (102, 'IMG_5951.webp', 'IMG 5951', 6);
INSERT INTO public.image (id, name, title, idtype) VALUES (103, 'IMG_8773.webp', 'IMG 8773', 6);
INSERT INTO public.image (id, name, title, idtype) VALUES (104, 'Insectes_Ankarafa.webp', 'Insectes Ankarafa', 6);
INSERT INTO public.image (id, name, title, idtype) VALUES (105, 'MD_029.webp', 'MD 029', 6);
INSERT INTO public.image (id, name, title, idtype) VALUES (106, 'aaa_be_primate.webp', 'aaa bé primate', 4);
INSERT INTO public.image (id, name, title, idtype) VALUES (107, 'Amena_035.webp', 'Amena 035', 7);
INSERT INTO public.image (id, name, title, idtype) VALUES (108, 'BEA_113.webp', 'BEA 113', 7);
INSERT INTO public.image (id, name, title, idtype) VALUES (112, 'Beman_037.webp', 'Beman 037', 7);
INSERT INTO public.image (id, name, title, idtype) VALUES (113, 'IMG_1444.webp', 'IMG 1444', 5);
INSERT INTO public.image (id, name, title, idtype) VALUES (114, 'DSC_0553.webp', 'DSC 0553', 5);
INSERT INTO public.image (id, name, title, idtype) VALUES (115, 'DSC_0918.webp', 'DSC 0918', 5);


--
-- Data for Name: imagetype; Type: TABLE DATA; Schema: public; Owner: postgres
--

INSERT INTO public.imagetype (id, type) VALUES (1, 'avifauna');
INSERT INTO public.imagetype (id, type) VALUES (2, 'herpetofauna');
INSERT INTO public.imagetype (id, type) VALUES (3, 'small mammal');
INSERT INTO public.imagetype (id, type) VALUES (4, 'primate');
INSERT INTO public.imagetype (id, type) VALUES (5, 'landscape');
INSERT INTO public.imagetype (id, type) VALUES (6, 'miscellaneous');
INSERT INTO public.imagetype (id, type) VALUES (7, 'team');


--
-- Data for Name: institution; Type: TABLE DATA; Schema: public; Owner: postgres
--

INSERT INTO public.institution (id, name) VALUES ('I1', 'Association Vahatra');
INSERT INTO public.institution (id, name) VALUES ('I2', 'University of Antananarivo');
INSERT INTO public.institution (id, name) VALUES ('I3', 'University of Fianarantsoa');
INSERT INTO public.institution (id, name) VALUES ('I4', 'University of Mahajanga');
INSERT INTO public.institution (id, name) VALUES ('I5', 'WWF Madagascar');
INSERT INTO public.institution (id, name) VALUES ('I6', 'Strategy Seminar');
INSERT INTO public.institution (id, name) VALUES ('I7', 'Madagascar National Parks');
INSERT INTO public.institution (id, name) VALUES ('I8', 'Indian Ocean Commission');
INSERT INTO public.institution (id, name) VALUES ('I9', 'Ecole Supérieure des Sciences Agronomiques');
INSERT INTO public.institution (id, name) VALUES ('I10', 'Office National pour l''Environnement (ONE)');
INSERT INTO public.institution (id, name) VALUES ('I11', 'Institut National des Sciences et Techniques Nucléaires');
INSERT INTO public.institution (id, name) VALUES ('I12', 'University of Hamburg');
INSERT INTO public.institution (id, name) VALUES ('I13', 'Kingfisher Group');
INSERT INTO public.institution (id, name) VALUES ('I14', 'Critical Ecosystem Partnership Fund (CEPF)');
INSERT INTO public.institution (id, name) VALUES ('I15', 'Invenergy');
INSERT INTO public.institution (id, name) VALUES ('I16', 'University of Toliara');
INSERT INTO public.institution (id, name) VALUES ('I17', 'University of Kwa-Zulu Natal, South Africa');
INSERT INTO public.institution (id, name) VALUES ('I18', 'University of Venda, South Africa ');
INSERT INTO public.institution (id, name) VALUES ('I19', 'CRVOI La Réunion');
INSERT INTO public.institution (id, name) VALUES ('I20', 'Madagascar Fauna and Flora Group ');
INSERT INTO public.institution (id, name) VALUES ('I21', 'Duke University');
INSERT INTO public.institution (id, name) VALUES ('I22', 'National Institute of Health (NIH)');
INSERT INTO public.institution (id, name) VALUES ('I23', 'National Science Foundation (NSF)');
INSERT INTO public.institution (id, name) VALUES ('I24', 'Korea International Cooperation Agency (KOICA)');
INSERT INTO public.institution (id, name) VALUES ('I25', 'United Nations Educational, Scientific and Cultural Organization (UNESCO)');
INSERT INTO public.institution (id, name) VALUES ('I26', 'Fonds Européen de Développement Régional (FEDER)');
INSERT INTO public.institution (id, name) VALUES ('I27', 'University of La Reunion');
INSERT INTO public.institution (id, name) VALUES ('I28', 'Processus Infectieux en Milieu Insulaire Tropical (PIMIT)');
INSERT INTO public.institution (id, name) VALUES ('I29', 'Global Challenges Research Fund (GCRF)');
INSERT INTO public.institution (id, name) VALUES ('I30', 'United Kingdom Research and Innovation (UKRI)');
INSERT INTO public.institution (id, name) VALUES ('I31', 'System of Protected Areas of Madagascar (SAPM)');
INSERT INTO public.institution (id, name) VALUES ('I33', 'REBIOMA');
INSERT INTO public.institution (id, name) VALUES ('I34', 'Tany Meva and UNESCO World Heritage program');
INSERT INTO public.institution (id, name) VALUES ('I35', 'CITES');
INSERT INTO public.institution (id, name) VALUES ('I36', 'Ministry of the Environment');
INSERT INTO public.institution (id, name) VALUES ('I37', 'The Peregrine Fund');
INSERT INTO public.institution (id, name) VALUES ('I32', 'Ambatovy-Sherritt International');


--
-- Data for Name: location; Type: TABLE DATA; Schema: public; Owner: postgres
--

INSERT INTO public.location (id, name, longitude, latitude) VALUES (1, 'Anjahamarina', 50.35, -15.0833);
INSERT INTO public.location (id, name, longitude, latitude) VALUES (2, 'Ambavala', 49.6167, -16.2);
INSERT INTO public.location (id, name, longitude, latitude) VALUES (3, 'Ambalamanasy', 49.95, -13.7333);
INSERT INTO public.location (id, name, longitude, latitude) VALUES (4, 'Antanimbaribe', 46.85, -17.1833);
INSERT INTO public.location (id, name, longitude, latitude) VALUES (5, 'Manantenina', 47.3167, -24.2833);
INSERT INTO public.location (id, name, longitude, latitude) VALUES (6, 'Belambo', 47.3167, -17.8);
INSERT INTO public.location (id, name, longitude, latitude) VALUES (7, 'Maroambihy', 49.85, -14.5);
INSERT INTO public.location (id, name, longitude, latitude) VALUES (8, 'Analanambe', 49.95, -14.4);
INSERT INTO public.location (id, name, longitude, latitude) VALUES (9, 'Ambodivoara', 47.5167, -18.1667);
INSERT INTO public.location (id, name, longitude, latitude) VALUES (10, 'Ambariotelo', 48.36667, -13.4333);
INSERT INTO public.location (id, name, longitude, latitude) VALUES (11, 'Betsiaka', 49.237267499999, -13.1581959);
INSERT INTO public.location (id, name, longitude, latitude) VALUES (12, 'Marotolana', 49.03333, -14.61667);
INSERT INTO public.location (id, name, longitude, latitude) VALUES (13, 'Marovato', 48.9167, -12.6667);
INSERT INTO public.location (id, name, longitude, latitude) VALUES (14, 'Bemanevika', 47.9333, -16.1833);
INSERT INTO public.location (id, name, longitude, latitude) VALUES (15, 'Ampatakamaroreny', 48.8, -16.4833);
INSERT INTO public.location (id, name, longitude, latitude) VALUES (16, 'Antsiatsiaka', 49.3667, -17.0333);
INSERT INTO public.location (id, name, longitude, latitude) VALUES (17, 'Antsiraka', 49.6167, -16.2667);
INSERT INTO public.location (id, name, longitude, latitude) VALUES (18, 'Marotandrano', 48.70795, -16.42044);
INSERT INTO public.location (id, name, longitude, latitude) VALUES (19, 'Djangoa', 48.3167, -13.7833);
INSERT INTO public.location (id, name, longitude, latitude) VALUES (20, 'Ankaramibe', 48.17956506, -13.9752602);
INSERT INTO public.location (id, name, longitude, latitude) VALUES (21, 'Ankaramikely', 48.1667, -14.0167);
INSERT INTO public.location (id, name, longitude, latitude) VALUES (22, 'Analanatsoa', 49.766667, -14.433333);
INSERT INTO public.location (id, name, longitude, latitude) VALUES (23, 'Maromandia', 48.0833, -14.2167);
INSERT INTO public.location (id, name, longitude, latitude) VALUES (24, 'Ankitsika', 48.3833, -17.3167);
INSERT INTO public.location (id, name, longitude, latitude) VALUES (25, 'Ambarijeby', 47.95, -14.6667);
INSERT INTO public.location (id, name, longitude, latitude) VALUES (26, 'Anjiamangirana', 47.7833, -15.1667);
INSERT INTO public.location (id, name, longitude, latitude) VALUES (27, 'Tsimanampetsotsa', 43.74921, -24.12882);
INSERT INTO public.location (id, name, longitude, latitude) VALUES (28, 'Salary Bay', 43.284246, -22.5547423);
INSERT INTO public.location (id, name, longitude, latitude) VALUES (29, 'Lakato', 48.4333, -19.1833);
INSERT INTO public.location (id, name, longitude, latitude) VALUES (31, 'Ambohitantely', 47.2833, -18.1667);
INSERT INTO public.location (id, name, longitude, latitude) VALUES (32, 'Tampolo Fenérive-Est', 49.9667, -15.7333);
INSERT INTO public.location (id, name, longitude, latitude) VALUES (33, 'Midongy du Sud', 47.0167, -23.5833);
INSERT INTO public.location (id, name, longitude, latitude) VALUES (34, 'Bemaraha', 45.1667, -19.3333);
INSERT INTO public.location (id, name, longitude, latitude) VALUES (35, 'Marojejy', 49.7333, -14.4333);
INSERT INTO public.location (id, name, longitude, latitude) VALUES (36, 'Daraina', 49.6667, -13.2);
INSERT INTO public.location (id, name, longitude, latitude) VALUES (37, 'Ankarana', 48.5, -16.95);
INSERT INTO public.location (id, name, longitude, latitude) VALUES (38, 'Ankazomivady', 47.1833, -20.7667);
INSERT INTO public.location (id, name, longitude, latitude) VALUES (40, 'Ankaratra', 47.2, -19.4167);
INSERT INTO public.location (id, name, longitude, latitude) VALUES (41, 'Maromiza', 48.45, -18.95);
INSERT INTO public.location (id, name, longitude, latitude) VALUES (42, 'Mikea', 43.3833, -22.5);
INSERT INTO public.location (id, name, longitude, latitude) VALUES (43, 'Nosy Hara', 49.0167, -12.2333);
INSERT INTO public.location (id, name, longitude, latitude) VALUES (44, 'Anjozorobe', 47.8667, -18.4);
INSERT INTO public.location (id, name, longitude, latitude) VALUES (45, 'Kirindy-Mitea', 44.138666112, -20.806163442);
INSERT INTO public.location (id, name, longitude, latitude) VALUES (46, 'Ambatovy', 48.3, -18.8167);
INSERT INTO public.location (id, name, longitude, latitude) VALUES (47, 'Beanka', 44.559567, -17.925304);
INSERT INTO public.location (id, name, longitude, latitude) VALUES (48, 'Andohahela', 46.7, -24.6);
INSERT INTO public.location (id, name, longitude, latitude) VALUES (30, 'Andranomena', 44.33333, -21.46667);
INSERT INTO public.location (id, name, longitude, latitude) VALUES (39, 'Andranomay', 47.95, -18.5);


--
-- Data for Name: member; Type: TABLE DATA; Schema: public; Owner: postgres
--

INSERT INTO public.member (id, mail, description, idperson, idtypemember, image) VALUES (1, 'raselimananaachille@gmail.com', 'Founding member. His fields of interest include herpetology, including systematics, biogeography, ecology and biological evaluation as well as study of environmental impact. Responsible for courses on reptiles and amphibians biology for second year students as well as biogeography, ecological monitoring and ecomorphology for master level students.', 1, 2, 'achille.jpg');
INSERT INTO public.member (id, mail, description, idperson, idtypemember, image) VALUES (2, 'jraherilalao@gmail.com', 'Founding member. She has interests in ornithology including biology, ecology, systematics, biogeography, biological evaluation, and the study of environmental impact. Responsible for teaching of bird biology for second year students as well as evolutionary biology and biodiversity evaluation, especially terrestrial vertebrates for master level students.', 2, 2, 'marie_jeanne.jpg');
INSERT INTO public.member (id, mail, description, idperson, idtypemember, image) VALUES (3, 'voahangysoarimalala@gmail.com', 'Founding member. Her research interests include mammals, especially small mammals and carnivores which includes systematics, biogeography, ecology, biological evaluation and environmental impact study. Responsible for teaching ecology and animal systematics for first and second year students; biodiversity conservation and valorisation for third year students.', 3, 2, 'voahangy.jpg');
INSERT INTO public.member (id, mail, description, idperson, idtypemember, image) VALUES (4, 'sgoodman@fieldmuseum.org', ' Founding member. His fields of research interests include several domains such as mammals, bats and birds. He is particularly interested in biology, ecology, systematics, biogeography, paleoecology, etc.', 4, 2, 'steve.jpg');
INSERT INTO public.member (id, mail, description, idperson, idtypemember, image) VALUES (11, NULL, 'He is actually retired', 11, 1, 'none.jpg');
INSERT INTO public.member (id, mail, description, idperson, idtypemember, image) VALUES (12, NULL, NULL, 12, 1, 'none.jpg');
INSERT INTO public.member (id, mail, description, idperson, idtypemember, image) VALUES (13, NULL, 'He is actually retired', 13, 1, 'none.jpg');
INSERT INTO public.member (id, mail, description, idperson, idtypemember, image) VALUES (14, NULL, NULL, 14, 1, 'none.jpg');
INSERT INTO public.member (id, mail, description, idperson, idtypemember, image) VALUES (15, NULL, NULL, 15, 1, 'none.jpg');
INSERT INTO public.member (id, mail, description, idperson, idtypemember, image) VALUES (16, NULL, NULL, 16, 1, 'none.jpg');
INSERT INTO public.member (id, mail, description, idperson, idtypemember, image) VALUES (17, NULL, NULL, 17, 1, 'none.jpg');
INSERT INTO public.member (id, mail, description, idperson, idtypemember, image) VALUES (18, NULL, NULL, 18, 1, 'none.jpg');
INSERT INTO public.member (id, mail, description, idperson, idtypemember, image) VALUES (19, NULL, NULL, 19, 1, 'none.jpg');
INSERT INTO public.member (id, mail, description, idperson, idtypemember, image) VALUES (20, NULL, NULL, 20, 1, 'none.jpg');
INSERT INTO public.member (id, mail, description, idperson, idtypemember, image) VALUES (21, NULL, NULL, 21, 1, 'none.jpg');
INSERT INTO public.member (id, mail, description, idperson, idtypemember, image) VALUES (5, 'msraharinirina@gmail.com', 'Sabrina joined the association in October 2015.', 5, 4, 'none.jpg');
INSERT INTO public.member (id, mail, description, idperson, idtypemember, image) VALUES (6, NULL, ' Ledada

started working with the ETP some 29 years ago and transferred to

Vahatra in October 2007. He has helped organize logistics for hundreds

of field missions to some of the remotest areas on Madagascar.', 6, 4, 'none.jpg');
INSERT INTO public.member (id, mail, description, idperson, idtypemember, image) VALUES (7, NULL, 'She has worked with

Vahatra since May 2016.', 7, 4, 'none.jpg');
INSERT INTO public.member (id, mail, description, idperson, idtypemember, image) VALUES (8, NULL, NULL, 8, 4, 'none.jpg');
INSERT INTO public.member (id, mail, description, idperson, idtypemember, image) VALUES (9, NULL, NULL, 9, 4, 'none.jpg');
INSERT INTO public.member (id, mail, description, idperson, idtypemember, image) VALUES (10, NULL, NULL, 10, 4, 'none.jpg');
INSERT INTO public.member (id, mail, description, idperson, idtypemember, image) VALUES (25, NULL, NULL, 99, 3, NULL);
INSERT INTO public.member (id, mail, description, idperson, idtypemember, image) VALUES (28, NULL, NULL, 101, 3, NULL);
INSERT INTO public.member (id, mail, description, idperson, idtypemember, image) VALUES (29, NULL, NULL, 102, 3, NULL);
INSERT INTO public.member (id, mail, description, idperson, idtypemember, image) VALUES (30, NULL, NULL, 103, 3, NULL);
INSERT INTO public.member (id, mail, description, idperson, idtypemember, image) VALUES (31, NULL, NULL, 104, 3, NULL);
INSERT INTO public.member (id, mail, description, idperson, idtypemember, image) VALUES (32, NULL, NULL, 105, 3, NULL);
INSERT INTO public.member (id, mail, description, idperson, idtypemember, image) VALUES (33, NULL, NULL, 106, 3, NULL);
INSERT INTO public.member (id, mail, description, idperson, idtypemember, image) VALUES (34, NULL, NULL, 107, 3, NULL);
INSERT INTO public.member (id, mail, description, idperson, idtypemember, image) VALUES (35, NULL, NULL, 108, 3, NULL);
INSERT INTO public.member (id, mail, description, idperson, idtypemember, image) VALUES (36, NULL, NULL, 109, 3, NULL);
INSERT INTO public.member (id, mail, description, idperson, idtypemember, image) VALUES (37, NULL, NULL, 110, 3, NULL);
INSERT INTO public.member (id, mail, description, idperson, idtypemember, image) VALUES (38, NULL, NULL, 111, 3, NULL);
INSERT INTO public.member (id, mail, description, idperson, idtypemember, image) VALUES (39, NULL, NULL, 112, 3, NULL);
INSERT INTO public.member (id, mail, description, idperson, idtypemember, image) VALUES (40, NULL, NULL, 113, 3, NULL);
INSERT INTO public.member (id, mail, description, idperson, idtypemember, image) VALUES (41, NULL, NULL, 114, 3, NULL);
INSERT INTO public.member (id, mail, description, idperson, idtypemember, image) VALUES (42, NULL, NULL, 115, 3, NULL);
INSERT INTO public.member (id, mail, description, idperson, idtypemember, image) VALUES (43, NULL, NULL, 116, 3, NULL);
INSERT INTO public.member (id, mail, description, idperson, idtypemember, image) VALUES (44, NULL, NULL, 117, 3, NULL);
INSERT INTO public.member (id, mail, description, idperson, idtypemember, image) VALUES (45, NULL, NULL, 118, 3, NULL);
INSERT INTO public.member (id, mail, description, idperson, idtypemember, image) VALUES (46, NULL, NULL, 119, 3, NULL);
INSERT INTO public.member (id, mail, description, idperson, idtypemember, image) VALUES (47, NULL, NULL, 120, 3, NULL);
INSERT INTO public.member (id, mail, description, idperson, idtypemember, image) VALUES (48, NULL, NULL, 121, 3, NULL);
INSERT INTO public.member (id, mail, description, idperson, idtypemember, image) VALUES (49, NULL, NULL, 122, 3, NULL);
INSERT INTO public.member (id, mail, description, idperson, idtypemember, image) VALUES (50, NULL, NULL, 123, 3, NULL);
INSERT INTO public.member (id, mail, description, idperson, idtypemember, image) VALUES (51, NULL, NULL, 124, 3, NULL);
INSERT INTO public.member (id, mail, description, idperson, idtypemember, image) VALUES (52, NULL, NULL, 125, 3, NULL);
INSERT INTO public.member (id, mail, description, idperson, idtypemember, image) VALUES (53, NULL, NULL, 126, 3, NULL);
INSERT INTO public.member (id, mail, description, idperson, idtypemember, image) VALUES (54, NULL, NULL, 127, 3, NULL);
INSERT INTO public.member (id, mail, description, idperson, idtypemember, image) VALUES (55, NULL, NULL, 128, 3, NULL);
INSERT INTO public.member (id, mail, description, idperson, idtypemember, image) VALUES (56, NULL, NULL, 129, 3, NULL);
INSERT INTO public.member (id, mail, description, idperson, idtypemember, image) VALUES (57, NULL, NULL, 130, 3, NULL);
INSERT INTO public.member (id, mail, description, idperson, idtypemember, image) VALUES (58, NULL, NULL, 131, 3, NULL);
INSERT INTO public.member (id, mail, description, idperson, idtypemember, image) VALUES (59, NULL, NULL, 132, 3, NULL);
INSERT INTO public.member (id, mail, description, idperson, idtypemember, image) VALUES (60, NULL, NULL, 133, 3, NULL);
INSERT INTO public.member (id, mail, description, idperson, idtypemember, image) VALUES (61, NULL, NULL, 134, 3, NULL);
INSERT INTO public.member (id, mail, description, idperson, idtypemember, image) VALUES (62, NULL, NULL, 135, 3, NULL);
INSERT INTO public.member (id, mail, description, idperson, idtypemember, image) VALUES (63, NULL, NULL, 136, 3, NULL);
INSERT INTO public.member (id, mail, description, idperson, idtypemember, image) VALUES (64, NULL, NULL, 137, 3, NULL);
INSERT INTO public.member (id, mail, description, idperson, idtypemember, image) VALUES (65, NULL, NULL, 138, 3, NULL);
INSERT INTO public.member (id, mail, description, idperson, idtypemember, image) VALUES (67, NULL, NULL, 140, 3, NULL);
INSERT INTO public.member (id, mail, description, idperson, idtypemember, image) VALUES (68, NULL, NULL, 141, 3, NULL);
INSERT INTO public.member (id, mail, description, idperson, idtypemember, image) VALUES (69, NULL, NULL, 142, 3, NULL);
INSERT INTO public.member (id, mail, description, idperson, idtypemember, image) VALUES (70, NULL, NULL, 143, 3, NULL);
INSERT INTO public.member (id, mail, description, idperson, idtypemember, image) VALUES (71, NULL, NULL, 144, 3, NULL);
INSERT INTO public.member (id, mail, description, idperson, idtypemember, image) VALUES (72, NULL, NULL, 145, 3, NULL);


--
-- Data for Name: memberpostinst; Type: TABLE DATA; Schema: public; Owner: postgres
--

INSERT INTO public.memberpostinst (id, iddept, idinst, idmember, idpost) VALUES (1, NULL, 'I1', 1, 'P1');
INSERT INTO public.memberpostinst (id, iddept, idinst, idmember, idpost) VALUES (2, 'D1', 'I2', 1, 'P2');
INSERT INTO public.memberpostinst (id, iddept, idinst, idmember, idpost) VALUES (3, NULL, 'I1', 2, 'P3');
INSERT INTO public.memberpostinst (id, iddept, idinst, idmember, idpost) VALUES (4, NULL, 'I1', 2, 'P4');
INSERT INTO public.memberpostinst (id, iddept, idinst, idmember, idpost) VALUES (5, NULL, 'I1', 2, 'P5');
INSERT INTO public.memberpostinst (id, iddept, idinst, idmember, idpost) VALUES (6, 'D1', 'I2', 2, 'P2');
INSERT INTO public.memberpostinst (id, iddept, idinst, idmember, idpost) VALUES (7, NULL, 'I1', 3, 'P3');
INSERT INTO public.memberpostinst (id, iddept, idinst, idmember, idpost) VALUES (8, NULL, 'I1', 3, 'P6');
INSERT INTO public.memberpostinst (id, iddept, idinst, idmember, idpost) VALUES (9, NULL, 'I1', 3, 'P7');
INSERT INTO public.memberpostinst (id, iddept, idinst, idmember, idpost) VALUES (10, 'D1', 'I2', 3, 'P9');
INSERT INTO public.memberpostinst (id, iddept, idinst, idmember, idpost) VALUES (11, 'D1', 'I3', 3, 'P2');
INSERT INTO public.memberpostinst (id, iddept, idinst, idmember, idpost) VALUES (12, NULL, 'I1', 4, 'P10');
INSERT INTO public.memberpostinst (id, iddept, idinst, idmember, idpost) VALUES (13, NULL, 'I1', 4, 'P11');
INSERT INTO public.memberpostinst (id, iddept, idinst, idmember, idpost) VALUES (14, NULL, 'I1', 4, 'P12');
INSERT INTO public.memberpostinst (id, iddept, idinst, idmember, idpost) VALUES (15, 'D1', 'I2', 4, 'P13');
INSERT INTO public.memberpostinst (id, iddept, idinst, idmember, idpost) VALUES (16, 'D1', 'I2', 4, 'P2');
INSERT INTO public.memberpostinst (id, iddept, idinst, idmember, idpost) VALUES (17, 'D1', 'I4', 4, 'P2');
INSERT INTO public.memberpostinst (id, iddept, idinst, idmember, idpost) VALUES (18, NULL, 'I1', 5, 'P14');
INSERT INTO public.memberpostinst (id, iddept, idinst, idmember, idpost) VALUES (19, NULL, 'I1', 6, 'P15');
INSERT INTO public.memberpostinst (id, iddept, idinst, idmember, idpost) VALUES (20, NULL, 'I1', 7, 'P16');
INSERT INTO public.memberpostinst (id, iddept, idinst, idmember, idpost) VALUES (21, NULL, 'I1', 8, 'P17');
INSERT INTO public.memberpostinst (id, iddept, idinst, idmember, idpost) VALUES (22, NULL, 'I1', 8, 'P18');
INSERT INTO public.memberpostinst (id, iddept, idinst, idmember, idpost) VALUES (23, NULL, 'I1', 9, 'P17');
INSERT INTO public.memberpostinst (id, iddept, idinst, idmember, idpost) VALUES (24, NULL, 'I1', 9, 'P18');
INSERT INTO public.memberpostinst (id, iddept, idinst, idmember, idpost) VALUES (25, NULL, 'I1', 10, 'P17');
INSERT INTO public.memberpostinst (id, iddept, idinst, idmember, idpost) VALUES (26, NULL, 'I1', 10, 'P18');
INSERT INTO public.memberpostinst (id, iddept, idinst, idmember, idpost) VALUES (27, 'D1', 'I2', 11, 'P2');
INSERT INTO public.memberpostinst (id, iddept, idinst, idmember, idpost) VALUES (28, NULL, 'I5', 12, 'P19');
INSERT INTO public.memberpostinst (id, iddept, idinst, idmember, idpost) VALUES (29, NULL, NULL, 13, 'P20');
INSERT INTO public.memberpostinst (id, iddept, idinst, idmember, idpost) VALUES (30, NULL, NULL, 13, 'P21');
INSERT INTO public.memberpostinst (id, iddept, idinst, idmember, idpost) VALUES (31, NULL, 'I6', 13, 'P28');
INSERT INTO public.memberpostinst (id, iddept, idinst, idmember, idpost) VALUES (32, NULL, 'I7', 14, 'P22');
INSERT INTO public.memberpostinst (id, iddept, idinst, idmember, idpost) VALUES (33, NULL, 'I8', 14, 'P23');
INSERT INTO public.memberpostinst (id, iddept, idinst, idmember, idpost) VALUES (34, 'D2', 'I9', 15, 'P2');
INSERT INTO public.memberpostinst (id, iddept, idinst, idmember, idpost) VALUES (35, NULL, 'I2', 15, 'P24');
INSERT INTO public.memberpostinst (id, iddept, idinst, idmember, idpost) VALUES (36, NULL, 'I10', 16, 'P25');
INSERT INTO public.memberpostinst (id, iddept, idinst, idmember, idpost) VALUES (37, NULL, 'I11', 17, 'P25');
INSERT INTO public.memberpostinst (id, iddept, idinst, idmember, idpost) VALUES (38, 'D3', 'I12', 18, 'P2');
INSERT INTO public.memberpostinst (id, iddept, idinst, idmember, idpost) VALUES (39, NULL, 'I13', 19, 'P26');
INSERT INTO public.memberpostinst (id, iddept, idinst, idmember, idpost) VALUES (40, NULL, 'I14', 20, 'P27');
INSERT INTO public.memberpostinst (id, iddept, idinst, idmember, idpost) VALUES (41, NULL, 'I15', 21, 'P1');


--
-- Data for Name: messageofyear; Type: TABLE DATA; Schema: public; Owner: postgres
--

INSERT INTO public.messageofyear (id, year, description, idmember) VALUES (1, 2021, 'After two successive years of anguish in the shadow of the Covid-19 pandemic, living and working in greater serenity during the year 2021 was everyone’s wish and with the hope of catching up with much that could not be done in 2020.

Unfortunately, the situation has only worsened in 2021, despite the precautions taken at a previously non-imaginable scale to prevent the spread of the disease and the associated vaccination efforts. The impacts of Covid-19 are multiple not only in the domains of health and work, but also redirecting the life and dynamics of society in general, as well as local and international communities. With the worry of being contaminated, fear and panic reign everywhere and people are afraid of being in contact with their friends and even families. Superimposed on this is the many individuals that fell sick and worse those that succumbed to the virus. It is a total psychosis. Life has slowed down and hovers in limitless anxiety, without anyone being able to say how and when it will end. Here in Madagascar associated with the lack of clear dissemination of information, the situation is largely unknown concerning the prevalence of the disease in Malagasy society and the number of deaths; at the time of writing this message only about 3% of the population of Madagascar has being vaccinated.

However, we realize that this is not a time for the lighthearted, that is to say to give up hope. Learning to live with the prevailing situation is the best strategy to cross this difficult period. It is in this spirit of harmonizing the way of life, even given the existing conditions, that the Association Vahatra has been able to advance with some level of serenity through the year 2021. The members and students affiliated with the association have been 100% fully vaccinated, some already with boosters, and taking the needed precautions in social contexts to protect better one other and with the intent to complete what was planned to be accomplish in 2021.

Thus, despite the difficulties and uncertain conditions in which we had to work, the association was able to make numerous important achievements. (Please see different portions of this annual report for further details.) These include, for example, large-scale biological inventories, as part of the BIOCOM project in collaboration with UNESCO with funding from The Korea International Cooperation Agency (KOICA) that were carried out in the protected areas of Montagne des Français in March and in the Marojejy in October and November. In addition, this year we were able to launch an ambitious new project with funding from Save the Rainforest Sweden that aims to support the efforts to conserve the Ambohitantely protected area via three different axes: research on aquatic insects; ecological restoration, including a the large-scale installation of firebreaks surrounding the remaining forests; and the establishment of a multifunctional biological station. The Ambohitantely project illustrates the association’s desire to have a broad approach to its interventions directly needed to the management and protection of biodiversity, in addition to what we have been doing for many years concerning research, dissemination of information on the island’s biodiversity, and human capacity building. Taken together these different aspects help to advance the national perspective on the importance of science and train a whole range of young Malagasy scientists, which in the end is to protect the natural patrimony of the island.

In addition, the Madagascar Protected Areas portal is up and functioning (see https://protectedareas.mg/) and a revised version of the three volume titanic project The Terrestrial Protected Areas of Madagascar: Their History, Description and Biota published by Vahatra in 2018 is now in e-book form (see http://www.press.uchicago.edu/ucp/books/publisher/pu3431914_3431915.html ). In addition, despite a range of Covid-19 restrictions, the staff and students associated with Vahatra presented an HDR memoir, two PhD thesis, and five Masters, as well as a large assortment of scientific articles being published or submitted. Admittedly, the current world health crisis is a nightmare for any institution whatever their field of intervention, but accepting to live with the current situation and finding other solutions to overcome the challenge is the only way forward. Let us hope that with the experiences already lived during this past fateful year, we will all be able to face 2022 with a new and positive perspective and with more hope for the future. Good luck to all because with a valiant heart nothing is impossible!', 1);


--
-- Data for Name: partner; Type: TABLE DATA; Schema: public; Owner: postgres
--

INSERT INTO public.partner (id, description, link, logo, idinst, "isLink") VALUES (1, 'working for the creation and delimitation of new protected areas on Madagascar.', 'https://protectedareas.mg/', 'protected-areas.webp', 'I31', false);
INSERT INTO public.partner (id, description, link, logo, idinst, "isLink") VALUES (2, ' helping with the establishment of a Biodiversity Business Operational Program (BBOP)', 'https://ambatovy.com/en/', 'ambatovy.webp', 'I32', false);
INSERT INTO public.partner (id, description, link, logo, idinst, "isLink") VALUES (4, 'biological evaluation and analysis of human pressures in a new UNESCO site.', 'https://tanymeva.org/', 'tanymeva.webp', 'I34', false);
INSERT INTO public.partner (id, description, link, logo, idinst, "isLink") VALUES (5, 'scientific aid in evaluating biodiversity and training of field agents.', 'https://www.parcs-madagascar.com/', 'mnp.webp', 'I7', false);
INSERT INTO public.partner (id, description, link, logo, idinst, "isLink") VALUES (7, ' helping with the preparation of national report for the Convention on Biodiversity.', 'https://www.environnement.mg/', 'logo-medd-presidence.webp', 'I36', false);
INSERT INTO public.partner (id, description, link, logo, idinst, "isLink") VALUES (8, 'Capacity building for conservation agents and students. This project is generously funded by Helmsley Charitable Trust (HCT)', 'https://www.peregrinefund.org/', 'peregrine.webp', 'I37', false);
INSERT INTO public.partner (id, description, link, logo, idinst, "isLink") VALUES (3, 'Specialist in data exploitation and tools development for the management and conservation through modeling based on scientific information on biodiversity and ecological data.', 'https://www.rebioma.org/', 'rebioma.webp', 'I33', true);
INSERT INTO public.partner (id, description, link, logo, idinst, "isLink") VALUES (6, ' helping with the compilation of data concerning Malagasy taxa.', 'https://cites.org/eng', 'cites.webp', 'I35', true);


--
-- Data for Name: person; Type: TABLE DATA; Schema: public; Owner: postgres
--

INSERT INTO public.person (id, name, username, title) VALUES (1, 'Raselimanana', 'Achille P.', 'Pr.');
INSERT INTO public.person (id, name, username, title) VALUES (2, 'Raherilalao', 'Marie Jeanne', 'Dr.');
INSERT INTO public.person (id, name, username, title) VALUES (3, 'Soarimalala', 'Voahangy', 'Dr.');
INSERT INTO public.person (id, name, username, title) VALUES (4, 'Goodman', 'Steven M.', 'Pr.');
INSERT INTO public.person (id, name, username, title) VALUES (276, 'Raharison', 'J. L.', NULL);
INSERT INTO public.person (id, name, username, title) VALUES (5, 'Raharinirina', 'Sabrina', 'Ms.');
INSERT INTO public.person (id, name, username, title) VALUES (6, 'Ratsirahaingotiana', 'Sandra', 'Ms.');
INSERT INTO public.person (id, name, username, title) VALUES (7, 'Razafindravao', 'Rachel (Ledada)', 'Mr.');
INSERT INTO public.person (id, name, username, title) VALUES (8, 'Malaimbohitsy', 'Elisa', 'Mr.');
INSERT INTO public.person (id, name, username, title) VALUES (9, 'Avisoa', 'Mara', 'Mr.');
INSERT INTO public.person (id, name, username, title) VALUES (10, 'Tsitindria', 'François', 'Mr.');
INSERT INTO public.person (id, name, username, title) VALUES (11, 'Rakotondravony', 'Daniel', 'Pr.');
INSERT INTO public.person (id, name, username, title) VALUES (12, 'Ratsifandrihamanana', 'Nanie', 'Ms.');
INSERT INTO public.person (id, name, username, title) VALUES (13, 'Ratrimoarivony', 'Guy', 'General');
INSERT INTO public.person (id, name, username, title) VALUES (14, 'Andrianarivo', 'Chantal', 'Ms.');
INSERT INTO public.person (id, name, username, title) VALUES (15, 'Ratsirarson', 'Joelisoa', 'Pr.');
INSERT INTO public.person (id, name, username, title) VALUES (16, 'Rakotoary', 'Jean Chrysostome', 'Mr.');
INSERT INTO public.person (id, name, username, title) VALUES (17, 'Andriambololona', 'Raoelina', 'Pr.');
INSERT INTO public.person (id, name, username, title) VALUES (18, 'Ganzhorn', 'Jörg U.', 'Pr.');
INSERT INTO public.person (id, name, username, title) VALUES (19, 'Goodman', 'Paul', 'Mr.');
INSERT INTO public.person (id, name, username, title) VALUES (20, 'Langrand', 'Olivier', 'Mr.');
INSERT INTO public.person (id, name, username, title) VALUES (21, 'Polsky', 'Michael', 'Mr.');
INSERT INTO public.person (id, name, username, title) VALUES (22, 'Ranivoharimanana', 'Lovasoa', 'Ms.');
INSERT INTO public.person (id, name, username, title) VALUES (23, 'REBIOMA', 'Equipe', '');
INSERT INTO public.person (id, name, username, title) VALUES (24, 'Ratsimbazafy', 'Jonah', 'Mr.');
INSERT INTO public.person (id, name, username, title) VALUES (277, 'Cumberlidge', 'N.', NULL);
INSERT INTO public.person (id, name, username, title) VALUES (278, 'Rasamy Razanabolana', 'J.', NULL);
INSERT INTO public.person (id, name, username, title) VALUES (279, 'Ranaivoson', 'C. H.', NULL);
INSERT INTO public.person (id, name, username, title) VALUES (280, 'Randrianasolo', 'H. H.', NULL);
INSERT INTO public.person (id, name, username, title) VALUES (281, 'Sayer', 'C.', NULL);
INSERT INTO public.person (id, name, username, title) VALUES (25, 'Chikhi', 'Lounès', 'Mr.');
INSERT INTO public.person (id, name, username, title) VALUES (26, 'Rakotondratsimba', 'Mbola', 'Ms.');
INSERT INTO public.person (id, name, username, title) VALUES (27, 'Douglas', 'Michael', 'Dr.');
INSERT INTO public.person (id, name, username, title) VALUES (28, 'Ralison', 'J.', NULL);
INSERT INTO public.person (id, name, username, title) VALUES (29, 'Wilmé', 'L.', NULL);
INSERT INTO public.person (id, name, username, title) VALUES (31, 'Gardner', 'Charlie J.', NULL);
INSERT INTO public.person (id, name, username, title) VALUES (32, 'Andrianarimisa', 'Aristide', NULL);
INSERT INTO public.person (id, name, username, title) VALUES (33, 'Andrianjakarivelo', 'Vonjy', NULL);
INSERT INTO public.person (id, name, username, title) VALUES (34, 'Rakotomalala', 'Zafimahery', NULL);
INSERT INTO public.person (id, name, username, title) VALUES (35, 'Anjeriniaina', 'Mirana', NULL);
INSERT INTO public.person (id, name, username, title) VALUES (36, 'Rakotondravony', 'Hery A.', NULL);
INSERT INTO public.person (id, name, username, title) VALUES (37, 'Irwin', 'Mitchell T.', NULL);
INSERT INTO public.person (id, name, username, title) VALUES (38, 'Raharison', 'Jean-Luc', NULL);
INSERT INTO public.person (id, name, username, title) VALUES (39, 'Roux', 'Fabrice', NULL);
INSERT INTO public.person (id, name, username, title) VALUES (40, 'Bejoma', 'Benitoto', NULL);
INSERT INTO public.person (id, name, username, title) VALUES (41, 'Cheban', 'Saoly Alfred', NULL);
INSERT INTO public.person (id, name, username, title) VALUES (42, 'Rejo-Fienena', 'Félicitée', NULL);
INSERT INTO public.person (id, name, username, title) VALUES (43, 'Tostain', 'Serge', NULL);
INSERT INTO public.person (id, name, username, title) VALUES (44, 'Maminirina', 'Claudette P.', NULL);
INSERT INTO public.person (id, name, username, title) VALUES (45, 'Appleton', 'Belinda', NULL);
INSERT INTO public.person (id, name, username, title) VALUES (46, 'Bradman', 'Helen M.', NULL);
INSERT INTO public.person (id, name, username, title) VALUES (47, 'Christidis', 'Les', NULL);
INSERT INTO public.person (id, name, username, title) VALUES (48, 'Lourenço', 'Wilson R.', NULL);
INSERT INTO public.person (id, name, username, title) VALUES (49, 'Razafindratsita', 'Vololontiana', NULL);
INSERT INTO public.person (id, name, username, title) VALUES (50, 'Zack', 'Steve', NULL);
INSERT INTO public.person (id, name, username, title) VALUES (53, 'Griffiths', 'Owen', NULL);
INSERT INTO public.person (id, name, username, title) VALUES (54, 'Barratt', 'Nicola', NULL);
INSERT INTO public.person (id, name, username, title) VALUES (55, 'Lashaway', 'Caleb', NULL);
INSERT INTO public.person (id, name, username, title) VALUES (56, 'Rai', 'Ashutosh', NULL);
INSERT INTO public.person (id, name, username, title) VALUES (57, 'Molou', 'Irfane', NULL);
INSERT INTO public.person (id, name, username, title) VALUES (58, 'Kartchner', 'Zachary', NULL);
INSERT INTO public.person (id, name, username, title) VALUES (59, 'Holley', 'Aidan', NULL);
INSERT INTO public.person (id, name, username, title) VALUES (60, 'Bechtolsheim', 'Matthias von', NULL);
INSERT INTO public.person (id, name, username, title) VALUES (61, 'Renoul', 'Julien P.', NULL);
INSERT INTO public.person (id, name, username, title) VALUES (62, 'Dickinson', 'Steven', NULL);
INSERT INTO public.person (id, name, username, title) VALUES (63, 'Berner', 'Pierre O.', NULL);
INSERT INTO public.person (id, name, username, title) VALUES (64, 'Phillipson', 'Peter B.', NULL);
INSERT INTO public.person (id, name, username, title) VALUES (65, 'Lowry II', 'Porter P.', NULL);
INSERT INTO public.person (id, name, username, title) VALUES (66, 'AndriamahMartin farivo', 'Lalao', NULL);
INSERT INTO public.person (id, name, username, title) VALUES (67, 'Antilahimena', 'Patrice', NULL);
INSERT INTO public.person (id, name, username, title) VALUES (68, 'Birkinshaw', 'Christopher', NULL);
INSERT INTO public.person (id, name, username, title) VALUES (69, 'Rakotonirina', 'Jean Claude', NULL);
INSERT INTO public.person (id, name, username, title) VALUES (70, 'Rall', 'Johannes L.', NULL);
INSERT INTO public.person (id, name, username, title) VALUES (71, 'Andriamanamihaja', 'Hasina', NULL);
INSERT INTO public.person (id, name, username, title) VALUES (72, 'Ravelomanana', 'Tsilavina', NULL);
INSERT INTO public.person (id, name, username, title) VALUES (73, 'Raheriarisena', 'Martin', NULL);
INSERT INTO public.person (id, name, username, title) VALUES (74, 'Ralison', 'José M.', NULL);
INSERT INTO public.person (id, name, username, title) VALUES (75, 'Mass', 'Vanessa', NULL);
INSERT INTO public.person (id, name, username, title) VALUES (76, 'Rakotondratsimba', 'Gilbert', NULL);
INSERT INTO public.person (id, name, username, title) VALUES (77, 'Benstead', 'Jonathan P.', NULL);
INSERT INTO public.person (id, name, username, title) VALUES (95, 'Rossi', 'A.', NULL);
INSERT INTO public.person (id, name, username, title) VALUES (78, 'Waeber', '', NULL);
INSERT INTO public.person (id, name, username, title) VALUES (79, 'Apanaskevich', 'D. A.', NULL);
INSERT INTO public.person (id, name, username, title) VALUES (82, 'Köhler', 'J.', NULL);
INSERT INTO public.person (id, name, username, title) VALUES (83, 'Rancilhac', 'L.', NULL);
INSERT INTO public.person (id, name, username, title) VALUES (85, 'Ohler', 'A.', NULL);
INSERT INTO public.person (id, name, username, title) VALUES (86, 'Preick', 'M.', NULL);
INSERT INTO public.person (id, name, username, title) VALUES (87, 'Hofreiter', 'M.', NULL);
INSERT INTO public.person (id, name, username, title) VALUES (88, 'Glaw', 'F.', NULL);
INSERT INTO public.person (id, name, username, title) VALUES (91, 'Andreone', 'F.', NULL);
INSERT INTO public.person (id, name, username, title) VALUES (92, 'Ratsoavina', 'F. M.', NULL);
INSERT INTO public.person (id, name, username, title) VALUES (94, 'Haalitschek', 'O.', NULL);
INSERT INTO public.person (id, name, username, title) VALUES (99, 'ANDRIANAIVO', 'Barivelo Tony David', NULL);
INSERT INTO public.person (id, name, username, title) VALUES (118, 'RAKOTONDRAMANANA', 'Claude Fabienne', NULL);
INSERT INTO public.person (id, name, username, title) VALUES (81, 'Rasolonjatovo', 'Safidy M.', NULL);
INSERT INTO public.person (id, name, username, title) VALUES (101, 'ANDRIANASOLO', 'Rado Mampionona', NULL);
INSERT INTO public.person (id, name, username, title) VALUES (102, 'ANDRIANIAINA', 'François Angelo', NULL);
INSERT INTO public.person (id, name, username, title) VALUES (103, 'ANDRIANOELINA FITIA', 'Lofontsiriniaina', NULL);
INSERT INTO public.person (id, name, username, title) VALUES (104, 'ANDRINIAINA RANDRENJARISON', 'Hermann Rico', NULL);
INSERT INTO public.person (id, name, username, title) VALUES (105, 'FALIARIVOLA', 'Manoa Lahatriniaina', NULL);
INSERT INTO public.person (id, name, username, title) VALUES (106, 'INGADY', 'Malalanirina Zo Léopolla', NULL);
INSERT INTO public.person (id, name, username, title) VALUES (107, 'KOFOKY', 'Amyot', NULL);
INSERT INTO public.person (id, name, username, title) VALUES (108, 'MAMINIRINA', 'Claudette Patricia', NULL);
INSERT INTO public.person (id, name, username, title) VALUES (109, 'NOROALINTSEHENO', 'Lalarivoniaina Olivà Santarni', NULL);
INSERT INTO public.person (id, name, username, title) VALUES (110, 'RABARISON', 'Hajatiana', NULL);
INSERT INTO public.person (id, name, username, title) VALUES (111, 'RABEARISOA', 'Pierre Angelo', NULL);
INSERT INTO public.person (id, name, username, title) VALUES (112, 'RAHARINORO', 'Njaratiana Anick', NULL);
INSERT INTO public.person (id, name, username, title) VALUES (113, 'RAJEMISON', 'Faneva Iharantsoa', NULL);
INSERT INTO public.person (id, name, username, title) VALUES (114, 'RAKOTOARIVELO', 'Andrinajoro Rianarivola', NULL);
INSERT INTO public.person (id, name, username, title) VALUES (115, 'RAKOTOMANGA', 'Malala Nirina', NULL);
INSERT INTO public.person (id, name, username, title) VALUES (116, 'RAKOTOMANGA', 'Manoa Gaël', NULL);
INSERT INTO public.person (id, name, username, title) VALUES (117, 'RAKOTONANDRASANA', 'Ravo Eddy Nirina', NULL);
INSERT INTO public.person (id, name, username, title) VALUES (119, 'RAKOTOZAFY', 'Lovasoa Manuelle Sylviane', NULL);
INSERT INTO public.person (id, name, username, title) VALUES (120, 'RAMAMONJISOA', 'Dina Lydia', NULL);
INSERT INTO public.person (id, name, username, title) VALUES (121, 'RAMANANA', 'Tojomanana Landryh', NULL);
INSERT INTO public.person (id, name, username, title) VALUES (122, 'RAMASINATREHINA', 'Nasolo Seheno', NULL);
INSERT INTO public.person (id, name, username, title) VALUES (123, 'RAMASINDRAZANA', 'Beza', NULL);
INSERT INTO public.person (id, name, username, title) VALUES (124, 'RANDRIAMAHERIJAONA', 'Sanjiarizaha', NULL);
INSERT INTO public.person (id, name, username, title) VALUES (125, 'RANDRIAMANDIMBIHAZO', 'Rindra', NULL);
INSERT INTO public.person (id, name, username, title) VALUES (126, 'RANDRIAMORIA', 'Toky Maheriniaina', NULL);
INSERT INTO public.person (id, name, username, title) VALUES (127, 'RANDRIANANTOANDRO', 'Njarasoa Claude Aimé', NULL);
INSERT INTO public.person (id, name, username, title) VALUES (128, 'RAOELINJANAKOLONA', 'Nasandratra Nancia', NULL);
INSERT INTO public.person (id, name, username, title) VALUES (129, 'RASOANORO', 'Mercia', NULL);
INSERT INTO public.person (id, name, username, title) VALUES (130, 'RASOMA', 'Juliana', NULL);
INSERT INTO public.person (id, name, username, title) VALUES (131, 'RATRIMONANARIVO', 'Harimalala Fanja', NULL);
INSERT INTO public.person (id, name, username, title) VALUES (132, 'RAZAFINDRANAIVO', 'Simplice', NULL);
INSERT INTO public.person (id, name, username, title) VALUES (133, 'ZAFINDRANORO', 'Harimpitia Haridas', NULL);
INSERT INTO public.person (id, name, username, title) VALUES (84, 'Rakotoarison', 'Andolalao', NULL);
INSERT INTO public.person (id, name, username, title) VALUES (80, 'Scherz', 'Mark D.', NULL);
INSERT INTO public.person (id, name, username, title) VALUES (89, 'Vences', 'Miguel', NULL);
INSERT INTO public.person (id, name, username, title) VALUES (90, 'Crottini', 'Angelica', NULL);
INSERT INTO public.person (id, name, username, title) VALUES (93, 'Vieites', 'David R.', NULL);
INSERT INTO public.person (id, name, username, title) VALUES (134, 'Rasolobera', 'Fifaliantsoa', NULL);
INSERT INTO public.person (id, name, username, title) VALUES (135, 'Ranaivoson', 'Tamby Nasaina', NULL);
INSERT INTO public.person (id, name, username, title) VALUES (136, 'Manana', 'Christian', NULL);
INSERT INTO public.person (id, name, username, title) VALUES (137, 'Rakotoarimalala', 'Fandresena', NULL);
INSERT INTO public.person (id, name, username, title) VALUES (138, 'Botosemily', 'Nomenjanahary', NULL);
INSERT INTO public.person (id, name, username, title) VALUES (140, 'Rakotoarisoa', 'Fanasina Elia', NULL);
INSERT INTO public.person (id, name, username, title) VALUES (141, 'Rasoarimalala', 'Maminirina Sandra', NULL);
INSERT INTO public.person (id, name, username, title) VALUES (142, 'Radovimiandrinifarany', 'Todisoa', NULL);
INSERT INTO public.person (id, name, username, title) VALUES (143, 'Razafimanantsoa', 'Tsiky Mamy', NULL);
INSERT INTO public.person (id, name, username, title) VALUES (144, 'Razafimandimby', 'Lanjavola', NULL);
INSERT INTO public.person (id, name, username, title) VALUES (145, 'Rasoarimanana Rajoniaina', 'Tantely', NULL);
INSERT INTO public.person (id, name, username, title) VALUES (146, 'Radasimalala', 'Vonjisoa', NULL);
INSERT INTO public.person (id, name, username, title) VALUES (147, 'Tahinarivony', 'Jacquis A.', NULL);
INSERT INTO public.person (id, name, username, title) VALUES (148, 'Pruvot', 'Yverlin Z. M', NULL);
INSERT INTO public.person (id, name, username, title) VALUES (149, 'Rene de Roland', 'Lily-Arison', NULL);
INSERT INTO public.person (id, name, username, title) VALUES (150, 'Rakotondratsima', 'Marius', NULL);
INSERT INTO public.person (id, name, username, title) VALUES (151, 'Razafimanjato', 'Gilbert', NULL);
INSERT INTO public.person (id, name, username, title) VALUES (152, 'Andriamalala', 'Tolojanahary', NULL);
INSERT INTO public.person (id, name, username, title) VALUES (153, 'Randrianjafiniasa', 'Donatien', NULL);
INSERT INTO public.person (id, name, username, title) VALUES (154, 'Razafindrakoto', 'Yvette', NULL);
INSERT INTO public.person (id, name, username, title) VALUES (155, 'Rabarisoa', 'Rivo', NULL);
INSERT INTO public.person (id, name, username, title) VALUES (156, 'Raolihanitrasina', 'Salohy E.', NULL);
INSERT INTO public.person (id, name, username, title) VALUES (157, 'Raobson', 'Estelle', NULL);
INSERT INTO public.person (id, name, username, title) VALUES (158, 'Rajemison', 'Balsama', NULL);
INSERT INTO public.person (id, name, username, title) VALUES (159, 'Todilahy', 'Lomeris J.', NULL);
INSERT INTO public.person (id, name, username, title) VALUES (161, 'Randrianarivelojosia', 'Milijaona', NULL);
INSERT INTO public.person (id, name, username, title) VALUES (162, 'Benjara', 'Armand', NULL);
INSERT INTO public.person (id, name, username, title) VALUES (163, 'Tortosa', 'Pablo', NULL);
INSERT INTO public.person (id, name, username, title) VALUES (164, 'Douglass', 'Kristina', NULL);
INSERT INTO public.person (id, name, username, title) VALUES (165, 'Godfrey', 'Laurie R.', NULL);
INSERT INTO public.person (id, name, username, title) VALUES (166, 'Burney', 'David A.', NULL);
INSERT INTO public.person (id, name, username, title) VALUES (167, 'Rasolondrainy', 'Tanambelo', NULL);
INSERT INTO public.person (id, name, username, title) VALUES (168, 'Ramiadantsoa', 'Tanjona', NULL);
INSERT INTO public.person (id, name, username, title) VALUES (169, 'Solofondranohatra', 'Cédrique L.', NULL);
INSERT INTO public.person (id, name, username, title) VALUES (170, 'Razanatsoa', 'Estelle', NULL);
INSERT INTO public.person (id, name, username, title) VALUES (171, 'Virah-Sawmy', 'Malika', NULL);
INSERT INTO public.person (id, name, username, title) VALUES (172, 'Woodborne', 'Stephan', NULL);
INSERT INTO public.person (id, name, username, title) VALUES (173, 'Callanan', 'Caitlyn', NULL);
INSERT INTO public.person (id, name, username, title) VALUES (174, 'Gillson', 'Lindsey', NULL);
INSERT INTO public.person (id, name, username, title) VALUES (175, 'Voarintsoa', 'Ny Riavo G.', NULL);
INSERT INTO public.person (id, name, username, title) VALUES (176, 'Ramarolahy', 'Francine Mirya', NULL);
INSERT INTO public.person (id, name, username, title) VALUES (177, 'Rakotozandry', 'Ravoniaina', NULL);
INSERT INTO public.person (id, name, username, title) VALUES (178, 'Ranaivosoa', 'Voajanahary', NULL);
INSERT INTO public.person (id, name, username, title) VALUES (179, 'Rasolofomanana', 'Nadia', NULL);
INSERT INTO public.person (id, name, username, title) VALUES (180, 'Hekkala', 'Evon', NULL);
INSERT INTO public.person (id, name, username, title) VALUES (181, 'Samonds', 'Karen E.', NULL);
INSERT INTO public.person (id, name, username, title) VALUES (182, 'Peterson', 'Faina', NULL);
INSERT INTO public.person (id, name, username, title) VALUES (183, 'Burns', 'Stephen J.', NULL);
INSERT INTO public.person (id, name, username, title) VALUES (184, 'Crowley', 'Brooke E.', NULL);
INSERT INTO public.person (id, name, username, title) VALUES (185, 'Scroxton', 'Nick', NULL);
INSERT INTO public.person (id, name, username, title) VALUES (186, 'McGee', 'David', NULL);
INSERT INTO public.person (id, name, username, title) VALUES (187, 'Sutherland', 'Michael R.', NULL);
INSERT INTO public.person (id, name, username, title) VALUES (188, 'Rasolonjatovo', 'Harimanjaka A. M.', NULL);
INSERT INTO public.person (id, name, username, title) VALUES (189, 'Muldoon', 'Kathleen', NULL);
INSERT INTO public.person (id, name, username, title) VALUES (190, 'Rakotoarijaona', 'Mamy', NULL);
INSERT INTO public.person (id, name, username, title) VALUES (191, 'Rahantaharivao', 'Noromamy J.', NULL);
INSERT INTO public.person (id, name, username, title) VALUES (192, 'Schwartz', 'Gary T.', NULL);
INSERT INTO public.person (id, name, username, title) VALUES (193, 'King', 'Stephen', NULL);
INSERT INTO public.person (id, name, username, title) VALUES (194, 'Nomenjanahary', 'Eva Stela', NULL);
INSERT INTO public.person (id, name, username, title) VALUES (195, 'Benjamin Z.', 'Freed', NULL);
INSERT INTO public.person (id, name, username, title) VALUES (196, 'Dollar', 'Luke J.', NULL);
INSERT INTO public.person (id, name, username, title) VALUES (197, 'Randrianasy', 'Jeannot', NULL);
INSERT INTO public.person (id, name, username, title) VALUES (198, 'Tovondrazane', 'Camille A.', NULL);
INSERT INTO public.person (id, name, username, title) VALUES (199, 'Holède', 'Bin I.', NULL);
INSERT INTO public.person (id, name, username, title) VALUES (200, 'Andriatsiaronandroy', 'Ricardo R.', NULL);
INSERT INTO public.person (id, name, username, title) VALUES (202, 'Razanakoto', 'Thierry', NULL);
INSERT INTO public.person (id, name, username, title) VALUES (203, 'Rabemananjara', 'Zo', NULL);
INSERT INTO public.person (id, name, username, title) VALUES (204, 'Ravaoherinavalona', 'Rota', NULL);
INSERT INTO public.person (id, name, username, title) VALUES (205, 'Roger', 'Edmond', NULL);
INSERT INTO public.person (id, name, username, title) VALUES (206, 'Rakouth', 'Bakolimalala', NULL);
INSERT INTO public.person (id, name, username, title) VALUES (207, 'Ravaomanalina', 'Bako Harisoa', NULL);
INSERT INTO public.person (id, name, username, title) VALUES (208, 'Walesiak', 'Michał', NULL);
INSERT INTO public.person (id, name, username, title) VALUES (209, 'Mittermeier', 'John C.', NULL);
INSERT INTO public.person (id, name, username, title) VALUES (210, 'Wright', 'Dale R.', NULL);
INSERT INTO public.person (id, name, username, title) VALUES (211, 'Colyn', 'Robin', NULL);
INSERT INTO public.person (id, name, username, title) VALUES (212, 'Gardner', 'Brett', NULL);
INSERT INTO public.person (id, name, username, title) VALUES (213, 'Jocque', 'Merlijn', NULL);
INSERT INTO public.person (id, name, username, title) VALUES (214, 'Kemp', 'Luke', NULL);
INSERT INTO public.person (id, name, username, title) VALUES (215, 'Rene de Roland', 'Angelinah', NULL);
INSERT INTO public.person (id, name, username, title) VALUES (216, 'Slootmaekers', 'Dan', NULL);
INSERT INTO public.person (id, name, username, title) VALUES (217, 'Glos', 'Julian', NULL);
INSERT INTO public.person (id, name, username, title) VALUES (218, 'Kasola', 'Charles', NULL);
INSERT INTO public.person (id, name, username, title) VALUES (219, 'Atrefony', 'Florent', NULL);
INSERT INTO public.person (id, name, username, title) VALUES (220, 'Louis', 'Fisy', NULL);
INSERT INTO public.person (id, name, username, title) VALUES (221, 'Odilon', 'Germany Nicolas', NULL);
INSERT INTO public.person (id, name, username, title) VALUES (222, 'Ralahinirina', 'Romialde Gabriel', NULL);
INSERT INTO public.person (id, name, username, title) VALUES (224, 'Menjanahary', 'Tahina', NULL);
INSERT INTO public.person (id, name, username, title) VALUES (225, 'Ratovonamana', 'Yedidya R.', NULL);
INSERT INTO public.person (id, name, username, title) VALUES (226, 'Lobón-Rovira', 'Javier', NULL);
INSERT INTO public.person (id, name, username, title) VALUES (227, 'Belluardo', 'Francesco', NULL);
INSERT INTO public.person (id, name, username, title) VALUES (228, 'Rasoazanany', 'Malalatiana', NULL);
INSERT INTO public.person (id, name, username, title) VALUES (229, 'Rosa', 'Gonçalo M.', NULL);
INSERT INTO public.person (id, name, username, title) VALUES (231, 'Razafimahatratra', 'Marius', NULL);
INSERT INTO public.person (id, name, username, title) VALUES (232, 'Vololona', 'Judith', NULL);
INSERT INTO public.person (id, name, username, title) VALUES (233, 'Ramamonjisoa', 'Ralalaharisoa Z.', NULL);
INSERT INTO public.person (id, name, username, title) VALUES (234, 'Rasoamanana', 'Elysée N.', NULL);
INSERT INTO public.person (id, name, username, title) VALUES (235, 'Ramavovololona', 'Perle', NULL);
INSERT INTO public.person (id, name, username, title) VALUES (236, 'Castillon', 'Jean-Philippe', NULL);
INSERT INTO public.person (id, name, username, title) VALUES (237, 'Rajaovelona', 'Landy R.', NULL);
INSERT INTO public.person (id, name, username, title) VALUES (238, 'Rajerison', 'Minoarisoa', NULL);
INSERT INTO public.person (id, name, username, title) VALUES (240, 'Razarazafy', 'Duvivier', NULL);
INSERT INTO public.person (id, name, username, title) VALUES (241, 'Razafimanantsoa', 'Tsiresy M.', NULL);
INSERT INTO public.person (id, name, username, title) VALUES (242, 'Ravelomanantsoa', 'Ny Anjara F.', NULL);
INSERT INTO public.person (id, name, username, title) VALUES (243, 'Razafimalala', 'Fanomezantsoa', NULL);
INSERT INTO public.person (id, name, username, title) VALUES (244, 'Ranivo', 'Julie', NULL);
INSERT INTO public.person (id, name, username, title) VALUES (245, 'Reher', 'Stephanie', NULL);
INSERT INTO public.person (id, name, username, title) VALUES (246, 'Schoroth', 'Marie', NULL);
INSERT INTO public.person (id, name, username, title) VALUES (247, 'Dausmann', 'Kathrin', NULL);
INSERT INTO public.person (id, name, username, title) VALUES (248, 'Randriamanana', 'Jean P.', NULL);
INSERT INTO public.person (id, name, username, title) VALUES (249, 'Razafindramasy', 'Onjaniaina G.', NULL);
INSERT INTO public.person (id, name, username, title) VALUES (250, 'Oninjatovo', 'Radonirina H.', NULL);
INSERT INTO public.person (id, name, username, title) VALUES (251, 'Razakafamantanantsoa', 'Antso', NULL);
INSERT INTO public.person (id, name, username, title) VALUES (252, 'Randrianarisata', 'Mandaniaina D. M.', NULL);
INSERT INTO public.person (id, name, username, title) VALUES (253, 'Benjamina', 'Gaëtan S.', NULL);
INSERT INTO public.person (id, name, username, title) VALUES (254, 'Raharinirina', 'Deborah', NULL);
INSERT INTO public.person (id, name, username, title) VALUES (256, 'Jao', 'Nantenaina M.', NULL);
INSERT INTO public.person (id, name, username, title) VALUES (257, 'Raharisoa', 'David M.', NULL);
INSERT INTO public.person (id, name, username, title) VALUES (258, 'Rakotovao', 'Frasquita', NULL);
INSERT INTO public.person (id, name, username, title) VALUES (259, 'Rafanoharana', 'James', NULL);
INSERT INTO public.person (id, name, username, title) VALUES (260, 'Rasolofoniaina', 'Bako', NULL);
INSERT INTO public.person (id, name, username, title) VALUES (261, 'Razafy', 'Prisca', NULL);
INSERT INTO public.person (id, name, username, title) VALUES (262, 'Razafimahatratra', 'Emilienne', NULL);
INSERT INTO public.person (id, name, username, title) VALUES (263, 'Kappeler', 'Peter M.', NULL);
INSERT INTO public.person (id, name, username, title) VALUES (264, 'Rafilipo', 'Luckah A.', NULL);
INSERT INTO public.person (id, name, username, title) VALUES (265, 'Fidy', 'Jean François S. N.', NULL);
INSERT INTO public.person (id, name, username, title) VALUES (266, 'Beny', 'Makboul', NULL);
INSERT INTO public.person (id, name, username, title) VALUES (267, 'Maeder', 'Muriel N.', NULL);
INSERT INTO public.person (id, name, username, title) VALUES (268, 'Raherinjafy', 'Rogelin', NULL);
INSERT INTO public.person (id, name, username, title) VALUES (269, 'Andriamahefa', 'Heritiana', NULL);
INSERT INTO public.person (id, name, username, title) VALUES (273, 'Rakotomalala', 'J. E.', NULL);
INSERT INTO public.person (id, name, username, title) VALUES (274, 'Proctor', 'S.', NULL);
INSERT INTO public.person (id, name, username, title) VALUES (275, 'Rakotondraparany', 'F.', NULL);
INSERT INTO public.person (id, name, username, title) VALUES (271, 'Ranirison', 'Patrick', NULL);
INSERT INTO public.person (id, name, username, title) VALUES (272, 'Gautier', 'Laurent', NULL);
INSERT INTO public.person (id, name, username, title) VALUES (282, 'Máiz-Tomé', 'L.', NULL);
INSERT INTO public.person (id, name, username, title) VALUES (283, 'Van Damme', 'D.', NULL);
INSERT INTO public.person (id, name, username, title) VALUES (284, 'Darwall', 'W. R. T.', NULL);
INSERT INTO public.person (id, name, username, title) VALUES (286, 'Boyer', 'S.', NULL);
INSERT INTO public.person (id, name, username, title) VALUES (287, 'ANDRINIAINA', 'H. A.', NULL);
INSERT INTO public.person (id, name, username, title) VALUES (288, 'Gauthier', 'N. E.', NULL);
INSERT INTO public.person (id, name, username, title) VALUES (289, 'Ravaojanahary', 'F. F.', NULL);
INSERT INTO public.person (id, name, username, title) VALUES (290, 'Sylvestre', 'M. H.', NULL);
INSERT INTO public.person (id, name, username, title) VALUES (292, 'Bamford', 'A.', NULL);
INSERT INTO public.person (id, name, username, title) VALUES (293, 'Rasamimanana', 'Notahinjanahary', NULL);
INSERT INTO public.person (id, name, username, title) VALUES (294, 'Ramahatratra', 'Edouard', NULL);
INSERT INTO public.person (id, name, username, title) VALUES (295, 'Ranaivonasy', 'Jeannin', NULL);
INSERT INTO public.person (id, name, username, title) VALUES (296, 'Richard', 'Alison', NULL);
INSERT INTO public.person (id, name, username, title) VALUES (297, 'Jaonarisoa', 'Enafa', NULL);
INSERT INTO public.person (id, name, username, title) VALUES (298, 'Youssouf Jacky', 'Ibrahim A.', NULL);
INSERT INTO public.person (id, name, username, title) VALUES (299, 'Fiorentino', 'Isabella', NULL);
INSERT INTO public.person (id, name, username, title) VALUES (300, 'Mahereza', 'Sibien', NULL);
INSERT INTO public.person (id, name, username, title) VALUES (301, 'Sauther', 'Michelle', NULL);
INSERT INTO public.person (id, name, username, title) VALUES (302, 'Efitiria', '', NULL);
INSERT INTO public.person (id, name, username, title) VALUES (303, 'Rahendrimanana', 'José C.', NULL);
INSERT INTO public.person (id, name, username, title) VALUES (304, 'Randrianandrasana', 'Andry S.', NULL);
INSERT INTO public.person (id, name, username, title) VALUES (305, 'Efitroarany', '', NULL);
INSERT INTO public.person (id, name, username, title) VALUES (306, 'Rafarasoa', 'Lala S;', NULL);
INSERT INTO public.person (id, name, username, title) VALUES (307, 'Ranarilalatiana', 'Tolotra', NULL);
INSERT INTO public.person (id, name, username, title) VALUES (308, 'Andrianantoandro', 'Aina', NULL);
INSERT INTO public.person (id, name, username, title) VALUES (309, 'Ravaomanarivo', 'Raveloson', NULL);
INSERT INTO public.person (id, name, username, title) VALUES (270, 'Rasoanaivo', 'Niry S.', NULL);
INSERT INTO public.person (id, name, username, title) VALUES (285, 'Beaucournu', 'Jean Claude', NULL);
INSERT INTO public.person (id, name, username, title) VALUES (310, 'Razafimahatratra', 'Bertrand', NULL);
INSERT INTO public.person (id, name, username, title) VALUES (311, 'Bader', 'Elias', NULL);
INSERT INTO public.person (id, name, username, title) VALUES (312, 'Acácio', 'Marta', NULL);
INSERT INTO public.person (id, name, username, title) VALUES (313, 'Monadjem', 'Ara', NULL);
INSERT INTO public.person (id, name, username, title) VALUES (314, 'Le Minter', 'Gildas', NULL);
INSERT INTO public.person (id, name, username, title) VALUES (315, 'Lagadec', 'Erwan', NULL);
INSERT INTO public.person (id, name, username, title) VALUES (316, 'Jasper', 'Louise D.', NULL);
INSERT INTO public.person (id, name, username, title) VALUES (317, 'Tovondrafale', 'Tsimihole', NULL);
INSERT INTO public.person (id, name, username, title) VALUES (318, 'Razakamanana', 'Théodore', NULL);
INSERT INTO public.person (id, name, username, title) VALUES (319, 'Hiroko', 'Koike', NULL);
INSERT INTO public.person (id, name, username, title) VALUES (320, 'Rasoamiaramanana', 'Armand', NULL);
INSERT INTO public.person (id, name, username, title) VALUES (321, 'Vorontsova', 'Maria S.', NULL);
INSERT INTO public.person (id, name, username, title) VALUES (322, 'Rakotoarisoa', 'Solofo E.', NULL);
INSERT INTO public.person (id, name, username, title) VALUES (323, 'Dittmann', 'Marie T.', NULL);
INSERT INTO public.person (id, name, username, title) VALUES (324, 'Dammhahn', 'Melanie', NULL);
INSERT INTO public.person (id, name, username, title) VALUES (325, 'Robert', 'Vincent', NULL);
INSERT INTO public.person (id, name, username, title) VALUES (326, 'Borkent', 'Art', NULL);
INSERT INTO public.person (id, name, username, title) VALUES (327, 'Ramamonjisoa', 'Juliot', NULL);
INSERT INTO public.person (id, name, username, title) VALUES (328, 'Cheke', 'Anthony S.', NULL);
INSERT INTO public.person (id, name, username, title) VALUES (329, 'Rocamora', 'Gérard', NULL);
INSERT INTO public.person (id, name, username, title) VALUES (330, 'Schoeman', 'Corrie', NULL);
INSERT INTO public.person (id, name, username, title) VALUES (331, 'Ralisata', 'Mahefatiana', NULL);
INSERT INTO public.person (id, name, username, title) VALUES (332, 'Wilkinson', 'David A.', NULL);
INSERT INTO public.person (id, name, username, title) VALUES (333, 'Beral', 'Marina', NULL);
INSERT INTO public.person (id, name, username, title) VALUES (334, 'Dietrich', 'Muriel', NULL);
INSERT INTO public.person (id, name, username, title) VALUES (335, 'Andriamamonjy', 'Aldus', NULL);
INSERT INTO public.person (id, name, username, title) VALUES (336, 'Randalana', 'Roger', NULL);
INSERT INTO public.person (id, name, username, title) VALUES (337, 'Middleton', 'Gregory J.', NULL);
INSERT INTO public.person (id, name, username, title) VALUES (338, 'Radimilahy', 'Chantal', NULL);
INSERT INTO public.person (id, name, username, title) VALUES (339, 'Andrianaivoarivony', 'Rafolo', NULL);
INSERT INTO public.person (id, name, username, title) VALUES (340, 'Rasoarifetra', 'Bako', NULL);
INSERT INTO public.person (id, name, username, title) VALUES (341, 'Rakotozafy', 'Lucien M. A.', NULL);
INSERT INTO public.person (id, name, username, title) VALUES (342, 'Chatelain', 'Cyrille', NULL);
INSERT INTO public.person (id, name, username, title) VALUES (343, 'Hanitrarivo', 'Mitia R.', NULL);
INSERT INTO public.person (id, name, username, title) VALUES (344, 'Rakotozafy', 'Brice F. L.', NULL);
INSERT INTO public.person (id, name, username, title) VALUES (345, 'Bolliger', 'Ralph', NULL);
INSERT INTO public.person (id, name, username, title) VALUES (346, 'Luino', 'Iacopo', NULL);
INSERT INTO public.person (id, name, username, title) VALUES (348, 'Hanitrarivo', 'Riambola M.', NULL);
INSERT INTO public.person (id, name, username, title) VALUES (349, 'Rasolofo', 'Nathalie', NULL);
INSERT INTO public.person (id, name, username, title) VALUES (350, 'Ravelomanana', 'Andrianjaka', NULL);
INSERT INTO public.person (id, name, username, title) VALUES (351, 'Fisher', 'Brian L.', NULL);
INSERT INTO public.person (id, name, username, title) VALUES (352, 'Randriandimbimahazo', 'Rindra', NULL);
INSERT INTO public.person (id, name, username, title) VALUES (353, 'Markolf', 'Matthias', NULL);
INSERT INTO public.person (id, name, username, title) VALUES (354, 'Lührs', 'Mia-Lana', NULL);
INSERT INTO public.person (id, name, username, title) VALUES (355, 'Thalmann', 'Urs', NULL);
INSERT INTO public.person (id, name, username, title) VALUES (356, 'Andriaharimalala', 'Tahiana', NULL);
INSERT INTO public.person (id, name, username, title) VALUES (357, 'Rajeriarison', 'Charlotte', NULL);
INSERT INTO public.person (id, name, username, title) VALUES (358, 'Letsara', 'Rokiman', NULL);
INSERT INTO public.person (id, name, username, title) VALUES (359, 'Almeda', 'Frank', NULL);
INSERT INTO public.person (id, name, username, title) VALUES (360, 'Rakotoarison', 'Fenonirina', NULL);
INSERT INTO public.person (id, name, username, title) VALUES (362, 'Chanu', 'Lalandy', NULL);
INSERT INTO public.person (id, name, username, title) VALUES (363, 'Goetze', 'Dethardt', NULL);
INSERT INTO public.person (id, name, username, title) VALUES (364, 'Thorén', 'Sandra', NULL);
INSERT INTO public.person (id, name, username, title) VALUES (365, 'Porembski', 'Stefan', NULL);
INSERT INTO public.person (id, name, username, title) VALUES (366, 'Radespiel', 'Ute', NULL);
INSERT INTO public.person (id, name, username, title) VALUES (367, 'Schnoell', 'Anna V.', NULL);
INSERT INTO public.person (id, name, username, title) VALUES (368, 'Sam', 'The Seing', NULL);
INSERT INTO public.person (id, name, username, title) VALUES (369, 'Rakotonavalona', 'Andrilalao M.', NULL);
INSERT INTO public.person (id, name, username, title) VALUES (370, 'Fatroandrianjafinonjasolomiovazo', 'Tolojanahary N. L.', NULL);
INSERT INTO public.person (id, name, username, title) VALUES (371, 'Rasoamampionona', 'Noromalala R.', NULL);
INSERT INTO public.person (id, name, username, title) VALUES (373, 'Parent', 'Sara N.', NULL);
INSERT INTO public.person (id, name, username, title) VALUES (374, 'Ranarijaona', 'Hery Lisy T.', NULL);
INSERT INTO public.person (id, name, username, title) VALUES (375, 'Nantenaina', 'Donald A.', NULL);
INSERT INTO public.person (id, name, username, title) VALUES (376, 'Andrianasetra', 'Georges S.', NULL);
INSERT INTO public.person (id, name, username, title) VALUES (377, 'Barthélémy', 'Daniel', NULL);
INSERT INTO public.person (id, name, username, title) VALUES (378, 'Caraglio', 'Yves', NULL);
INSERT INTO public.person (id, name, username, title) VALUES (379, 'Edelin', 'Claude', NULL);
INSERT INTO public.person (id, name, username, title) VALUES (380, 'Rasoma', 'Rahantavololona V. J', NULL);
INSERT INTO public.person (id, name, username, title) VALUES (381, 'Ranivoarivelo', 'Soazara', NULL);
INSERT INTO public.person (id, name, username, title) VALUES (382, 'Marquard', 'Matthias', NULL);
INSERT INTO public.person (id, name, username, title) VALUES (383, 'Ramilijaona', 'Olga R.', NULL);
INSERT INTO public.person (id, name, username, title) VALUES (384, 'Rakotomalala', 'Domoina', NULL);
INSERT INTO public.person (id, name, username, title) VALUES (385, 'Callmander', 'Martin', NULL);
INSERT INTO public.person (id, name, username, title) VALUES (386, 'Nusbaumer', 'Louis', NULL);
INSERT INTO public.person (id, name, username, title) VALUES (387, 'Herbert', 'David G.', NULL);
INSERT INTO public.person (id, name, username, title) VALUES (388, 'Vincke', 'Xavier', NULL);
INSERT INTO public.person (id, name, username, title) VALUES (389, 'Rakotondranary', 'Jacques', NULL);


--
-- Data for Name: post; Type: TABLE DATA; Schema: public; Owner: postgres
--

INSERT INTO public.post (id, name) VALUES ('P1', 'president');
INSERT INTO public.post (id, name) VALUES ('P2', 'professor');
INSERT INTO public.post (id, name) VALUES ('P3', 'scientific member');
INSERT INTO public.post (id, name) VALUES ('P4', 'ornithologist');
INSERT INTO public.post (id, name) VALUES ('P5', 'chef editor of Malagasy Nature');
INSERT INTO public.post (id, name) VALUES ('P6', 'scientific coordinator');
INSERT INTO public.post (id, name) VALUES ('P7', 'mammalogist');
INSERT INTO public.post (id, name) VALUES ('P9', 'head museum curator');
INSERT INTO public.post (id, name) VALUES ('P10', 'scientific advisor');
INSERT INTO public.post (id, name) VALUES ('P11', 'vice president');
INSERT INTO public.post (id, name) VALUES ('P12', 'co-editor of Malagasy Nature');
INSERT INTO public.post (id, name) VALUES ('P13', 'docteur honoris causa');
INSERT INTO public.post (id, name) VALUES ('P14', 'financial & administration manager');
INSERT INTO public.post (id, name) VALUES ('P15', 'logistic coordinator');
INSERT INTO public.post (id, name) VALUES ('P16', 'domestic help');
INSERT INTO public.post (id, name) VALUES ('P19', 'country director');
INSERT INTO public.post (id, name) VALUES ('P20', 'général de corps d''armée');
INSERT INTO public.post (id, name) VALUES ('P21', 'Center for Diplomatic and Strategic studies');
INSERT INTO public.post (id, name) VALUES ('P22', 'former head of research and biodiversity');
INSERT INTO public.post (id, name) VALUES ('P23', 'technical advisor');
INSERT INTO public.post (id, name) VALUES ('P24', 'ex-vice president');
INSERT INTO public.post (id, name) VALUES ('P25', 'ex-general director');
INSERT INTO public.post (id, name) VALUES ('P26', 'principal');
INSERT INTO public.post (id, name) VALUES ('P27', 'executive director');
INSERT INTO public.post (id, name) VALUES ('P28', 'director');
INSERT INTO public.post (id, name) VALUES ('P17', 'guardian');
INSERT INTO public.post (id, name) VALUES ('P18', 'gardener');


--
-- Data for Name: publication; Type: TABLE DATA; Schema: public; Owner: postgres
--

INSERT INTO public.publication (id, title, description, date, idtype, imagefront, imageback) VALUES (13, 'Volume 13', '', '2019-01-01', 1, 'mn13.webp', 'mn13_back.webp');
INSERT INTO public.publication (id, title, description, date, idtype, imagefront, imageback) VALUES (1, 'Volume 1 - Les forêts sèches de Madagascar', 'This first issue of Malagasy Nature is a monograph of 200 pages on Madagascar dry forests, associated with inventories conducted by a group of scientists in Madagascar, which are among the founding members of the Association Vahatra.', '2009-01-01', 1, 'mn1.webp', NULL);
INSERT INTO public.publication (id, title, description, date, idtype, imagefront, imageback) VALUES (5, 'Volume 5', '', '2011-01-01', 1, 'mn5.webp', NULL);
INSERT INTO public.publication (id, title, description, date, idtype, imagefront, imageback) VALUES (14, 'Volume 14', '', '2020-01-01', 1, 'mn14.webp', 'mn14_back.webp');
INSERT INTO public.publication (id, title, description, date, idtype, imagefront, imageback) VALUES (7, 'Volume 7', '', '2013-01-01', 1, 'mn7.webp', NULL);
INSERT INTO public.publication (id, title, description, date, idtype, imagefront, imageback) VALUES (15, 'Volume 15', '', '2021-01-01', 1, 'mn15.webp', 'mn15_back.webp');
INSERT INTO public.publication (id, title, description, date, idtype, imagefront, imageback) VALUES (17, 'Les petits mammifères de Madagascar', '176 pp and 100 figures.', '2011-01-01', 2, 'g2.webp', 'g2_back.webp');
INSERT INTO public.publication (id, title, description, date, idtype, imagefront, imageback) VALUES (18, 'Histoire naturelle des familles et sous-familles endémiques d''oiseaux de Madagascar', 'pp 148 and 54 figures.', '2011-01-01', 2, 'g3.webp', 'g3_back.webp');
INSERT INTO public.publication (id, title, description, date, idtype, imagefront, imageback) VALUES (20, 'Les animaux et écosystèmes de l''Holocène disparus de Madagascar', 'pp 249, 34 figures and 20 plates.', '2013-01-01', 2, 'g5.webp', 'g5_back.webp');
INSERT INTO public.publication (id, title, description, date, idtype, imagefront, imageback) VALUES (21, 'Les amphibiens des zones arides du Sud et de l''Ouest de Madagascar', 'pp 180 and 129 figures', '2014-01-01', 2, 'g6.webp', 'g6_back.webp');
INSERT INTO public.publication (id, title, description, date, idtype, imagefront, imageback) VALUES (8, 'Volume 8', '', '2014-01-01', 1, 'mn8.webp', NULL);
INSERT INTO public.publication (id, title, description, date, idtype, imagefront, imageback) VALUES (22, 'Les amphibiens du Nord de Madagascar', 'pp 354 and 197 figures, with pictograms.', '2018-01-01', 2, 'g7.webp', 'g7_back.webp');
INSERT INTO public.publication (id, title, description, date, idtype, imagefront, imageback) VALUES (23, 'Fourmis de Madagascar : un guide pour les 62 genres / Ants of Madagascar: a guide for the 62 genera', 'A bilingual French-English book. 253 pp.', '2019-01-01', 2, 'g8.webp', 'g8_back.webp');
INSERT INTO public.publication (id, title, description, date, idtype, imagefront, imageback) VALUES (24, 'Libellules et demoiselles de Madagascar et des Iles de l’Océan Indien occidentale / Dragonflies and damselflies of Madagascar and the western Indian Ocean Islands', 'A bilingual French-English book. 194 pp.', '2021-01-01', 2, 'g9.webp', 'g9_back.webp');
INSERT INTO public.publication (id, title, description, date, idtype, imagefront, imageback) VALUES (9, 'Volume 9', '', '2015-01-01', 1, 'mn9.webp', NULL);
INSERT INTO public.publication (id, title, description, date, idtype, imagefront, imageback) VALUES (28, 'The terrestrial protected areas of Madagascar: their history, description and biota.', '', '2018-01-01', 3, 'op4.webp', 'op4_back.webp');
INSERT INTO public.publication (id, title, description, date, idtype, imagefront, imageback) VALUES (27, 'Atlas of selected land vertebrates of Madagascar', 'While the past few decades have seen numerous publications about the extraordinary and highly endemic terrestrial vertebrate fauna of Madagascar, ranging from technical papers, to species descriptions, and field guides, no detailed mapping exercise has been completed in the form of an atlas. The purpose of this book is that, to bring together information from numerous sources and present distributional maps for a wide range of taxa, descriptive texts to interpret patterns, and, for most, habitat models (Maxent). For the different reptiles, birds, and mammals treated herein, this atlas is intended as a reference for students, researchers, naturalists, and conservationists.', '2013-01-01', 3, 'op3.webp', 'op3_back.webp');
INSERT INTO public.publication (id, title, description, date, idtype, imagefront, imageback) VALUES (10, 'Volume 10', '', '2016-01-01', 1, 'mn10.webp', NULL);
INSERT INTO public.publication (id, title, description, date, idtype, imagefront, imageback) VALUES (11, 'Volume 11', '', '2017-01-01', 1, 'mn11.webp', NULL);
INSERT INTO public.publication (id, title, description, date, idtype, imagefront, imageback) VALUES (26, 'Memoirs and thesis', '', '2015-01-01', 3, 'op2.webp', NULL);
INSERT INTO public.publication (id, title, description, date, idtype, imagefront, imageback) VALUES (25, 'Publications', '', '2015-01-01', 3, 'op1.webp', NULL);
INSERT INTO public.publication (id, title, description, date, idtype, imagefront, imageback) VALUES (6, 'Volume 6', '', '2012-01-01', 1, 'mn6.webp', NULL);
INSERT INTO public.publication (id, title, description, date, idtype, imagefront, imageback) VALUES (19, 'Les Carnivora de Madagascar', 'pp 158 and 73 figures.', '2012-01-01', 2, 'g4.webp', 'g4_back.webp');
INSERT INTO public.publication (id, title, description, date, idtype, imagefront, imageback) VALUES (16, 'Les chauves-souris de Madagascar', '129 pp and 77 figures.', '2011-01-01', 2, 'g1.webp', 'g1_back.webp');
INSERT INTO public.publication (id, title, description, date, idtype, imagefront, imageback) VALUES (12, 'Volume 12', '', '2017-02-01', 1, 'mn12.webp', 'mn12_back.webp');
INSERT INTO public.publication (id, title, description, date, idtype, imagefront, imageback) VALUES (39, 'Volume 16', NULL, '2022-10-01', 1, 'covmn16.webp', 'covmn16_back.webp');
INSERT INTO public.publication (id, title, description, date, idtype, imagefront, imageback) VALUES (2, 'Volume 2', '', '2009-02-01', 1, 'mn2.webp', NULL);
INSERT INTO public.publication (id, title, description, date, idtype, imagefront, imageback) VALUES (4, 'Volume 4', '', '2010-02-01', 1, 'mn4.webp', NULL);
INSERT INTO public.publication (id, title, description, date, idtype, imagefront, imageback) VALUES (3, 'Volume 3: Biodiversity, exploration, and conservation of the natural habitats associated with the Ambatovy project', 'The third volume of Malagasy Nature presents a series of studies undertaken in the Ambatovy forests, near Moramanga. These studies were made within the framework of a research on the biodiversity partially covered forest zones, exposed to the mining by the Ambatovy Project. They were done to support the project conservation program.



Besides the description of the mining project conservation and ecological monitoring programmes, this Volume 3 shows the diverse biological and ecological information on various groups in particular, the invertebrates, the vertebrates, as well as the plants. It also compiles the results of the inventories of a zone near the region of Andasibe which was extensively studied for decades, in particular emphasizing the new discoveries on the flora and the fauna for these last 20 years. The new data presented in this volume show the biological importance of the studied zones. They will form basic information for the ecological and specific changes monitoring within the local biodiversity in time and in space.', '2010-01-01', 1, 'mn3.webp', NULL);
INSERT INTO public.publication (id, title, description, date, idtype, imagefront, imageback) VALUES (29, 'The New Natural History of Madagascar', 'In 2003, Steve Goodman and Jonathan P. Benstead (University of Georgia)

published a large volume (+1700 pages) entitled The Natural History

of Madagascar (University of Chicago Press). Steve was first editor

and principal contributor to the volume, which was widely praised—

e.g., Science called it “a scientific milestone and by far the largest synthesis

of tropical biology research ever.” Now fast forward nearly two decades

later and since the 2003 book appeared the amount of new information on

the natural history of Madagascar has expanded at a rate beyond the most

enthusiastic expectations. Advances made on research and conservation

fronts concerning Madagascar during this period easily surpassed that of

the 20 years preceding that volume’s publication. With all of this in mind,

Steve, as the principal editor, joined by 17 subject editors, including Achille

Raselimanana, have completely reworked the 2003 book. It is important to

underline that the new project is not a simple revision of the 2003 volume,

but a completely new book, with no previous contribution being simply

reprinted. Princeton University Press will publish the new volume in late

2022 or early 2023 under the title The New Natural History of Madagascar.

At the time of this writing, late January 2022, most of the book is in first

page proofs. The manuscript came in at just under 7,000 pages, including

553 figures and 243 tables, and has 279 contributions from 539 contributors,

of which about one-third are Malagasy and the 2003 book less than onequarter. The book will appear in two separate volumes of an estimated 1250

pages each. Princeton University Press has been highly collaborative in this

project and several hundred copies of the book will be sent to Madagascar for

distribution to different governmental and non-governmental collaborators

and partners of Association Vahatra', '2023-01-01', 3, 'nnhm.webp', NULL);
INSERT INTO public.publication (id, title, description, date, idtype, imagefront, imageback) VALUES (30, 'The Natural History of Madagascar', ' Separated from the mainland of Africa for 160 million years, Madagascar has evolved an incredible wealth of biodiversity, with thousands of species that can be found nowhere else on earth. For instance, of its estimated 12,000 plant species, nearly 10,000 are unique to Madagascar. Malagasy animals are just as spectacular, from its almost forty currently recognized species of lemurs―a primate group found only here―to the numerous species of tiny dwarf chameleons. With astounding frequency scientists discover a previously unknown species in Madagascar―and at almost the same rate another natural area of habitat is degraded or destroyed, a combination that recently led conservation organizations to name Madagascar one of the most important and threatened conservation priorities on the planet.



The Natural History of Madagascar provides the most comprehensive, up-to-date synthesis available of this island nation''s priceless biological treasures. Contributions by nearly three hundred world-renowned experts cover the history of scientific exploration in Madagascar, its geology and soils, climate, forest ecology, human ecology, marine and coastal ecosystems, plants, invertebrates, fishes, amphibians, reptiles, birds, and mammals. Detailed discussions of conservation efforts in Madagascar highlight several successful park reserve programs that could serve as models for other areas. Beautifully illustrated throughout, the book includes over one hundred color illustrations, with fifty color photos by nature photographer Harald Schütz, as well as more than three hundred black-and-white photographs and line drawings.



The Natural History of Madagascar will be the invaluable reference for anyone interested in the Malagasy environment, from biologists and conservationists to policymakers and ecotourists. ', '2003-01-01', 3, 'nhm.webp', NULL);


--
-- Data for Name: publicationauthor; Type: TABLE DATA; Schema: public; Owner: postgres
--

INSERT INTO public.publicationauthor (id, idperson, idpublication) VALUES (1, 2, 1);
INSERT INTO public.publicationauthor (id, idperson, idpublication) VALUES (2, 4, 1);
INSERT INTO public.publicationauthor (id, idperson, idpublication) VALUES (3, 1, 1);
INSERT INTO public.publicationauthor (id, idperson, idpublication) VALUES (4, 3, 1);
INSERT INTO public.publicationauthor (id, idperson, idpublication) VALUES (5, 28, 1);
INSERT INTO public.publicationauthor (id, idperson, idpublication) VALUES (6, 29, 1);
INSERT INTO public.publicationauthor (id, idperson, idpublication) VALUES (8, 2, 2);
INSERT INTO public.publicationauthor (id, idperson, idpublication) VALUES (9, 4, 2);
INSERT INTO public.publicationauthor (id, idperson, idpublication) VALUES (10, 3, 2);
INSERT INTO public.publicationauthor (id, idperson, idpublication) VALUES (11, 31, 2);
INSERT INTO public.publicationauthor (id, idperson, idpublication) VALUES (12, 32, 2);
INSERT INTO public.publicationauthor (id, idperson, idpublication) VALUES (13, 33, 2);
INSERT INTO public.publicationauthor (id, idperson, idpublication) VALUES (14, 34, 2);
INSERT INTO public.publicationauthor (id, idperson, idpublication) VALUES (15, 35, 2);
INSERT INTO public.publicationauthor (id, idperson, idpublication) VALUES (16, 36, 2);
INSERT INTO public.publicationauthor (id, idperson, idpublication) VALUES (17, 37, 2);
INSERT INTO public.publicationauthor (id, idperson, idpublication) VALUES (18, 38, 2);
INSERT INTO public.publicationauthor (id, idperson, idpublication) VALUES (19, 39, 2);
INSERT INTO public.publicationauthor (id, idperson, idpublication) VALUES (20, 40, 2);
INSERT INTO public.publicationauthor (id, idperson, idpublication) VALUES (21, 41, 2);
INSERT INTO public.publicationauthor (id, idperson, idpublication) VALUES (22, 42, 2);
INSERT INTO public.publicationauthor (id, idperson, idpublication) VALUES (23, 43, 2);
INSERT INTO public.publicationauthor (id, idperson, idpublication) VALUES (24, 44, 2);
INSERT INTO public.publicationauthor (id, idperson, idpublication) VALUES (25, 45, 2);
INSERT INTO public.publicationauthor (id, idperson, idpublication) VALUES (26, 46, 2);
INSERT INTO public.publicationauthor (id, idperson, idpublication) VALUES (27, 47, 2);
INSERT INTO public.publicationauthor (id, idperson, idpublication) VALUES (28, 48, 2);
INSERT INTO public.publicationauthor (id, idperson, idpublication) VALUES (29, 49, 2);
INSERT INTO public.publicationauthor (id, idperson, idpublication) VALUES (30, 50, 2);
INSERT INTO public.publicationauthor (id, idperson, idpublication) VALUES (33, 53, 2);
INSERT INTO public.publicationauthor (id, idperson, idpublication) VALUES (34, 54, 2);
INSERT INTO public.publicationauthor (id, idperson, idpublication) VALUES (35, 55, 2);
INSERT INTO public.publicationauthor (id, idperson, idpublication) VALUES (36, 56, 2);
INSERT INTO public.publicationauthor (id, idperson, idpublication) VALUES (37, 57, 2);
INSERT INTO public.publicationauthor (id, idperson, idpublication) VALUES (38, 58, 2);
INSERT INTO public.publicationauthor (id, idperson, idpublication) VALUES (39, 59, 2);
INSERT INTO public.publicationauthor (id, idperson, idpublication) VALUES (40, 60, 2);
INSERT INTO public.publicationauthor (id, idperson, idpublication) VALUES (41, 61, 2);
INSERT INTO public.publicationauthor (id, idperson, idpublication) VALUES (42, 20, 2);
INSERT INTO public.publicationauthor (id, idperson, idpublication) VALUES (43, 4, 3);
INSERT INTO public.publicationauthor (id, idperson, idpublication) VALUES (44, 1, 3);
INSERT INTO public.publicationauthor (id, idperson, idpublication) VALUES (45, 2, 3);
INSERT INTO public.publicationauthor (id, idperson, idpublication) VALUES (46, 62, 3);
INSERT INTO public.publicationauthor (id, idperson, idpublication) VALUES (47, 63, 3);
INSERT INTO public.publicationauthor (id, idperson, idpublication) VALUES (48, 64, 3);
INSERT INTO public.publicationauthor (id, idperson, idpublication) VALUES (49, 65, 3);
INSERT INTO public.publicationauthor (id, idperson, idpublication) VALUES (50, 66, 3);
INSERT INTO public.publicationauthor (id, idperson, idpublication) VALUES (51, 67, 3);
INSERT INTO public.publicationauthor (id, idperson, idpublication) VALUES (52, 68, 3);
INSERT INTO public.publicationauthor (id, idperson, idpublication) VALUES (53, 69, 3);
INSERT INTO public.publicationauthor (id, idperson, idpublication) VALUES (54, 70, 3);
INSERT INTO public.publicationauthor (id, idperson, idpublication) VALUES (55, 71, 3);
INSERT INTO public.publicationauthor (id, idperson, idpublication) VALUES (56, 72, 3);
INSERT INTO public.publicationauthor (id, idperson, idpublication) VALUES (57, 73, 3);
INSERT INTO public.publicationauthor (id, idperson, idpublication) VALUES (58, 74, 3);
INSERT INTO public.publicationauthor (id, idperson, idpublication) VALUES (59, 75, 3);
INSERT INTO public.publicationauthor (id, idperson, idpublication) VALUES (60, 76, 3);
INSERT INTO public.publicationauthor (id, idperson, idpublication) VALUES (61, 4, 29);
INSERT INTO public.publicationauthor (id, idperson, idpublication) VALUES (62, 4, 30);
INSERT INTO public.publicationauthor (id, idperson, idpublication) VALUES (63, 77, 30);
INSERT INTO public.publicationauthor (id, idperson, idpublication) VALUES (69, 2, 39);
INSERT INTO public.publicationauthor (id, idperson, idpublication) VALUES (70, 3, 39);
INSERT INTO public.publicationauthor (id, idperson, idpublication) VALUES (71, 1, 39);
INSERT INTO public.publicationauthor (id, idperson, idpublication) VALUES (72, 4, 39);
INSERT INTO public.publicationauthor (id, idperson, idpublication) VALUES (74, 146, 39);
INSERT INTO public.publicationauthor (id, idperson, idpublication) VALUES (75, 147, 39);
INSERT INTO public.publicationauthor (id, idperson, idpublication) VALUES (76, 148, 39);
INSERT INTO public.publicationauthor (id, idperson, idpublication) VALUES (77, 149, 39);
INSERT INTO public.publicationauthor (id, idperson, idpublication) VALUES (78, 150, 39);
INSERT INTO public.publicationauthor (id, idperson, idpublication) VALUES (79, 151, 39);
INSERT INTO public.publicationauthor (id, idperson, idpublication) VALUES (80, 152, 39);
INSERT INTO public.publicationauthor (id, idperson, idpublication) VALUES (81, 153, 39);
INSERT INTO public.publicationauthor (id, idperson, idpublication) VALUES (82, 154, 39);
INSERT INTO public.publicationauthor (id, idperson, idpublication) VALUES (83, 155, 39);
INSERT INTO public.publicationauthor (id, idperson, idpublication) VALUES (84, 156, 39);
INSERT INTO public.publicationauthor (id, idperson, idpublication) VALUES (85, 157, 39);
INSERT INTO public.publicationauthor (id, idperson, idpublication) VALUES (86, 159, 39);
INSERT INTO public.publicationauthor (id, idperson, idpublication) VALUES (87, 129, 39);
INSERT INTO public.publicationauthor (id, idperson, idpublication) VALUES (88, 161, 39);
INSERT INTO public.publicationauthor (id, idperson, idpublication) VALUES (89, 123, 39);
INSERT INTO public.publicationauthor (id, idperson, idpublication) VALUES (90, 24, 15);
INSERT INTO public.publicationauthor (id, idperson, idpublication) VALUES (91, 164, 15);
INSERT INTO public.publicationauthor (id, idperson, idpublication) VALUES (92, 165, 15);
INSERT INTO public.publicationauthor (id, idperson, idpublication) VALUES (93, 166, 15);
INSERT INTO public.publicationauthor (id, idperson, idpublication) VALUES (94, 167, 15);
INSERT INTO public.publicationauthor (id, idperson, idpublication) VALUES (95, 168, 15);
INSERT INTO public.publicationauthor (id, idperson, idpublication) VALUES (96, 169, 15);
INSERT INTO public.publicationauthor (id, idperson, idpublication) VALUES (97, 170, 15);
INSERT INTO public.publicationauthor (id, idperson, idpublication) VALUES (98, 171, 15);
INSERT INTO public.publicationauthor (id, idperson, idpublication) VALUES (99, 172, 15);
INSERT INTO public.publicationauthor (id, idperson, idpublication) VALUES (100, 173, 15);
INSERT INTO public.publicationauthor (id, idperson, idpublication) VALUES (101, 174, 15);
INSERT INTO public.publicationauthor (id, idperson, idpublication) VALUES (102, 175, 15);
INSERT INTO public.publicationauthor (id, idperson, idpublication) VALUES (103, 176, 15);
INSERT INTO public.publicationauthor (id, idperson, idpublication) VALUES (104, 177, 15);
INSERT INTO public.publicationauthor (id, idperson, idpublication) VALUES (105, 22, 15);
INSERT INTO public.publicationauthor (id, idperson, idpublication) VALUES (106, 178, 15);
INSERT INTO public.publicationauthor (id, idperson, idpublication) VALUES (107, 179, 15);
INSERT INTO public.publicationauthor (id, idperson, idpublication) VALUES (108, 180, 15);
INSERT INTO public.publicationauthor (id, idperson, idpublication) VALUES (109, 181, 15);
INSERT INTO public.publicationauthor (id, idperson, idpublication) VALUES (110, 182, 15);
INSERT INTO public.publicationauthor (id, idperson, idpublication) VALUES (111, 183, 15);
INSERT INTO public.publicationauthor (id, idperson, idpublication) VALUES (112, 184, 15);
INSERT INTO public.publicationauthor (id, idperson, idpublication) VALUES (113, 185, 15);
INSERT INTO public.publicationauthor (id, idperson, idpublication) VALUES (114, 186, 15);
INSERT INTO public.publicationauthor (id, idperson, idpublication) VALUES (115, 187, 15);
INSERT INTO public.publicationauthor (id, idperson, idpublication) VALUES (116, 188, 15);
INSERT INTO public.publicationauthor (id, idperson, idpublication) VALUES (117, 189, 15);
INSERT INTO public.publicationauthor (id, idperson, idpublication) VALUES (118, 190, 15);
INSERT INTO public.publicationauthor (id, idperson, idpublication) VALUES (119, 191, 15);
INSERT INTO public.publicationauthor (id, idperson, idpublication) VALUES (120, 192, 15);
INSERT INTO public.publicationauthor (id, idperson, idpublication) VALUES (121, 193, 15);
INSERT INTO public.publicationauthor (id, idperson, idpublication) VALUES (122, 194, 15);
INSERT INTO public.publicationauthor (id, idperson, idpublication) VALUES (123, 195, 15);
INSERT INTO public.publicationauthor (id, idperson, idpublication) VALUES (124, 196, 15);
INSERT INTO public.publicationauthor (id, idperson, idpublication) VALUES (125, 197, 15);
INSERT INTO public.publicationauthor (id, idperson, idpublication) VALUES (126, 20, 14);
INSERT INTO public.publicationauthor (id, idperson, idpublication) VALUES (127, 198, 14);
INSERT INTO public.publicationauthor (id, idperson, idpublication) VALUES (128, 199, 14);
INSERT INTO public.publicationauthor (id, idperson, idpublication) VALUES (129, 200, 14);
INSERT INTO public.publicationauthor (id, idperson, idpublication) VALUES (130, 202, 14);
INSERT INTO public.publicationauthor (id, idperson, idpublication) VALUES (131, 203, 14);
INSERT INTO public.publicationauthor (id, idperson, idpublication) VALUES (132, 204, 14);
INSERT INTO public.publicationauthor (id, idperson, idpublication) VALUES (133, 205, 14);
INSERT INTO public.publicationauthor (id, idperson, idpublication) VALUES (134, 206, 14);
INSERT INTO public.publicationauthor (id, idperson, idpublication) VALUES (135, 207, 14);
INSERT INTO public.publicationauthor (id, idperson, idpublication) VALUES (136, 208, 14);
INSERT INTO public.publicationauthor (id, idperson, idpublication) VALUES (137, 209, 14);
INSERT INTO public.publicationauthor (id, idperson, idpublication) VALUES (138, 210, 14);
INSERT INTO public.publicationauthor (id, idperson, idpublication) VALUES (139, 162, 14);
INSERT INTO public.publicationauthor (id, idperson, idpublication) VALUES (140, 211, 14);
INSERT INTO public.publicationauthor (id, idperson, idpublication) VALUES (141, 212, 14);
INSERT INTO public.publicationauthor (id, idperson, idpublication) VALUES (142, 213, 14);
INSERT INTO public.publicationauthor (id, idperson, idpublication) VALUES (143, 214, 14);
INSERT INTO public.publicationauthor (id, idperson, idpublication) VALUES (144, 215, 14);
INSERT INTO public.publicationauthor (id, idperson, idpublication) VALUES (145, 216, 14);
INSERT INTO public.publicationauthor (id, idperson, idpublication) VALUES (146, 149, 14);
INSERT INTO public.publicationauthor (id, idperson, idpublication) VALUES (147, 81, 14);
INSERT INTO public.publicationauthor (id, idperson, idpublication) VALUES (148, 80, 14);
INSERT INTO public.publicationauthor (id, idperson, idpublication) VALUES (149, 84, 14);
INSERT INTO public.publicationauthor (id, idperson, idpublication) VALUES (150, 217, 14);
INSERT INTO public.publicationauthor (id, idperson, idpublication) VALUES (151, 1, 14);
INSERT INTO public.publicationauthor (id, idperson, idpublication) VALUES (152, 89, 14);
INSERT INTO public.publicationauthor (id, idperson, idpublication) VALUES (153, 218, 14);
INSERT INTO public.publicationauthor (id, idperson, idpublication) VALUES (154, 219, 14);
INSERT INTO public.publicationauthor (id, idperson, idpublication) VALUES (155, 220, 14);
INSERT INTO public.publicationauthor (id, idperson, idpublication) VALUES (156, 221, 14);
INSERT INTO public.publicationauthor (id, idperson, idpublication) VALUES (157, 222, 14);
INSERT INTO public.publicationauthor (id, idperson, idpublication) VALUES (158, 224, 14);
INSERT INTO public.publicationauthor (id, idperson, idpublication) VALUES (159, 225, 14);
INSERT INTO public.publicationauthor (id, idperson, idpublication) VALUES (160, 226, 14);
INSERT INTO public.publicationauthor (id, idperson, idpublication) VALUES (161, 227, 14);
INSERT INTO public.publicationauthor (id, idperson, idpublication) VALUES (162, 228, 14);
INSERT INTO public.publicationauthor (id, idperson, idpublication) VALUES (163, 229, 14);
INSERT INTO public.publicationauthor (id, idperson, idpublication) VALUES (164, 90, 14);
INSERT INTO public.publicationauthor (id, idperson, idpublication) VALUES (165, 151, 14);
INSERT INTO public.publicationauthor (id, idperson, idpublication) VALUES (166, 231, 14);
INSERT INTO public.publicationauthor (id, idperson, idpublication) VALUES (167, 232, 13);
INSERT INTO public.publicationauthor (id, idperson, idpublication) VALUES (168, 233, 13);
INSERT INTO public.publicationauthor (id, idperson, idpublication) VALUES (169, 234, 13);
INSERT INTO public.publicationauthor (id, idperson, idpublication) VALUES (170, 235, 13);
INSERT INTO public.publicationauthor (id, idperson, idpublication) VALUES (171, 4, 13);
INSERT INTO public.publicationauthor (id, idperson, idpublication) VALUES (172, 236, 13);
INSERT INTO public.publicationauthor (id, idperson, idpublication) VALUES (173, 237, 13);
INSERT INTO public.publicationauthor (id, idperson, idpublication) VALUES (174, 129, 13);
INSERT INTO public.publicationauthor (id, idperson, idpublication) VALUES (175, 123, 13);
INSERT INTO public.publicationauthor (id, idperson, idpublication) VALUES (176, 238, 13);
INSERT INTO public.publicationauthor (id, idperson, idpublication) VALUES (177, 161, 13);
INSERT INTO public.publicationauthor (id, idperson, idpublication) VALUES (178, 126, 13);
INSERT INTO public.publicationauthor (id, idperson, idpublication) VALUES (179, 119, 13);
INSERT INTO public.publicationauthor (id, idperson, idpublication) VALUES (180, 240, 13);
INSERT INTO public.publicationauthor (id, idperson, idpublication) VALUES (181, 149, 13);
INSERT INTO public.publicationauthor (id, idperson, idpublication) VALUES (182, 150, 13);
INSERT INTO public.publicationauthor (id, idperson, idpublication) VALUES (183, 143, 13);
INSERT INTO public.publicationauthor (id, idperson, idpublication) VALUES (184, 151, 13);
INSERT INTO public.publicationauthor (id, idperson, idpublication) VALUES (185, 242, 13);
INSERT INTO public.publicationauthor (id, idperson, idpublication) VALUES (186, 243, 13);
INSERT INTO public.publicationauthor (id, idperson, idpublication) VALUES (187, 34, 13);
INSERT INTO public.publicationauthor (id, idperson, idpublication) VALUES (188, 244, 13);
INSERT INTO public.publicationauthor (id, idperson, idpublication) VALUES (189, 118, 13);
INSERT INTO public.publicationauthor (id, idperson, idpublication) VALUES (190, 245, 13);
INSERT INTO public.publicationauthor (id, idperson, idpublication) VALUES (191, 110, 13);
INSERT INTO public.publicationauthor (id, idperson, idpublication) VALUES (192, 246, 13);
INSERT INTO public.publicationauthor (id, idperson, idpublication) VALUES (193, 247, 13);
INSERT INTO public.publicationauthor (id, idperson, idpublication) VALUES (194, 3, 13);
INSERT INTO public.publicationauthor (id, idperson, idpublication) VALUES (195, 248, 13);
INSERT INTO public.publicationauthor (id, idperson, idpublication) VALUES (196, 249, 13);
INSERT INTO public.publicationauthor (id, idperson, idpublication) VALUES (197, 250, 13);
INSERT INTO public.publicationauthor (id, idperson, idpublication) VALUES (198, 251, 13);
INSERT INTO public.publicationauthor (id, idperson, idpublication) VALUES (199, 252, 13);
INSERT INTO public.publicationauthor (id, idperson, idpublication) VALUES (200, 253, 13);
INSERT INTO public.publicationauthor (id, idperson, idpublication) VALUES (201, 254, 13);
INSERT INTO public.publicationauthor (id, idperson, idpublication) VALUES (202, 256, 13);
INSERT INTO public.publicationauthor (id, idperson, idpublication) VALUES (203, 257, 13);
INSERT INTO public.publicationauthor (id, idperson, idpublication) VALUES (204, 258, 13);
INSERT INTO public.publicationauthor (id, idperson, idpublication) VALUES (205, 259, 13);
INSERT INTO public.publicationauthor (id, idperson, idpublication) VALUES (206, 260, 13);
INSERT INTO public.publicationauthor (id, idperson, idpublication) VALUES (207, 261, 13);
INSERT INTO public.publicationauthor (id, idperson, idpublication) VALUES (208, 32, 13);
INSERT INTO public.publicationauthor (id, idperson, idpublication) VALUES (209, 262, 13);
INSERT INTO public.publicationauthor (id, idperson, idpublication) VALUES (210, 263, 13);
INSERT INTO public.publicationauthor (id, idperson, idpublication) VALUES (211, 264, 13);
INSERT INTO public.publicationauthor (id, idperson, idpublication) VALUES (212, 265, 13);
INSERT INTO public.publicationauthor (id, idperson, idpublication) VALUES (213, 266, 13);
INSERT INTO public.publicationauthor (id, idperson, idpublication) VALUES (214, 42, 13);
INSERT INTO public.publicationauthor (id, idperson, idpublication) VALUES (215, 43, 13);
INSERT INTO public.publicationauthor (id, idperson, idpublication) VALUES (216, 267, 13);
INSERT INTO public.publicationauthor (id, idperson, idpublication) VALUES (217, 268, 13);
INSERT INTO public.publicationauthor (id, idperson, idpublication) VALUES (218, 269, 13);
INSERT INTO public.publicationauthor (id, idperson, idpublication) VALUES (219, 147, 12);
INSERT INTO public.publicationauthor (id, idperson, idpublication) VALUES (220, 270, 12);
INSERT INTO public.publicationauthor (id, idperson, idpublication) VALUES (221, 349, 12);
INSERT INTO public.publicationauthor (id, idperson, idpublication) VALUES (222, 271, 12);
INSERT INTO public.publicationauthor (id, idperson, idpublication) VALUES (223, 205, 12);
INSERT INTO public.publicationauthor (id, idperson, idpublication) VALUES (224, 272, 12);
INSERT INTO public.publicationauthor (id, idperson, idpublication) VALUES (225, 273, 12);
INSERT INTO public.publicationauthor (id, idperson, idpublication) VALUES (226, 274, 12);
INSERT INTO public.publicationauthor (id, idperson, idpublication) VALUES (227, 11, 12);
INSERT INTO public.publicationauthor (id, idperson, idpublication) VALUES (228, 275, 12);
INSERT INTO public.publicationauthor (id, idperson, idpublication) VALUES (229, 38, 12);
INSERT INTO public.publicationauthor (id, idperson, idpublication) VALUES (230, 37, 12);
INSERT INTO public.publicationauthor (id, idperson, idpublication) VALUES (231, 277, 12);
INSERT INTO public.publicationauthor (id, idperson, idpublication) VALUES (232, 278, 12);
INSERT INTO public.publicationauthor (id, idperson, idpublication) VALUES (233, 279, 12);
INSERT INTO public.publicationauthor (id, idperson, idpublication) VALUES (234, 280, 12);
INSERT INTO public.publicationauthor (id, idperson, idpublication) VALUES (235, 281, 12);
INSERT INTO public.publicationauthor (id, idperson, idpublication) VALUES (236, 282, 12);
INSERT INTO public.publicationauthor (id, idperson, idpublication) VALUES (237, 283, 12);
INSERT INTO public.publicationauthor (id, idperson, idpublication) VALUES (238, 284, 12);
INSERT INTO public.publicationauthor (id, idperson, idpublication) VALUES (239, 104, 12);
INSERT INTO public.publicationauthor (id, idperson, idpublication) VALUES (240, 285, 12);
INSERT INTO public.publicationauthor (id, idperson, idpublication) VALUES (241, 3, 12);
INSERT INTO public.publicationauthor (id, idperson, idpublication) VALUES (242, 286, 12);
INSERT INTO public.publicationauthor (id, idperson, idpublication) VALUES (243, 4, 12);
INSERT INTO public.publicationauthor (id, idperson, idpublication) VALUES (244, 162, 12);
INSERT INTO public.publicationauthor (id, idperson, idpublication) VALUES (245, 149, 12);
INSERT INTO public.publicationauthor (id, idperson, idpublication) VALUES (246, 150, 12);
INSERT INTO public.publicationauthor (id, idperson, idpublication) VALUES (247, 32, 12);
INSERT INTO public.publicationauthor (id, idperson, idpublication) VALUES (248, 151, 12);
INSERT INTO public.publicationauthor (id, idperson, idpublication) VALUES (249, 115, 12);
INSERT INTO public.publicationauthor (id, idperson, idpublication) VALUES (250, 79, 12);
INSERT INTO public.publicationauthor (id, idperson, idpublication) VALUES (251, 109, 12);
INSERT INTO public.publicationauthor (id, idperson, idpublication) VALUES (252, 113, 12);
INSERT INTO public.publicationauthor (id, idperson, idpublication) VALUES (253, 126, 12);
INSERT INTO public.publicationauthor (id, idperson, idpublication) VALUES (254, 1, 12);
INSERT INTO public.publicationauthor (id, idperson, idpublication) VALUES (255, 287, 12);
INSERT INTO public.publicationauthor (id, idperson, idpublication) VALUES (256, 288, 12);
INSERT INTO public.publicationauthor (id, idperson, idpublication) VALUES (257, 289, 12);
INSERT INTO public.publicationauthor (id, idperson, idpublication) VALUES (258, 290, 12);
INSERT INTO public.publicationauthor (id, idperson, idpublication) VALUES (259, 2, 12);
INSERT INTO public.publicationauthor (id, idperson, idpublication) VALUES (260, 368, 12);
INSERT INTO public.publicationauthor (id, idperson, idpublication) VALUES (261, 292, 12);
INSERT INTO public.publicationauthor (id, idperson, idpublication) VALUES (262, 118, 12);
INSERT INTO public.publicationauthor (id, idperson, idpublication) VALUES (263, 34, 12);
INSERT INTO public.publicationauthor (id, idperson, idpublication) VALUES (264, 123, 12);
INSERT INTO public.publicationauthor (id, idperson, idpublication) VALUES (265, 293, 10);
INSERT INTO public.publicationauthor (id, idperson, idpublication) VALUES (266, 15, 10);
INSERT INTO public.publicationauthor (id, idperson, idpublication) VALUES (267, 294, 10);
INSERT INTO public.publicationauthor (id, idperson, idpublication) VALUES (268, 295, 10);
INSERT INTO public.publicationauthor (id, idperson, idpublication) VALUES (269, 296, 10);
INSERT INTO public.publicationauthor (id, idperson, idpublication) VALUES (270, 297, 10);
INSERT INTO public.publicationauthor (id, idperson, idpublication) VALUES (271, 298, 10);
INSERT INTO public.publicationauthor (id, idperson, idpublication) VALUES (272, 299, 10);
INSERT INTO public.publicationauthor (id, idperson, idpublication) VALUES (273, 300, 10);
INSERT INTO public.publicationauthor (id, idperson, idpublication) VALUES (274, 301, 10);
INSERT INTO public.publicationauthor (id, idperson, idpublication) VALUES (275, 302, 10);
INSERT INTO public.publicationauthor (id, idperson, idpublication) VALUES (276, 303, 10);
INSERT INTO public.publicationauthor (id, idperson, idpublication) VALUES (277, 304, 10);
INSERT INTO public.publicationauthor (id, idperson, idpublication) VALUES (278, 305, 10);
INSERT INTO public.publicationauthor (id, idperson, idpublication) VALUES (279, 270, 9);
INSERT INTO public.publicationauthor (id, idperson, idpublication) VALUES (280, 147, 9);
INSERT INTO public.publicationauthor (id, idperson, idpublication) VALUES (281, 271, 9);
INSERT INTO public.publicationauthor (id, idperson, idpublication) VALUES (282, 205, 9);
INSERT INTO public.publicationauthor (id, idperson, idpublication) VALUES (283, 272, 9);
INSERT INTO public.publicationauthor (id, idperson, idpublication) VALUES (284, 306, 9);
INSERT INTO public.publicationauthor (id, idperson, idpublication) VALUES (285, 307, 9);
INSERT INTO public.publicationauthor (id, idperson, idpublication) VALUES (286, 308, 9);
INSERT INTO public.publicationauthor (id, idperson, idpublication) VALUES (287, 309, 9);
INSERT INTO public.publicationauthor (id, idperson, idpublication) VALUES (288, 285, 9);
INSERT INTO public.publicationauthor (id, idperson, idpublication) VALUES (289, 104, 9);
INSERT INTO public.publicationauthor (id, idperson, idpublication) VALUES (290, 4, 9);
INSERT INTO public.publicationauthor (id, idperson, idpublication) VALUES (291, 151, 9);
INSERT INTO public.publicationauthor (id, idperson, idpublication) VALUES (292, 310, 9);
INSERT INTO public.publicationauthor (id, idperson, idpublication) VALUES (293, 153, 9);
INSERT INTO public.publicationauthor (id, idperson, idpublication) VALUES (294, 152, 9);
INSERT INTO public.publicationauthor (id, idperson, idpublication) VALUES (295, 129, 9);
INSERT INTO public.publicationauthor (id, idperson, idpublication) VALUES (296, 123, 9);
INSERT INTO public.publicationauthor (id, idperson, idpublication) VALUES (297, 158, 9);
INSERT INTO public.publicationauthor (id, idperson, idpublication) VALUES (298, 262, 9);
INSERT INTO public.publicationauthor (id, idperson, idpublication) VALUES (299, 118, 9);
INSERT INTO public.publicationauthor (id, idperson, idpublication) VALUES (300, 311, 9);
INSERT INTO public.publicationauthor (id, idperson, idpublication) VALUES (301, 312, 9);
INSERT INTO public.publicationauthor (id, idperson, idpublication) VALUES (302, 313, 9);
INSERT INTO public.publicationauthor (id, idperson, idpublication) VALUES (303, 126, 9);
INSERT INTO public.publicationauthor (id, idperson, idpublication) VALUES (304, 3, 9);
INSERT INTO public.publicationauthor (id, idperson, idpublication) VALUES (305, 314, 9);
INSERT INTO public.publicationauthor (id, idperson, idpublication) VALUES (306, 315, 9);
INSERT INTO public.publicationauthor (id, idperson, idpublication) VALUES (307, 212, 9);
INSERT INTO public.publicationauthor (id, idperson, idpublication) VALUES (308, 316, 9);
INSERT INTO public.publicationauthor (id, idperson, idpublication) VALUES (309, 317, 8);
INSERT INTO public.publicationauthor (id, idperson, idpublication) VALUES (310, 318, 8);
INSERT INTO public.publicationauthor (id, idperson, idpublication) VALUES (311, 319, 8);
INSERT INTO public.publicationauthor (id, idperson, idpublication) VALUES (312, 320, 8);
INSERT INTO public.publicationauthor (id, idperson, idpublication) VALUES (313, 321, 8);
INSERT INTO public.publicationauthor (id, idperson, idpublication) VALUES (314, 322, 8);
INSERT INTO public.publicationauthor (id, idperson, idpublication) VALUES (315, 323, 8);
INSERT INTO public.publicationauthor (id, idperson, idpublication) VALUES (316, 324, 8);
INSERT INTO public.publicationauthor (id, idperson, idpublication) VALUES (317, 263, 8);
INSERT INTO public.publicationauthor (id, idperson, idpublication) VALUES (318, 325, 8);
INSERT INTO public.publicationauthor (id, idperson, idpublication) VALUES (319, 326, 8);
INSERT INTO public.publicationauthor (id, idperson, idpublication) VALUES (320, 123, 8);
INSERT INTO public.publicationauthor (id, idperson, idpublication) VALUES (321, 4, 8);
INSERT INTO public.publicationauthor (id, idperson, idpublication) VALUES (322, 209, 8);
INSERT INTO public.publicationauthor (id, idperson, idpublication) VALUES (323, 327, 8);
INSERT INTO public.publicationauthor (id, idperson, idpublication) VALUES (324, 149, 8);
INSERT INTO public.publicationauthor (id, idperson, idpublication) VALUES (325, 328, 8);
INSERT INTO public.publicationauthor (id, idperson, idpublication) VALUES (326, 329, 8);
INSERT INTO public.publicationauthor (id, idperson, idpublication) VALUES (327, 118, 8);
INSERT INTO public.publicationauthor (id, idperson, idpublication) VALUES (328, 330, 8);
INSERT INTO public.publicationauthor (id, idperson, idpublication) VALUES (329, 129, 8);
INSERT INTO public.publicationauthor (id, idperson, idpublication) VALUES (330, 331, 8);
INSERT INTO public.publicationauthor (id, idperson, idpublication) VALUES (331, 332, 8);
INSERT INTO public.publicationauthor (id, idperson, idpublication) VALUES (332, 333, 8);
INSERT INTO public.publicationauthor (id, idperson, idpublication) VALUES (333, 334, 8);
INSERT INTO public.publicationauthor (id, idperson, idpublication) VALUES (334, 212, 8);
INSERT INTO public.publicationauthor (id, idperson, idpublication) VALUES (335, 316, 8);
INSERT INTO public.publicationauthor (id, idperson, idpublication) VALUES (336, 272, 7);
INSERT INTO public.publicationauthor (id, idperson, idpublication) VALUES (337, 4, 7);
INSERT INTO public.publicationauthor (id, idperson, idpublication) VALUES (338, 2, 7);
INSERT INTO public.publicationauthor (id, idperson, idpublication) VALUES (339, 335, 7);
INSERT INTO public.publicationauthor (id, idperson, idpublication) VALUES (340, 53, 7);
INSERT INTO public.publicationauthor (id, idperson, idpublication) VALUES (341, 336, 7);
INSERT INTO public.publicationauthor (id, idperson, idpublication) VALUES (342, 337, 7);
INSERT INTO public.publicationauthor (id, idperson, idpublication) VALUES (343, 338, 7);
INSERT INTO public.publicationauthor (id, idperson, idpublication) VALUES (344, 339, 7);
INSERT INTO public.publicationauthor (id, idperson, idpublication) VALUES (345, 340, 7);
INSERT INTO public.publicationauthor (id, idperson, idpublication) VALUES (346, 341, 7);
INSERT INTO public.publicationauthor (id, idperson, idpublication) VALUES (347, 342, 7);
INSERT INTO public.publicationauthor (id, idperson, idpublication) VALUES (348, 343, 7);
INSERT INTO public.publicationauthor (id, idperson, idpublication) VALUES (349, 344, 7);
INSERT INTO public.publicationauthor (id, idperson, idpublication) VALUES (350, 345, 7);
INSERT INTO public.publicationauthor (id, idperson, idpublication) VALUES (351, 346, 7);
INSERT INTO public.publicationauthor (id, idperson, idpublication) VALUES (352, 271, 7);
INSERT INTO public.publicationauthor (id, idperson, idpublication) VALUES (353, 348, 7);
INSERT INTO public.publicationauthor (id, idperson, idpublication) VALUES (354, 147, 7);
INSERT INTO public.publicationauthor (id, idperson, idpublication) VALUES (355, 205, 7);
INSERT INTO public.publicationauthor (id, idperson, idpublication) VALUES (356, 385, 7);
INSERT INTO public.publicationauthor (id, idperson, idpublication) VALUES (357, 64, 7);
INSERT INTO public.publicationauthor (id, idperson, idpublication) VALUES (358, 386, 7);
INSERT INTO public.publicationauthor (id, idperson, idpublication) VALUES (359, 349, 7);
INSERT INTO public.publicationauthor (id, idperson, idpublication) VALUES (360, 350, 7);
INSERT INTO public.publicationauthor (id, idperson, idpublication) VALUES (361, 351, 7);
INSERT INTO public.publicationauthor (id, idperson, idpublication) VALUES (362, 387, 7);
INSERT INTO public.publicationauthor (id, idperson, idpublication) VALUES (363, 352, 7);
INSERT INTO public.publicationauthor (id, idperson, idpublication) VALUES (364, 1, 7);
INSERT INTO public.publicationauthor (id, idperson, idpublication) VALUES (365, 122, 7);
INSERT INTO public.publicationauthor (id, idperson, idpublication) VALUES (366, 3, 7);
INSERT INTO public.publicationauthor (id, idperson, idpublication) VALUES (367, 133, 7);
INSERT INTO public.publicationauthor (id, idperson, idpublication) VALUES (368, 324, 7);
INSERT INTO public.publicationauthor (id, idperson, idpublication) VALUES (369, 353, 7);
INSERT INTO public.publicationauthor (id, idperson, idpublication) VALUES (370, 354, 7);
INSERT INTO public.publicationauthor (id, idperson, idpublication) VALUES (371, 355, 7);
INSERT INTO public.publicationauthor (id, idperson, idpublication) VALUES (372, 263, 7);
INSERT INTO public.publicationauthor (id, idperson, idpublication) VALUES (373, 1, 6);
INSERT INTO public.publicationauthor (id, idperson, idpublication) VALUES (374, 2, 6);
INSERT INTO public.publicationauthor (id, idperson, idpublication) VALUES (375, 3, 6);
INSERT INTO public.publicationauthor (id, idperson, idpublication) VALUES (376, 31, 6);
INSERT INTO public.publicationauthor (id, idperson, idpublication) VALUES (377, 316, 6);
INSERT INTO public.publicationauthor (id, idperson, idpublication) VALUES (378, 330, 6);
INSERT INTO public.publicationauthor (id, idperson, idpublication) VALUES (379, 4, 6);
INSERT INTO public.publicationauthor (id, idperson, idpublication) VALUES (380, 356, 6);
INSERT INTO public.publicationauthor (id, idperson, idpublication) VALUES (381, 205, 6);
INSERT INTO public.publicationauthor (id, idperson, idpublication) VALUES (382, 357, 6);
INSERT INTO public.publicationauthor (id, idperson, idpublication) VALUES (383, 18, 6);
INSERT INTO public.publicationauthor (id, idperson, idpublication) VALUES (384, 358, 6);
INSERT INTO public.publicationauthor (id, idperson, idpublication) VALUES (385, 322, 6);
INSERT INTO public.publicationauthor (id, idperson, idpublication) VALUES (386, 359, 6);
INSERT INTO public.publicationauthor (id, idperson, idpublication) VALUES (387, 360, 6);
INSERT INTO public.publicationauthor (id, idperson, idpublication) VALUES (388, 206, 6);
INSERT INTO public.publicationauthor (id, idperson, idpublication) VALUES (389, 207, 6);
INSERT INTO public.publicationauthor (id, idperson, idpublication) VALUES (390, 293, 6);
INSERT INTO public.publicationauthor (id, idperson, idpublication) VALUES (391, 15, 6);
INSERT INTO public.publicationauthor (id, idperson, idpublication) VALUES (392, 296, 6);
INSERT INTO public.publicationauthor (id, idperson, idpublication) VALUES (393, 362, 6);
INSERT INTO public.publicationauthor (id, idperson, idpublication) VALUES (394, 363, 6);
INSERT INTO public.publicationauthor (id, idperson, idpublication) VALUES (395, 364, 6);
INSERT INTO public.publicationauthor (id, idperson, idpublication) VALUES (396, 365, 6);
INSERT INTO public.publicationauthor (id, idperson, idpublication) VALUES (397, 366, 6);
INSERT INTO public.publicationauthor (id, idperson, idpublication) VALUES (398, 123, 6);
INSERT INTO public.publicationauthor (id, idperson, idpublication) VALUES (399, 158, 6);
INSERT INTO public.publicationauthor (id, idperson, idpublication) VALUES (400, 367, 6);
INSERT INTO public.publicationauthor (id, idperson, idpublication) VALUES (401, 151, 6);
INSERT INTO public.publicationauthor (id, idperson, idpublication) VALUES (402, 368, 6);
INSERT INTO public.publicationauthor (id, idperson, idpublication) VALUES (403, 149, 6);
INSERT INTO public.publicationauthor (id, idperson, idpublication) VALUES (404, 327, 6);
INSERT INTO public.publicationauthor (id, idperson, idpublication) VALUES (405, 22, 5);
INSERT INTO public.publicationauthor (id, idperson, idpublication) VALUES (406, 225, 5);
INSERT INTO public.publicationauthor (id, idperson, idpublication) VALUES (407, 357, 5);
INSERT INTO public.publicationauthor (id, idperson, idpublication) VALUES (408, 205, 5);
INSERT INTO public.publicationauthor (id, idperson, idpublication) VALUES (409, 18, 5);
INSERT INTO public.publicationauthor (id, idperson, idpublication) VALUES (410, 356, 5);
INSERT INTO public.publicationauthor (id, idperson, idpublication) VALUES (411, 207, 5);
INSERT INTO public.publicationauthor (id, idperson, idpublication) VALUES (412, 369, 5);
INSERT INTO public.publicationauthor (id, idperson, idpublication) VALUES (413, 206, 5);
INSERT INTO public.publicationauthor (id, idperson, idpublication) VALUES (414, 370, 5);
INSERT INTO public.publicationauthor (id, idperson, idpublication) VALUES (415, 371, 5);
INSERT INTO public.publicationauthor (id, idperson, idpublication) VALUES (416, 93, 5);
INSERT INTO public.publicationauthor (id, idperson, idpublication) VALUES (417, 89, 5);
INSERT INTO public.publicationauthor (id, idperson, idpublication) VALUES (418, 126, 5);
INSERT INTO public.publicationauthor (id, idperson, idpublication) VALUES (419, 106, 5);
INSERT INTO public.publicationauthor (id, idperson, idpublication) VALUES (420, 4, 5);
INSERT INTO public.publicationauthor (id, idperson, idpublication) VALUES (421, 133, 5);
INSERT INTO public.publicationauthor (id, idperson, idpublication) VALUES (422, 3, 5);
INSERT INTO public.publicationauthor (id, idperson, idpublication) VALUES (423, 118, 5);
INSERT INTO public.publicationauthor (id, idperson, idpublication) VALUES (424, 123, 5);
INSERT INTO public.publicationauthor (id, idperson, idpublication) VALUES (425, 31, 5);
INSERT INTO public.publicationauthor (id, idperson, idpublication) VALUES (426, 316, 5);
INSERT INTO public.publicationauthor (id, idperson, idpublication) VALUES (427, 388, 5);
INSERT INTO public.publicationauthor (id, idperson, idpublication) VALUES (428, 181, 4);
INSERT INTO public.publicationauthor (id, idperson, idpublication) VALUES (429, 373, 4);
INSERT INTO public.publicationauthor (id, idperson, idpublication) VALUES (430, 189, 4);
INSERT INTO public.publicationauthor (id, idperson, idpublication) VALUES (431, 184, 4);
INSERT INTO public.publicationauthor (id, idperson, idpublication) VALUES (432, 165, 4);
INSERT INTO public.publicationauthor (id, idperson, idpublication) VALUES (433, 374, 4);
INSERT INTO public.publicationauthor (id, idperson, idpublication) VALUES (434, 375, 4);
INSERT INTO public.publicationauthor (id, idperson, idpublication) VALUES (435, 376, 4);
INSERT INTO public.publicationauthor (id, idperson, idpublication) VALUES (436, 377, 4);
INSERT INTO public.publicationauthor (id, idperson, idpublication) VALUES (437, 378, 4);
INSERT INTO public.publicationauthor (id, idperson, idpublication) VALUES (438, 379, 4);
INSERT INTO public.publicationauthor (id, idperson, idpublication) VALUES (439, 380, 4);
INSERT INTO public.publicationauthor (id, idperson, idpublication) VALUES (440, 381, 4);
INSERT INTO public.publicationauthor (id, idperson, idpublication) VALUES (441, 382, 4);
INSERT INTO public.publicationauthor (id, idperson, idpublication) VALUES (442, 383, 4);
INSERT INTO public.publicationauthor (id, idperson, idpublication) VALUES (443, 384, 4);
INSERT INTO public.publicationauthor (id, idperson, idpublication) VALUES (444, 1, 4);
INSERT INTO public.publicationauthor (id, idperson, idpublication) VALUES (445, 18, 4);
INSERT INTO public.publicationauthor (id, idperson, idpublication) VALUES (446, 20, 4);
INSERT INTO public.publicationauthor (id, idperson, idpublication) VALUES (447, 4, 4);
INSERT INTO public.publicationauthor (id, idperson, idpublication) VALUES (448, 225, 4);
INSERT INTO public.publicationauthor (id, idperson, idpublication) VALUES (449, 389, 4);
INSERT INTO public.publicationauthor (id, idperson, idpublication) VALUES (450, 149, 4);
INSERT INTO public.publicationauthor (id, idperson, idpublication) VALUES (451, 121, 4);
INSERT INTO public.publicationauthor (id, idperson, idpublication) VALUES (452, 117, 4);


--
-- Data for Name: publicationdetail; Type: TABLE DATA; Schema: public; Owner: postgres
--

INSERT INTO public.publicationdetail (id, name, pdf, idpublication) VALUES (1, 'Préface', 'volume1/mn01_preface.pdf', 1);
INSERT INTO public.publicationdetail (id, name, pdf, idpublication) VALUES (2, 'Introduction', 'volume1/mn01_01.pdf', 1);
INSERT INTO public.publicationdetail (id, name, pdf, idpublication) VALUES (3, 'Exploration et connaissance biologique des différents sites inventoriés', 'volume1/mn01_02.pdf', 1);
INSERT INTO public.publicationdetail (id, name, pdf, idpublication) VALUES (4, 'Herpétofaune des forêts sèches malgaches', 'volume1/mn01_03.pdf', 1);
INSERT INTO public.publicationdetail (id, name, pdf, idpublication) VALUES (5, 'L’avifaune des forêts sèches malgaches ', 'volume1/mn01_04.pdf', 1);
INSERT INTO public.publicationdetail (id, name, pdf, idpublication) VALUES (6, 'Les petits mammifères non-volants des forêts sèches malgaches', 'volume1/mn01_05.pdf', 1);
INSERT INTO public.publicationdetail (id, name, pdf, idpublication) VALUES (7, 'Les lémuriens des forêts sèches malgaches', 'volume1/mn01_06.pdf', 1);
INSERT INTO public.publicationdetail (id, name, pdf, idpublication) VALUES (8, 'Pressions et menaces dans la région forestière sèche malgache', 'volume1/mn01_07.pdf', 1);
INSERT INTO public.publicationdetail (id, name, pdf, idpublication) VALUES (9, 'Aspect de la conservation des forêts sèches de Madagascar', NULL, 1);
INSERT INTO public.publicationdetail (id, name, pdf, idpublication) VALUES (10, 'La création des aires protégées dans le sud et sud ouest de Madagascar : approche et méthodologie', 'volume1/mn01_08.pdf', 1);
INSERT INTO public.publicationdetail (id, name, pdf, idpublication) VALUES (11, 'Index', 'volume1/mn01_index.pdf', 1);
INSERT INTO public.publicationdetail (id, name, pdf, idpublication) VALUES (12, 'Format for contribution', 'volume1/mn01_format.pdf', 1);
INSERT INTO public.publicationdetail (id, name, pdf, idpublication) VALUES (13, 'Préface', 'volume2/mn02_00.pdf', 2);
INSERT INTO public.publicationdetail (id, name, pdf, idpublication) VALUES (14, 'A review of the impacts of anthropogenic habitat change on terrestrial biodiversity in Madagascar: Implications for the design and management of new protected areas', 'volume2/mn02_01.pdf', 2);
INSERT INTO public.publicationdetail (id, name, pdf, idpublication) VALUES (15, 'Vertébrés terrestres des fragments forestiers de la Montagne d’Ambatotsirongorongo, site dans le Système des Aires Protégées de Madagascar de la Région Anosy, Tolagnaro', 'volume2/mn02_02.pdf', 2);
INSERT INTO public.publicationdetail (id, name, pdf, idpublication) VALUES (16, 'Reptiles, amphibiens et gradient altitudinal dans la région de Daraina, extrême nord-est de Madagasca', 'volume2/mn02_03.pdf', 2);
INSERT INTO public.publicationdetail (id, name, pdf, idpublication) VALUES (17, 'A review of the endoparasites of the lemurs of Madagascar', 'volume2/mn02_04.pdf', 2);
INSERT INTO public.publicationdetail (id, name, pdf, idpublication) VALUES (18, 'Les populations d’oiseaux aquatiques en périphérie d’une ferme de crevetticulture (OSO Farming)', 'volume2/mn02_05.pdf', 2);
INSERT INTO public.publicationdetail (id, name, pdf, idpublication) VALUES (19, 'Etude ethnobotanique des ignames (Dioscorea sp.) dans la forêt Mikea et le couloir d’Antseva (sud-ouest de Madagascar)', 'volume2/mn02_06.pdf', 2);
INSERT INTO public.publicationdetail (id, name, pdf, idpublication) VALUES (20, 'Variations morphométrique et moléculaire chez Miniopterus majori (Chiroptera : Miniopteridae) de Madagascar', 'volume2/mn02_07.pdf', 2);
INSERT INTO public.publicationdetail (id, name, pdf, idpublication) VALUES (21, 'The species of Grosphus Simon (Scorpiones, Buthidae) distributed in the northern and eastern regions of Madagascar with the description of a new species', 'volume2/mn02_08.pdf', 2);
INSERT INTO public.publicationdetail (id, name, pdf, idpublication) VALUES (22, 'Frugivory and facilitation of seed germination by the Velvet Asity, Philepitta castanea (Muller, 1776), in the rainforest understory of Ranomafana National Park, Madagascar', 'volume2/mn02_notes_01.pdf', 2);
INSERT INTO public.publicationdetail (id, name, pdf, idpublication) VALUES (23, 'The diet of the endemic bat Myzopoda aurita (Myzopodidae) based on fecal analysis', 'volume2/mn02_notes_02.pdf', 2);
INSERT INTO public.publicationdetail (id, name, pdf, idpublication) VALUES (24, 'Notes on the diet of the Barn Owl (Aves: Tytonidae: Tyto alba) from Zohin’Andavaka, Beahitse, extreme southwestern Madagascar', 'volume2/mn02_notes_03.pdf', 2);
INSERT INTO public.publicationdetail (id, name, pdf, idpublication) VALUES (25, 'Urban avian population and possible heavy metal contamination at Parc Tsaratsoatra, Alarobia, Antananarivo, Madagascar', 'volume2/mn02_notes_04.pdf', 2);
INSERT INTO public.publicationdetail (id, name, pdf, idpublication) VALUES (26, 'New distributional record of Appert’s Tetraka (Xanthomixis apperti) from Salary Bay, Mikea Forest, Madagascar', 'volume2/mn02_notes_05.pdf', 2);
INSERT INTO public.publicationdetail (id, name, pdf, idpublication) VALUES (27, 'The Sooty Gull, Larus hemprichii (Aves: Laridae), on Nosy Ve: first records for Madagascar', 'volume2/mn02_notes_06.pdf', 2);
INSERT INTO public.publicationdetail (id, name, pdf, idpublication) VALUES (28, 'Index ', 'volume2/mn02_index.pdf', 2);
INSERT INTO public.publicationdetail (id, name, pdf, idpublication) VALUES (29, 'Notes aux contributeurs dans Malagasy Nature', 'volume2/mn02_contributeurs.pdf', 2);
INSERT INTO public.publicationdetail (id, name, pdf, idpublication) VALUES (30, 'Format for contributions to Malagasy Nature', 'volume2/mn02_contribution.pdf', 2);
INSERT INTO public.publicationdetail (id, name, pdf, idpublication) VALUES (31, 'Préface', 'volume3/mn03_00.pdf', 3);
INSERT INTO public.publicationdetail (id, name, pdf, idpublication) VALUES (32, 'Ambatovy project: Mining in a challenging biodiversity setting in Madagascar', 'volume3/mn03_01.pdf', 3);
INSERT INTO public.publicationdetail (id, name, pdf, idpublication) VALUES (33, 'Biological research conducted in the general Andasibe region of Madagascar with emphasis on enumerating the local biotic diversity', 'volume3/mn03_02.pdf', 3);
INSERT INTO public.publicationdetail (id, name, pdf, idpublication) VALUES (34, 'Introduction to the early 2009 biological inventories conducted by the Association Vahatra in the Ambatovy-Analamay region', 'volume3/mn03_03.pdf', 3);
INSERT INTO public.publicationdetail (id, name, pdf, idpublication) VALUES (35, 'Floristic inventory of the Ambatovy-Analamay mine site and comparison to other sites in Madagascar', 'volume3/mn03_04.pdf', 3);
INSERT INTO public.publicationdetail (id, name, pdf, idpublication) VALUES (36, 'Survey of leaf litter ant species and assessment of invasive ants in the mining sites at Ambatovy, Madagascar', 'volume3/mn03_05.pdf', 3);
INSERT INTO public.publicationdetail (id, name, pdf, idpublication) VALUES (37, 'Watercourse ecological sensitivity classification as a management framework to ameliorate pipeline construction impacts associated with the Ambatovy project', 'volume3/mn03_06.pdf', 3);
INSERT INTO public.publicationdetail (id, name, pdf, idpublication) VALUES (38, 'The amphibians and reptiles of the Ambatovy-Analamay region', 'volume3/mn03_07.pdf', 3);
INSERT INTO public.publicationdetail (id, name, pdf, idpublication) VALUES (39, 'The birds of the Ambatovy-Analamay region', 'volume3/mn03_08.pdf', 3);
INSERT INTO public.publicationdetail (id, name, pdf, idpublication) VALUES (40, 'The non-volant and non-primate mammals of the Ambatovy-Analamay forest ', 'volume3/mn03_09.pdf', 3);
INSERT INTO public.publicationdetail (id, name, pdf, idpublication) VALUES (41, 'The lemurs of the Ambatovy-Analamay region', 'volume3/mn03_10.pdf', 3);
INSERT INTO public.publicationdetail (id, name, pdf, idpublication) VALUES (42, 'The Ambatovy lemur population spatial monitoring program: Summary of primary objectives and methods', 'volume3/mn03_11.pdf', 3);
INSERT INTO public.publicationdetail (id, name, pdf, idpublication) VALUES (43, 'Index', 'volume3/mn03_contributeurs.pdf', 3);
INSERT INTO public.publicationdetail (id, name, pdf, idpublication) VALUES (44, 'Notes aux contributeurs dans Malagasy Nature', 'volume3/mn03_contribution.pdf', 3);
INSERT INTO public.publicationdetail (id, name, pdf, idpublication) VALUES (45, 'Format for contributions to Malagasy Nature', 'volume3/mn03_index.pdf', 3);
INSERT INTO public.publicationdetail (id, name, pdf, idpublication) VALUES (46, 'Rock matrix surrounding subfossil lemur skull yields diverse collection of mammalian subfossils: Implications for reconstructing Madagascar’s paleoenvironments', 'volume4/mn04_01.pdf', 4);
INSERT INTO public.publicationdetail (id, name, pdf, idpublication) VALUES (47, 'Influences des pièges sur la réitération et la sexualité des utriculaires aquatiques : cas d’Utricularia gibba et U. stellaris (Lentibulariaceae)', 'volume4/mn04_02.pdf', 4);
INSERT INTO public.publicationdetail (id, name, pdf, idpublication) VALUES (48, 'Estimation de la densité des populations d’une espèce menacée de tortue terrestre (Astrochelys radiata) dans le Parc National Tsimanampetsotsa au Sud de Madagascar', 'volume4/mn04_03.pdf', 4);
INSERT INTO public.publicationdetail (id, name, pdf, idpublication) VALUES (49, 'Liste des noms vernaculaires en langue française des espèces de chauves - souris de Madagascar', 'volume4/mn04_04.pdf', 4);
INSERT INTO public.publicationdetail (id, name, pdf, idpublication) VALUES (50, 'Distributions et caractéristiques des microhabitats de Microcebus griseorufus (Cheirogaleidae) dans le Parc National de Tsimanampetsotsa (Sud ouest de Madagascar)', 'volume4/mn04_05.pdf', 4);
INSERT INTO public.publicationdetail (id, name, pdf, idpublication) VALUES (51, 'Madagascar Buzzard (Buteo brachypterus) nest in association with the colonial nesting Sakalava Weaver (Ploceus sakalava)', 'volume4/mn04_notes_01.pdf', 4);
INSERT INTO public.publicationdetail (id, name, pdf, idpublication) VALUES (52, 'Petits mammifères (Afrosoricida et Rodentia) nouvellement recensés dans le Parc National d’Andohahela (parcelle 1), Madagascar', 'volume4/mn04_notes_02.pdf', 4);
INSERT INTO public.publicationdetail (id, name, pdf, idpublication) VALUES (53, 'Espèces d’amphibiens et de reptiles nouvellement recensés dans le Parc National d’Andohahela, Madagascar', 'volume4/mn04_notes_03.pdf', 4);
INSERT INTO public.publicationdetail (id, name, pdf, idpublication) VALUES (54, 'Index', 'volume4/mn04_index.pdf', 4);
INSERT INTO public.publicationdetail (id, name, pdf, idpublication) VALUES (55, 'Notes aux contributeurs dans Malagasy Nature', 'volume4/mn04_contributeurs.pdf', 4);
INSERT INTO public.publicationdetail (id, name, pdf, idpublication) VALUES (56, 'Format for contributions to Malagasy Nature', 'volume4/mn04_contribution.pdf', 4);
INSERT INTO public.publicationdetail (id, name, pdf, idpublication) VALUES (57, 'Structure dentaire : Implication pour la paléoécologie des Traversodontidae (Eucynodontia) du Trias de Madagascar', 'volume5/mn05_01.pdf', 5);
INSERT INTO public.publicationdetail (id, name, pdf, idpublication) VALUES (58, 'Phenology of different vegetation types in Tsimanampetsotsa National Park, southwestern Madagascar', 'volume5/mn05_02.pdf', 5);
INSERT INTO public.publicationdetail (id, name, pdf, idpublication) VALUES (59, 'Analyse structurale des formations végétales du Parc National d’Andohahela, habitat de Microcebus spp. (Sud-est de Madagascar)', 'volume5/mn05_03.pdf', 5);
INSERT INTO public.publicationdetail (id, name, pdf, idpublication) VALUES (60, 'Conservation status of some commercialized succulent species of Madagascar', 'volume5/mn05_04.pdf', 5);
INSERT INTO public.publicationdetail (id, name, pdf, idpublication) VALUES (61, 'Diet of the Mascarene grass frog, Ptychadena mascareniensis, in Madagascar', 'volume5/mn05_05.pdf', 5);
INSERT INTO public.publicationdetail (id, name, pdf, idpublication) VALUES (62, 'Un premier aperçu de la diversité herpétofaunique d’un bloc forestier isolé, la forêt sèche de Beanka, dans la partie Ouest de Madagascar', 'volume5/mn05_06.pdf', 5);
INSERT INTO public.publicationdetail (id, name, pdf, idpublication) VALUES (63, 'Habitat préférentiel d’Uroplatus giganteus (Reptilia, Gekkonidae), dans le complexe de la Montagne d’Ambre, Nord de Madagascar', 'volume5/mn05_07.pdf', 5);
INSERT INTO public.publicationdetail (id, name, pdf, idpublication) VALUES (64, 'A case of the sympatric occurrence of Microgale brevicaudata and M. grandidieri (Afrosoricida, Tenrecidae) in the Beanka Forest, Maintirano', 'volume5/mn05_08.pdf', 5);
INSERT INTO public.publicationdetail (id, name, pdf, idpublication) VALUES (65, 'Inventaire de chauves-souris dans la concession forestière de Kirindy CNFEREF, Morondava, Madagascar', 'volume5/mn05_09.pdf', 5);
INSERT INTO public.publicationdetail (id, name, pdf, idpublication) VALUES (66, 'Bats of the Beanka Forest, a limestone karstic zone near Maintirano, central western Madagascar', 'volume5/mn05_10.pdf', 5);
INSERT INTO public.publicationdetail (id, name, pdf, idpublication) VALUES (67, 'Sakalava weaver (Ploceus sakalava) nesting association with raptors: An alternative hypothesis', 'volume5/mn05_notes01.pdf', 5);
INSERT INTO public.publicationdetail (id, name, pdf, idpublication) VALUES (68, 'Des Molossidae dans un arbre gîte de la région de Menabe central : description et biologie', 'volume5/mn05_notes02.pdf', 5);
INSERT INTO public.publicationdetail (id, name, pdf, idpublication) VALUES (69, 'Index ', 'volume5/mn05_index.pdf', 5);
INSERT INTO public.publicationdetail (id, name, pdf, idpublication) VALUES (70, 'Notes aux contributeurs dans Malagasy Nature', 'volume5/mn05_contributeurs.pdf', 5);
INSERT INTO public.publicationdetail (id, name, pdf, idpublication) VALUES (71, 'Format for contributions to Malagasy Nature', 'volume5/mn05_contribution.pdf', 5);
INSERT INTO public.publicationdetail (id, name, pdf, idpublication) VALUES (72, 'Note to readers - Note aux lecteurs', 'volume6/mn06_00.pdf', 6);
INSERT INTO public.publicationdetail (id, name, pdf, idpublication) VALUES (73, 'Un premier aperçu de la faune de vertébrés du bush épineux de Salary-Bekodoy, à l’ouest du Parc National de Mikea, Madagascar', 'volume6/mn06_01.pdf', 6);
INSERT INTO public.publicationdetail (id, name, pdf, idpublication) VALUES (74, 'Phenology of different vegetation types in the dry forest of Andohahela National Park, southeastern Madagascar', 'volume6/mn06_02.pdf', 6);
INSERT INTO public.publicationdetail (id, name, pdf, idpublication) VALUES (75, 'Three new Aloe species from Madagascar', 'volume6/mn06_03.pdf', 6);
INSERT INTO public.publicationdetail (id, name, pdf, idpublication) VALUES (76, 'Etudes dendrométriques et dendrochronologiques de neuf espèces de Commiphora Jacq. (Burseraceae) dans les forêts sèches de l’Ouest de Madagascar', 'volume6/mn06_04.pdf', 6);
INSERT INTO public.publicationdetail (id, name, pdf, idpublication) VALUES (77, 'Influence de la variabilité climatique sur la phénologie de la forêt de la Réserve Spéciale de Bezà Mahafaly', 'volume6/mn06_05.pdf', 6);
INSERT INTO public.publicationdetail (id, name, pdf, idpublication) VALUES (78, 'Can differences in floristic composition explain variation in the abundance of two sympatric mouse lemur species (Microcebus) in the Ankarafantsika National Park, northwestern Madagascar?', 'volume6/mn06_06.pdf', 6);
INSERT INTO public.publicationdetail (id, name, pdf, idpublication) VALUES (79, 'Bio-écologie des chauves-souris du Parc National de Tsimanampetsotsa. 1. Identification bioacoustique et habitat préférentiel', 'volume6/mn06_07.pdf', 6);
INSERT INTO public.publicationdetail (id, name, pdf, idpublication) VALUES (80, 'Bio-écologie des chauves-souris du Parc National de Tsimanampetsotsa. 2. Variation interspécifique et saisonnière du régime alimentaire', 'volume6/mn06_08.pdf', 6);
INSERT INTO public.publicationdetail (id, name, pdf, idpublication) VALUES (81, 'Sighting of a ring-tailed vontsira (Galidia elegans) in the gallery forest of Berenty Private Reserve, southeastern Madagascar', 'volume6/mn06_09.pdf', 6);
INSERT INTO public.publicationdetail (id, name, pdf, idpublication) VALUES (82, 'Two records of albinism in Malagasy birds', 'volume6/mn06_10.pdf', 6);
INSERT INTO public.publicationdetail (id, name, pdf, idpublication) VALUES (83, 'Format for contributions to Malagasy Nature', 'volume6/mn06_11.pdf', 6);
INSERT INTO public.publicationdetail (id, name, pdf, idpublication) VALUES (84, 'Préface et remerciements/Preface and acknowledgements', 'volume7/mn07preface.pdf', 7);
INSERT INTO public.publicationdetail (id, name, pdf, idpublication) VALUES (85, 'La forêt de Beanka, Région Melaky, Ouest de Madagascar : introduction et présentation du milieu', 'volume7/mn07chapter01.pdf', 7);
INSERT INTO public.publicationdetail (id, name, pdf, idpublication) VALUES (86, 'Current conservation trends in the Beanka Reserve', 'volume7/mn07chapter02.pdf', 7);
INSERT INTO public.publicationdetail (id, name, pdf, idpublication) VALUES (87, 'Caves of the Beanka karst, Melaky Region, western Madagascar', 'volume7/mn07chapter03.pdf', 7);
INSERT INTO public.publicationdetail (id, name, pdf, idpublication) VALUES (88, 'Rapport sur une mission archéologique à Beanka, Région Melaky, Ouest de Madagascar', 'volume7/mn07chapter04.pdf', 7);
INSERT INTO public.publicationdetail (id, name, pdf, idpublication) VALUES (89, 'Cartographie de la couverture forestière du massif de Beanka, Région Melaky, Ouest de Madagascar', 'volume7/mn07chapter05.pdf', 7);
INSERT INTO public.publicationdetail (id, name, pdf, idpublication) VALUES (90, 'Structure et composition floristique de la forêt sur faciès karstique de Beanka, Région Melaky, Ouest de Madagascar', 'volume7/mn07chapter06.pdf', 7);
INSERT INTO public.publicationdetail (id, name, pdf, idpublication) VALUES (91, 'Inventaire des plantes vasculaires de la région de Beanka, Région Melaky, Ouest de Madagascar', 'volume7/mn07chapter07.pdf', 7);
INSERT INTO public.publicationdetail (id, name, pdf, idpublication) VALUES (92, 'The non-marine molluscs of Tsingy Beanka, Melaky Region, western Madagascar', 'volume7/mn07chapter08.pdf', 7);
INSERT INTO public.publicationdetail (id, name, pdf, idpublication) VALUES (93, 'Diversity of ants in burned and unburned grassland, and dry deciduous forest in the Beanka Reserve, Melaky Region, western Madagascar', 'volume7/mn07chapter09.pdf', 7);
INSERT INTO public.publicationdetail (id, name, pdf, idpublication) VALUES (94, 'Distribution et diversité des communautés terrestres et fouisseuses de vertébrés et d’invertébrés dans un écotone savane-forêt sèche de Beanka, Région Melaky, Ouest de Madagascar', 'volume7/mn07chapter10.pdf', 7);
INSERT INTO public.publicationdetail (id, name, pdf, idpublication) VALUES (95, 'Faune herpétologique de la forêt de Beanka, Région Melaky : richesse biologique, intérêt biogéographique et importance dans la conservation de la biodiversité malgache', 'volume7/mn07chapter11.pdf', 7);
INSERT INTO public.publicationdetail (id, name, pdf, idpublication) VALUES (96, 'Premier aperçu de la diversité des oiseaux de la forêt sèche sur tsingy de Beanka, Région Melaky, Ouest de Madagascar', 'volume7/mn07chapter12.pdf', 7);
INSERT INTO public.publicationdetail (id, name, pdf, idpublication) VALUES (97, 'Aperçu sur l’écologie de Mentocrex beankaensis (Aves, Rallidae) de la forêt sèche de Beanka, Région Melaky, Ouest de Madagascar', 'volume7/mn07chapter13.pdf', 7);
INSERT INTO public.publicationdetail (id, name, pdf, idpublication) VALUES (98, 'Diversité des petits mammifères sur une formation de tsingy : cas de la forêt de Beanka, Région Melaky, Ouest de Madagascar', 'volume7/mn07chapter14.pdf', 7);
INSERT INTO public.publicationdetail (id, name, pdf, idpublication) VALUES (99, 'Lemurs of the Beanka Forest, Melaky Region, western Madagascar', 'volume7/mn07chapter15.pdf', 7);
INSERT INTO public.publicationdetail (id, name, pdf, idpublication) VALUES (100, 'The importance of field inventories and associated studies to understand biodiversity patterns: The case of the Beanka Forest, Melaky Region, western Madagascar', 'volume7/mn07chapter16.pdf', 7);
INSERT INTO public.publicationdetail (id, name, pdf, idpublication) VALUES (101, 'Index', 'volume7/mn07index.pdf', 7);
INSERT INTO public.publicationdetail (id, name, pdf, idpublication) VALUES (102, 'Notes aux contributeurs/Format for contributions', 'volume7/mn07contributeurs.pdf', 7);
INSERT INTO public.publicationdetail (id, name, pdf, idpublication) VALUES (103, 'Paleoecological analysis of elephant bird (Aepyornithidae) remains from the Late Pleistocene and Holocene formations of southern Madagascar', 'volume8/mn08_chapter01.pdf', 8);
INSERT INTO public.publicationdetail (id, name, pdf, idpublication) VALUES (104, 'Endemic non-bambusoid genera of grasses (Poaceae) in Madagascar: Review of current knowledge', 'volume8/mn08_chapter02.pdf', 8);
INSERT INTO public.publicationdetail (id, name, pdf, idpublication) VALUES (105, 'Investigating behavior and ecology of Aphaenogaster swammerdami (Formicidae) in selectively logged forest: 20 years later – a happy ant?', 'volume8/mn08_chapter03.pdf', 8);
INSERT INTO public.publicationdetail (id, name, pdf, idpublication) VALUES (106, 'First record of Corethrellidae (Diptera), frog-biting midges, in Madagascar', 'volume8/mn08_chapter04.pdf', 8);
INSERT INTO public.publicationdetail (id, name, pdf, idpublication) VALUES (107, 'The species composition and distribution of hematophagous insects collected by light-traps in and near cave systems of Madagascar', 'volume8/mn08_chapter05.pdf', 8);
INSERT INTO public.publicationdetail (id, name, pdf, idpublication) VALUES (108, 'The dietary habits of Barn Owls (Tyto alba) in the spiny bush of southwestern Madagascar', 'volume8/mn08_chapter06.pdf', 8);
INSERT INTO public.publicationdetail (id, name, pdf, idpublication) VALUES (109, 'Duchemin’s ‘Linnet’: Was there a second species of native fody Foudia sp. in the Granitic Seychelles? – with additional evidence for the mid-19th century introduction of F. madagascariensis', 'volume8/mn08_chapter07.pdf', 8);
INSERT INTO public.publicationdetail (id, name, pdf, idpublication) VALUES (110, 'Vocalisations de Pipistrellus spp. sensu lato de Madagascar : Expérience sur l’effet de confinement', 'volume8/mn08_chapter08.pdf', 8);
INSERT INTO public.publicationdetail (id, name, pdf, idpublication) VALUES (111, 'The bats of the Kianjavato-Vatovavy region, lowland eastern central Madagascar', 'volume8/mn08_chapter09.pdf', 8);
INSERT INTO public.publicationdetail (id, name, pdf, idpublication) VALUES (112, 'An albino molossid bat from the southwestern Indian Ocean region', 'volume8/mn08_note01.pdf', 8);
INSERT INTO public.publicationdetail (id, name, pdf, idpublication) VALUES (113, 'A record of vertebrate carnivory by the Crested Drongo (Dicrurus forficatus)', 'volume8/mn08_note02.pdf', 8);
INSERT INTO public.publicationdetail (id, name, pdf, idpublication) VALUES (114, 'Format for contributions to Malagasy Nature', 'volume8/mn08_formatforcontributions.pdf', 8);
INSERT INTO public.publicationdetail (id, name, pdf, idpublication) VALUES (115, 'Dynamique post-culturale de la végétation dans la presqu’île d’Ampasindava, Domaine du Sambirano, Nord-ouest de Madagascar', 'volume9/mn09_00.pdf', 9);
INSERT INTO public.publicationdetail (id, name, pdf, idpublication) VALUES (116, 'Biodiversité de l’entomofaune des rizières de la région de Lac Alaotra (Madagascar)', 'volume9/mn09_01.pdf', 9);
INSERT INTO public.publicationdetail (id, name, pdf, idpublication) VALUES (117, 'Puces (Insecta : Siphonaptera) d’Ambohitantely, Madagascar : Spécificité et phénologie', 'volume9/mn09_02.pdf', 9);
INSERT INTO public.publicationdetail (id, name, pdf, idpublication) VALUES (118, 'Suivi de la communauté aviaire aquatique dans la Nouvelle Aire Protégée Mandrozo, Ouest de Madagascar', 'volume9/mn09_03.pdf', 9);
INSERT INTO public.publicationdetail (id, name, pdf, idpublication) VALUES (119, 'Préférence alimentaire des chauves-souris de Kianjavato, région de Vatovavy-Fitovinany, Madagascar', 'volume9/mn09_04.pdf', 9);
INSERT INTO public.publicationdetail (id, name, pdf, idpublication) VALUES (120, 'Comportement alimentaire des communautés de chauves-souris animalivores de Kirindy (CNFEREF) et d’Antsahabe, Madagascar : répartition, partage et disponibilité de niche alimentaire', 'volume9/mn09_05.pdf', 9);
INSERT INTO public.publicationdetail (id, name, pdf, idpublication) VALUES (121, 'The importance of water bodies for insectivorous bats in a Malagasy dry deciduous forest: A case example from Kirindy (CNFEREF)', 'volume9/mn09_06.pdf', 9);
INSERT INTO public.publicationdetail (id, name, pdf, idpublication) VALUES (122, 'Terrestrial “forest-dwelling” endemic small mammals captured outside of natural habitats in the Moramanga District, central eastern Madagascar', 'volume9/mn09_07.pdf', 9);
INSERT INTO public.publicationdetail (id, name, pdf, idpublication) VALUES (123, 'Remains of an aye-aye (Daubentonia madagascariensis) at the edge of the Parc National d’Ankarana, Région Diana', 'volume9/mn09_08.pdf', 9);
INSERT INTO public.publicationdetail (id, name, pdf, idpublication) VALUES (124, 'Documented occurrence of Taphozous mauritianus (E. Geoffroy, 1818) in Mayotte (Comoros Archipelago)', 'volume9/mn09_09.pdf', 9);
INSERT INTO public.publicationdetail (id, name, pdf, idpublication) VALUES (125, 'Third record of pied avocet (Recurvirostra avosetta) for Madagascar', 'volume9/mn09_10.pdf', 9);
INSERT INTO public.publicationdetail (id, name, pdf, idpublication) VALUES (126, 'Format for contributions to Malagasy Nature', 'volume9/mn09_11.pdf', 9);
INSERT INTO public.publicationdetail (id, name, pdf, idpublication) VALUES (127, 'Notes aux contributeurs dans Malagasy Nature', 'volume9/mn09_12.pdf', 9);
INSERT INTO public.publicationdetail (id, name, pdf, idpublication) VALUES (128, 'Préface et remerciements', 'volume10/mn10_00.pdf', 10);
INSERT INTO public.publicationdetail (id, name, pdf, idpublication) VALUES (129, 'Variabilité et changement du climat à Bezà Mahafaly', 'volume10/mn10_01.pdf', 10);
INSERT INTO public.publicationdetail (id, name, pdf, idpublication) VALUES (130, 'Dynamique de la couverture forestière dans la Réserve Spéciale de Bezà Mahafaly et sesenvirons', 'volume10/mn10_02.pdf', 10);
INSERT INTO public.publicationdetail (id, name, pdf, idpublication) VALUES (131, 'Mammalian biodiversity at Bezà Mahafaly: An update', 'volume10/mn10_03.pdf', 10);
INSERT INTO public.publicationdetail (id, name, pdf, idpublication) VALUES (132, 'Diurnal lemurs at Bezà Mahafaly: Resilience and risk', 'volume10/mn10_04.pdf', 10);
INSERT INTO public.publicationdetail (id, name, pdf, idpublication) VALUES (133, 'Dynamique de l’herpétofaune de Bezà Mahafaly', 'volume10/mn10_05.pdf', 10);
INSERT INTO public.publicationdetail (id, name, pdf, idpublication) VALUES (134, 'Suivi de l’avifaune de Bezà Mahafaly', 'volume10/mn10_06.pdf', 10);
INSERT INTO public.publicationdetail (id, name, pdf, idpublication) VALUES (135, 'Dynamiques socio-économiques et utilisation des ressources naturelles dans la Réserve Spéciale de Bezà Mahafaly et ses environs', 'volume10/mn10_07.pdf', 10);
INSERT INTO public.publicationdetail (id, name, pdf, idpublication) VALUES (136, 'Gouvernance de la Réserve Spéciale de Bezà Mahafaly', 'volume10/mn10_08.pdf', 10);
INSERT INTO public.publicationdetail (id, name, pdf, idpublication) VALUES (137, 'Epilogue : Progrès et perspectives', 'volume10/mn10_09.pdf', 10);
INSERT INTO public.publicationdetail (id, name, pdf, idpublication) VALUES (138, 'Notes aux contributeurs dans Malagasy Nature', 'volume10/mn10_10.pdf', 10);
INSERT INTO public.publicationdetail (id, name, pdf, idpublication) VALUES (139, 'Format for contributions to Malagasy Nature', 'volume10/mn10_11.pdf', 10);
INSERT INTO public.publicationdetail (id, name, pdf, idpublication) VALUES (140, 'Results of a biological inventory of the Nosy Ankao island group, Parc National de Loky-Manambato, northeastern Madagascar', 'volume11/mn11.pdf', 11);
INSERT INTO public.publicationdetail (id, name, pdf, idpublication) VALUES (141, 'Notes aux contributeurs dans Malagasy Nature', 'volume10/mn10_10.pdf', 11);
INSERT INTO public.publicationdetail (id, name, pdf, idpublication) VALUES (142, 'Format for contributions to Malagasy Nature', 'volume10/mn10_11.pdf', 11);
INSERT INTO public.publicationdetail (id, name, pdf, idpublication) VALUES (143, 'Les unités paysagères dela péninsule d’Ampasindava (Nord-ouest de Madagascar), un terroir sous haute pression de déforestation', 'volume12/mn12_00.pdf', 12);
INSERT INTO public.publicationdetail (id, name, pdf, idpublication) VALUES (144, 'Influence des caractéristiques forestières et des perturbations anthropogéniques sur la distribution des lémuriens de la Forêt Classée d’Ankadivory (Tsinjoarivo-Ambatolampy)', 'volume12/mn12_01.pdf', 12);
INSERT INTO public.publicationdetail (id, name, pdf, idpublication) VALUES (145, 'Updated extinction risk assessments of Madagascar’s freshwater decapod crustaceans reveal fewer threatened species but more Data Deficient species', 'volume12/mn12_02.pdf', 12);
INSERT INTO public.publicationdetail (id, name, pdf, idpublication) VALUES (146, 'Sex-ratio chez les puces (Insecta : Siphonaptera) d’Ambohitantely, Hautes Terres Centrales de Madagascar', 'volume12/mn12_03.pdf', 12);
INSERT INTO public.publicationdetail (id, name, pdf, idpublication) VALUES (147, 'Découverte de la construction du nid de l’aigle serpentaire de Madagascar (Eutriorchis astur) dans l’Aire Protégée de Bemanevika, Nord-ouest de Madagascar', 'volume12/mn12_04.pdf', 12);
INSERT INTO public.publicationdetail (id, name, pdf, idpublication) VALUES (148, 'Les tiques dures (Acari : Ixodidae) ectoparasites de micromammifères non-volants dans la forêt d’Ambohitantely, Madagascar', 'volume12/mn12_05.pdf', 12);
INSERT INTO public.publicationdetail (id, name, pdf, idpublication) VALUES (149, 'Survie et variation temporelle de la taille de la population de Rousettus madagascariensis (Chiroptera : Pteropodidae) de la Grotte des Chauves-souris d’Ankarana, Nord de Madagascar', 'volume12/mn12_06.pdf', 12);
INSERT INTO public.publicationdetail (id, name, pdf, idpublication) VALUES (200, 'Tome I: Introduction', 'PA book_t1.pdf', 28);
INSERT INTO public.publicationdetail (id, name, pdf, idpublication) VALUES (150, 'Diversité et écologie des petits mammifères dans les habitats forestiers et anthropiques du District de Moramanga, Centre-est de Madagascar', 'volume12/mn12_07.pdf', 12);
INSERT INTO public.publicationdetail (id, name, pdf, idpublication) VALUES (151, 'The distribution and ecology of invasive alien vertebrate species in the greater Toamasina region, central eastern Madagascar', 'volume12/mn12_08.pdf', 12);
INSERT INTO public.publicationdetail (id, name, pdf, idpublication) VALUES (152, 'Nest of the Malagasy Pond Heron Ardeola idae in northern Madagascar', 'volume12/mn12_09.pdf', 12);
INSERT INTO public.publicationdetail (id, name, pdf, idpublication) VALUES (153, 'Occurrence of Taphozous mauritianus (Emballonuridae) in Maintirano, western Madagascar', 'volume12/mn12_10.pdf', 12);
INSERT INTO public.publicationdetail (id, name, pdf, idpublication) VALUES (154, 'Format for contributions to Malagasy Nature', 'volume12/mn12_11.pdf', 12);
INSERT INTO public.publicationdetail (id, name, pdf, idpublication) VALUES (155, 'Notes aux contributeurs dans Malagasy Nature', 'volume12/mn12_12.pdf', 12);
INSERT INTO public.publicationdetail (id, name, pdf, idpublication) VALUES (156, 'Morphologie pollinique de la flore de la Réserve Spéciale d’Ankarana, Madagascar', 'volume13/mn13_00.pdf', 13);
INSERT INTO public.publicationdetail (id, name, pdf, idpublication) VALUES (157, 'Morphométrie des fruits et des graines de Ficus (Moraceae) de la forêt sèche de la Réserve Spéciale d’Ankarana, Madagascar', 'volume13/mn13_01.pdf', 13);
INSERT INTO public.publicationdetail (id, name, pdf, idpublication) VALUES (158, 'Euphorbia pseudodidiereoides, une nouvelle euphorbe épineuse du Centre-sud de Madagascar', 'volume13/mn13_02.pdf', 13);
INSERT INTO public.publicationdetail (id, name, pdf, idpublication) VALUES (159, 'A review of Trypanosoma species known from Malagasy vertebrates', 'volume13/mn13_03.pdf', 13);
INSERT INTO public.publicationdetail (id, name, pdf, idpublication) VALUES (160, 'Revue des stratégies nationales sur la biosécurité et perspectives sur la gestion des espèces exotiques envahissantes à Madagascar', 'volume13/mn13_04.pdf', 13);
INSERT INTO public.publicationdetail (id, name, pdf, idpublication) VALUES (161, 'Population structure, activity pattern, and microhabitat use of Phelsuma klemmeri at Mandrozo, Madagascar', 'volume13/mn13_05.pdf', 13);
INSERT INTO public.publicationdetail (id, name, pdf, idpublication) VALUES (162, 'Succès de la reproduction et comportements de Polyboroide rayé (Polyboroides radiatus) dans l’Aire Protégée de Bemanevika, Nord-ouest de Madagascar', 'volume13/mn13_06.pdf', 13);
INSERT INTO public.publicationdetail (id, name, pdf, idpublication) VALUES (163, 'Les chauves-souris du Paysage Harmonieux Protégé du Complexe Tsimembo Manambolomaty, Région Melaky, Madagascar : diversité et biogéographie', 'volume13/mn13_07.pdf', 13);
INSERT INTO public.publicationdetail (id, name, pdf, idpublication) VALUES (164, 'Seasonal movements of insectivorous bat species in southwestern Madagascar', 'volume13/mn13_08.pdf', 13);
INSERT INTO public.publicationdetail (id, name, pdf, idpublication) VALUES (165, 'Les rats dans le monde rural du Centre-est et du Centre-sud de Madagascar : dommages causés et systèmes de contrôle', 'volume13/mn13_09.pdf', 13);
INSERT INTO public.publicationdetail (id, name, pdf, idpublication) VALUES (166, 'Feeding ecology of the bokiboky, Mungotictis decemlineata (family Eupleridae)', 'volume13/mn13_010.pdf', 13);
INSERT INTO public.publicationdetail (id, name, pdf, idpublication) VALUES (167, 'Mise à jour de la distribution du crapaud commun d’Asie (Duttaphrynus melanostictus) dans le sud de Toamasina, Madagascar', 'volume13/mn13_011.pdf', 13);
INSERT INTO public.publicationdetail (id, name, pdf, idpublication) VALUES (168, 'Le bananier aquatique, Typhonodorum madagascariense (famille des Araceae) dans la commune rurale d’Ankililoaka, Sud-ouest de Madagascar', 'volume13/mn13_012.pdf', 13);
INSERT INTO public.publicationdetail (id, name, pdf, idpublication) VALUES (169, 'Absence of Trypanosoma infection among Hoplobatrachus tigerinus (Amphibia: Dicroglossidae) from Boeny, western Madagascar', 'volume13/mn13_013.pdf', 13);
INSERT INTO public.publicationdetail (id, name, pdf, idpublication) VALUES (170, 'Format for contributions to Malagasy Nature', 'volume13/mn13_014.pdf', 13);
INSERT INTO public.publicationdetail (id, name, pdf, idpublication) VALUES (171, 'Notes aux contributeurs dans Malagasy Nature', 'volume13/mn13_015.pdf', 13);
INSERT INTO public.publicationdetail (id, name, pdf, idpublication) VALUES (172, 'Tribute to Martin Edwin Nicoll (1954-2020): Forty years (1980-2020) of a British scientist dedicated to the conservation of Malagasy biodiversity', 'volume14/mn14_00.pdf', 14);
INSERT INTO public.publicationdetail (id, name, pdf, idpublication) VALUES (173, 'Effet de l’exploitation minière sur les facteurs productifs comme l’agriculture et la production de charbon de bois et la dynamique de déforestation dans le Sud-ouest de Madagascar', 'volume14/mn14_01.pdf', 14);
INSERT INTO public.publicationdetail (id, name, pdf, idpublication) VALUES (174, 'Etude dendrométrique et dendrochronologique de trois espèces de Cedrelopsis Baillon, (Rutaceae) dans les forêts sèches de l’Ouest de Madagascar', 'volume14/mn14_02.pdf', 14);
INSERT INTO public.publicationdetail (id, name, pdf, idpublication) VALUES (175, 'Resting site choice depends on age in Opisthacanthus madagascariensis (Scorpiones: Hormuridae) in dry deciduous forest, western Madagascar', 'volume14/mn14_03.pdf', 14);
INSERT INTO public.publicationdetail (id, name, pdf, idpublication) VALUES (176, 'A rapid avifaunal survey of the Mahimborondro Protected Area, northern Madagascar', 'volume14/mn14_04.pdf', 14);
INSERT INTO public.publicationdetail (id, name, pdf, idpublication) VALUES (177, 'Field body temperatures in the rainforest frog Mantidactylus (Brygoomantis) bellyi from northern Madagascar: Variance and predictors', 'volume14/mn14_05.pdf', 14);
INSERT INTO public.publicationdetail (id, name, pdf, idpublication) VALUES (178, 'Population dynamics of Lemur catta at selected sleeping sites of Tsimanampesotse National Park', 'volume14/mn14_06.pdf', 14);
INSERT INTO public.publicationdetail (id, name, pdf, idpublication) VALUES (179, 'Canopy chameleon (Furcifer willsii) consumption by common big-eyed snake (Mimophis mahfalensis) in Fivahona Forest, eastern Madagascar', 'volume14/mn14_07.pdf', 14);
INSERT INTO public.publicationdetail (id, name, pdf, idpublication) VALUES (180, 'First sighting of the House Crow Corvus splendens on Nosy Be', 'volume14/mn14_08.pdf', 14);
INSERT INTO public.publicationdetail (id, name, pdf, idpublication) VALUES (181, 'Format for contributions to Malagasy Nature', 'volume14/mn14_09.pdf', 14);
INSERT INTO public.publicationdetail (id, name, pdf, idpublication) VALUES (182, 'Notes aux contributeurs dans Malagasy Nature', 'volume14/mn14_10.pdf', 14);
INSERT INTO public.publicationdetail (id, name, pdf, idpublication) VALUES (183, 'Foreword', 'volume15/mn15_00.pdf', 15);
INSERT INTO public.publicationdetail (id, name, pdf, idpublication) VALUES (184, 'Introduction: The way of the future — new paleosciences research led by Malagasy scientists', 'volume15/mn15_01.pdf', 15);
INSERT INTO public.publicationdetail (id, name, pdf, idpublication) VALUES (185, 'Applying human niche construction theory to study settlement choice in southwest Madagascar, 16th-19th centuries CE', 'volume15/mn15_02.pdf', 15);
INSERT INTO public.publicationdetail (id, name, pdf, idpublication) VALUES (186, 'Nontrivial responses of vegetation to compound disturbances: A case study of Malagasy grasslands', 'volume15/mn15_03.pdf', 15);
INSERT INTO public.publicationdetail (id, name, pdf, idpublication) VALUES (187, 'Adaptation of subsistence strategies of the southwestern Malagasy in the face of climate change', 'volume15/mn15_04.pdf', 15);
INSERT INTO public.publicationdetail (id, name, pdf, idpublication) VALUES (188, 'The Malagasy monsoon over the Holocene: A review from speleothem δ18Oc records ', 'volume15/mn15_05.pdf', 15);
INSERT INTO public.publicationdetail (id, name, pdf, idpublication) VALUES (189, 'Paleoecological evidence for late Holocene aridification from the Taolambiby subfossil site of southwestern Madagascar', 'volume15/mn15_06.pdf', 15);
INSERT INTO public.publicationdetail (id, name, pdf, idpublication) VALUES (190, 'Description of the subfossil crocodylians from a new Late Pleistocene subfossil site (Tsaramody, Sambaina Basin) in central Madagascar', 'volume15/mn15_07.pdf', 15);
INSERT INTO public.publicationdetail (id, name, pdf, idpublication) VALUES (191, 'Comparing the paleoclimates of northwestern and southwestern Madagascar during the late Holocene: Implications for the role of climate in megafaunal extinction', 'volume15/mn15_08.pdf', 15);
INSERT INTO public.publicationdetail (id, name, pdf, idpublication) VALUES (192, 'Subfossil birds from a submerged cave in southwestern Madagascar', 'volume15/mn15_09.pdf', 15);
INSERT INTO public.publicationdetail (id, name, pdf, idpublication) VALUES (193, 'The growth and development of Pachylemur, a large-bodied Lemuridae', 'volume15/mn15_10.pdf', 15);
INSERT INTO public.publicationdetail (id, name, pdf, idpublication) VALUES (194, 'The stories people tell, and how they can contribute to our understanding of megafaunal decline and extinction in Madagascar', 'volume15/mn15_11.pdf', 15);
INSERT INTO public.publicationdetail (id, name, pdf, idpublication) VALUES (195, 'Format for contributions to Malagasy Nature', 'volume15/mn15_12.pdf', 15);
INSERT INTO public.publicationdetail (id, name, pdf, idpublication) VALUES (196, 'Notes aux contributeurs dans Malagasy Nature', 'volume15/mn15_13.pdf', 15);
INSERT INTO public.publicationdetail (id, name, pdf, idpublication) VALUES (198, NULL, '2014_memoiresandthesis.pdf', 26);
INSERT INTO public.publicationdetail (id, name, pdf, idpublication) VALUES (199, NULL, 'Atlas.pdf', 27);
INSERT INTO public.publicationdetail (id, name, pdf, idpublication) VALUES (201, 'Tome II: Northern and Eastern Madagascar', 'PA book_t2.pdf', 28);
INSERT INTO public.publicationdetail (id, name, pdf, idpublication) VALUES (202, 'Tome III: Western and Southern Madagascar - Synthesis', 'PA book_t3.pdf', 28);
INSERT INTO public.publicationdetail (id, name, pdf, idpublication) VALUES (197, NULL, '2014_publicationeng.pdf', 25);
INSERT INTO public.publicationdetail (id, name, pdf, idpublication) VALUES (225, 'Evaluation éco-biologique de la faune et de la flore de l’Aire Protégée d’Ambohitr’Antsingy (Montagne des Français), au Nord de Madagascar', 'MN16_Chapitre_01_Raherilalao.pdf', 39);
INSERT INTO public.publicationdetail (id, name, pdf, idpublication) VALUES (226, 'Suivi de la population et sélection d’habitat du Héron crabier blanc Ardeola idae (Ardeidae) dans dix de ses zones de distribution à Madagascar', 'MN16_Chapitre_02_Pruvot.pdf', 39);
INSERT INTO public.publicationdetail (id, name, pdf, idpublication) VALUES (227, 'Tendance de la population de Passer domesticus (famille des Ploceidae), une espèce d’oiseau envahissant, dans la ville de Toamasina, Madagascar', 'MN16_Chapitre_03_Raolihanitrasina.pdf', 39);
INSERT INTO public.publicationdetail (id, name, pdf, idpublication) VALUES (228, 'Distribution spatiale de trois espèces d’oiseaux envahissants dans les villes portuaires de Madagascar', 'MN16_Chapitre_04_Raobson.pdf', 39);
INSERT INTO public.publicationdetail (id, name, pdf, idpublication) VALUES (229, 'Etude du régime alimentaire du moineau domestique Passer domesticus (famille des Passeridae) dans la ville de Toamasina, Madagascar', 'MN16_Chapitre_05_Raolihanitrasina.pdf', 39);
INSERT INTO public.publicationdetail (id, name, pdf, idpublication) VALUES (230, 'Régime alimentaire de Mops leucostigma (Chiroptera : Molossidae) dans la Station Forestière d’Ivoloina, Centre-est de Madagascar', 'MN16_Chapitre_06_Todilahy.pdf', 39);
INSERT INTO public.publicationdetail (id, name, pdf, idpublication) VALUES (231, 'Trypanosoma infection in terrestrial small mammals from the Central Highlands of Madagascar', 'MN16_Chapitre_07_Rasoanoro.pdf', 39);
INSERT INTO public.publicationdetail (id, name, pdf, idpublication) VALUES (232, 'New distribution record of the House Sparrow Passer domesticus in inland northwestern Madagascar', 'MN16_Note_01_Rene_de_Roland.pdf', 39);
INSERT INTO public.publicationdetail (id, name, pdf, idpublication) VALUES (233, 'The first nest description of Eliurus majori (Rodentia: Nesomyidae), an endemic Malagasy rodent', 'MN16_Note_02_Rakotoarisoa.pdf', 39);
INSERT INTO public.publicationdetail (id, name, pdf, idpublication) VALUES (234, 'Format for contributions to Malagasy Nature ', 'MN16_Format_fo_contributions.pdf', 39);
INSERT INTO public.publicationdetail (id, name, pdf, idpublication) VALUES (235, 'Notes aux contributeurs dans Malagasy Nature ', 'MN16_Notes_aux_contributeurs.pdf', 39);


--
-- Data for Name: sequences_sequence; Type: TABLE DATA; Schema: public; Owner: postgres
--

INSERT INTO public.sequences_sequence (name, last) VALUES ('institution', 41);


--
-- Data for Name: typeactivity; Type: TABLE DATA; Schema: public; Owner: postgres
--

INSERT INTO public.typeactivity (id, type) VALUES ('A2', 'Conference');
INSERT INTO public.typeactivity (id, type) VALUES ('A4', 'Project');
INSERT INTO public.typeactivity (id, type) VALUES ('A1', 'Visit');


--
-- Data for Name: typemember; Type: TABLE DATA; Schema: public; Owner: postgres
--

INSERT INTO public.typemember (id, type, description, image) VALUES (1, 'board of directors', 'In the context of providing clear and long-term advice for the development of new programs and the management of the association, Vahatra places considerable importance on the board of directors.', 'BEA_113.jpg');
INSERT INTO public.typemember (id, type, description, image) VALUES (3, 'students', 'Students enrolled within the Malagasy university system, particularly in the field of biology and environmental ecology, are the principal focus of the Vahatra program to help with their advancement and capacity building. We aim at having 12-15 students working with us at any given time. Once a student has finished their degree, the place is open for another incoming student.', 'Beman_037.jpg');
INSERT INTO public.typemember (id, type, description, image) VALUES (2, 'scientists', 'They are the founding members of the association.', 'Amena_035.jpg');
INSERT INTO public.typemember (id, type, description, image) VALUES (4, 'staff', 'The current staff includes seven individuals', 'DSC_0587.JPG');


--
-- Data for Name: typepublication; Type: TABLE DATA; Schema: public; Owner: postgres
--

INSERT INTO public.typepublication (id, type) VALUES (1, 'Malagasy Nature');
INSERT INTO public.typepublication (id, type) VALUES (2, 'Guides');
INSERT INTO public.typepublication (id, type) VALUES (3, 'Other publications');


--
-- Data for Name: typesubactivity; Type: TABLE DATA; Schema: public; Owner: postgres
--

INSERT INTO public.typesubactivity (id, type, idtypeactivity) VALUES ('SA2', 'field school', 'A1');
INSERT INTO public.typesubactivity (id, type, idtypeactivity) VALUES ('SA3', 'biological inventories', 'A1');
INSERT INTO public.typesubactivity (id, type, idtypeactivity) VALUES ('SA1', 'science for the people', 'A1');


--
-- Data for Name: visit; Type: TABLE DATA; Schema: public; Owner: postgres
--

INSERT INTO public.visit (id, dateend, idactivity, idlocation, idtypesubactivity) VALUES (48, NULL, 48, 31, 'SA2');
INSERT INTO public.visit (id, dateend, idactivity, idlocation, idtypesubactivity) VALUES (50, NULL, 50, 32, 'SA2');
INSERT INTO public.visit (id, dateend, idactivity, idlocation, idtypesubactivity) VALUES (52, '2003-03-01', 52, 42, 'SA3');
INSERT INTO public.visit (id, dateend, idactivity, idlocation, idtypesubactivity) VALUES (53, '2005-10-01', 53, 43, 'SA3');
INSERT INTO public.visit (id, dateend, idactivity, idlocation, idtypesubactivity) VALUES (54, '2006-02-01', 54, 44, 'SA3');
INSERT INTO public.visit (id, dateend, idactivity, idlocation, idtypesubactivity) VALUES (55, '2007-03-01', 55, 45, 'SA3');
INSERT INTO public.visit (id, dateend, idactivity, idlocation, idtypesubactivity) VALUES (56, '2008-03-01', 56, 33, 'SA3');
INSERT INTO public.visit (id, dateend, idactivity, idlocation, idtypesubactivity) VALUES (57, '2009-02-01', 57, 46, 'SA3');
INSERT INTO public.visit (id, dateend, idactivity, idlocation, idtypesubactivity) VALUES (58, '2010-04-01', 58, 30, 'SA3');
INSERT INTO public.visit (id, dateend, idactivity, idlocation, idtypesubactivity) VALUES (59, NULL, 59, 47, 'SA3');
INSERT INTO public.visit (id, dateend, idactivity, idlocation, idtypesubactivity) VALUES (61, NULL, 61, 14, 'SA3');
INSERT INTO public.visit (id, dateend, idactivity, idlocation, idtypesubactivity) VALUES (36, NULL, 36, 29, 'SA2');
INSERT INTO public.visit (id, dateend, idactivity, idlocation, idtypesubactivity) VALUES (37, NULL, 37, 31, 'SA2');
INSERT INTO public.visit (id, dateend, idactivity, idlocation, idtypesubactivity) VALUES (60, NULL, 60, 28, 'SA3');
INSERT INTO public.visit (id, dateend, idactivity, idlocation, idtypesubactivity) VALUES (38, NULL, 38, 41, 'SA2');
INSERT INTO public.visit (id, dateend, idactivity, idlocation, idtypesubactivity) VALUES (39, NULL, 39, 31, 'SA2');
INSERT INTO public.visit (id, dateend, idactivity, idlocation, idtypesubactivity) VALUES (40, NULL, 40, 32, 'SA2');
INSERT INTO public.visit (id, dateend, idactivity, idlocation, idtypesubactivity) VALUES (41, NULL, 41, 33, 'SA2');
INSERT INTO public.visit (id, dateend, idactivity, idlocation, idtypesubactivity) VALUES (42, NULL, 42, 27, 'SA2');
INSERT INTO public.visit (id, dateend, idactivity, idlocation, idtypesubactivity) VALUES (47, NULL, 47, 38, 'SA2');
INSERT INTO public.visit (id, dateend, idactivity, idlocation, idtypesubactivity) VALUES (51, NULL, 51, 40, 'SA2');
INSERT INTO public.visit (id, dateend, idactivity, idlocation, idtypesubactivity) VALUES (49, NULL, 49, 39, 'SA2');
INSERT INTO public.visit (id, dateend, idactivity, idlocation, idtypesubactivity) VALUES (43, NULL, 43, 34, 'SA2');
INSERT INTO public.visit (id, dateend, idactivity, idlocation, idtypesubactivity) VALUES (44, NULL, 44, 35, 'SA2');
INSERT INTO public.visit (id, dateend, idactivity, idlocation, idtypesubactivity) VALUES (45, NULL, 45, 36, 'SA2');
INSERT INTO public.visit (id, dateend, idactivity, idlocation, idtypesubactivity) VALUES (46, NULL, 46, 37, 'SA2');
INSERT INTO public.visit (id, dateend, idactivity, idlocation, idtypesubactivity) VALUES (62, '2022-12-15', 62, 48, 'SA3');
INSERT INTO public.visit (id, dateend, idactivity, idlocation, idtypesubactivity) VALUES (6, NULL, 6, 6, 'SA1');
INSERT INTO public.visit (id, dateend, idactivity, idlocation, idtypesubactivity) VALUES (17, NULL, 17, 17, 'SA1');
INSERT INTO public.visit (id, dateend, idactivity, idlocation, idtypesubactivity) VALUES (18, NULL, 18, 18, 'SA1');
INSERT INTO public.visit (id, dateend, idactivity, idlocation, idtypesubactivity) VALUES (19, NULL, 19, 19, 'SA1');
INSERT INTO public.visit (id, dateend, idactivity, idlocation, idtypesubactivity) VALUES (20, NULL, 20, 20, 'SA1');
INSERT INTO public.visit (id, dateend, idactivity, idlocation, idtypesubactivity) VALUES (21, NULL, 21, 21, 'SA1');
INSERT INTO public.visit (id, dateend, idactivity, idlocation, idtypesubactivity) VALUES (22, NULL, 22, 22, 'SA1');
INSERT INTO public.visit (id, dateend, idactivity, idlocation, idtypesubactivity) VALUES (23, NULL, 23, 23, 'SA1');
INSERT INTO public.visit (id, dateend, idactivity, idlocation, idtypesubactivity) VALUES (24, NULL, 24, 24, 'SA1');
INSERT INTO public.visit (id, dateend, idactivity, idlocation, idtypesubactivity) VALUES (2, NULL, 2, 2, 'SA1');
INSERT INTO public.visit (id, dateend, idactivity, idlocation, idtypesubactivity) VALUES (3, NULL, 3, 3, 'SA1');
INSERT INTO public.visit (id, dateend, idactivity, idlocation, idtypesubactivity) VALUES (4, NULL, 4, 4, 'SA1');
INSERT INTO public.visit (id, dateend, idactivity, idlocation, idtypesubactivity) VALUES (12, NULL, 12, 12, 'SA1');
INSERT INTO public.visit (id, dateend, idactivity, idlocation, idtypesubactivity) VALUES (13, NULL, 13, 13, 'SA1');
INSERT INTO public.visit (id, dateend, idactivity, idlocation, idtypesubactivity) VALUES (14, NULL, 14, 14, 'SA1');
INSERT INTO public.visit (id, dateend, idactivity, idlocation, idtypesubactivity) VALUES (15, NULL, 15, 15, 'SA1');
INSERT INTO public.visit (id, dateend, idactivity, idlocation, idtypesubactivity) VALUES (16, NULL, 16, 16, 'SA1');
INSERT INTO public.visit (id, dateend, idactivity, idlocation, idtypesubactivity) VALUES (5, NULL, 5, 5, 'SA1');
INSERT INTO public.visit (id, dateend, idactivity, idlocation, idtypesubactivity) VALUES (11, NULL, 11, 11, 'SA1');
INSERT INTO public.visit (id, dateend, idactivity, idlocation, idtypesubactivity) VALUES (7, NULL, 7, 7, 'SA1');
INSERT INTO public.visit (id, dateend, idactivity, idlocation, idtypesubactivity) VALUES (8, NULL, 8, 8, 'SA1');
INSERT INTO public.visit (id, dateend, idactivity, idlocation, idtypesubactivity) VALUES (27, NULL, 27, 27, 'SA2');
INSERT INTO public.visit (id, dateend, idactivity, idlocation, idtypesubactivity) VALUES (28, NULL, 28, 27, 'SA2');
INSERT INTO public.visit (id, dateend, idactivity, idlocation, idtypesubactivity) VALUES (29, NULL, 29, 14, 'SA2');
INSERT INTO public.visit (id, dateend, idactivity, idlocation, idtypesubactivity) VALUES (30, NULL, 30, 27, 'SA2');
INSERT INTO public.visit (id, dateend, idactivity, idlocation, idtypesubactivity) VALUES (31, NULL, 31, 14, 'SA2');
INSERT INTO public.visit (id, dateend, idactivity, idlocation, idtypesubactivity) VALUES (32, NULL, 32, 27, 'SA2');
INSERT INTO public.visit (id, dateend, idactivity, idlocation, idtypesubactivity) VALUES (33, NULL, 33, 28, 'SA2');
INSERT INTO public.visit (id, dateend, idactivity, idlocation, idtypesubactivity) VALUES (34, NULL, 34, 29, 'SA2');
INSERT INTO public.visit (id, dateend, idactivity, idlocation, idtypesubactivity) VALUES (35, NULL, 35, 30, 'SA2');
INSERT INTO public.visit (id, dateend, idactivity, idlocation, idtypesubactivity) VALUES (9, NULL, 9, 9, 'SA1');
INSERT INTO public.visit (id, dateend, idactivity, idlocation, idtypesubactivity) VALUES (10, NULL, 10, 10, 'SA1');
INSERT INTO public.visit (id, dateend, idactivity, idlocation, idtypesubactivity) VALUES (1, NULL, 1, 1, 'SA1');
INSERT INTO public.visit (id, dateend, idactivity, idlocation, idtypesubactivity) VALUES (25, NULL, 25, 25, 'SA1');
INSERT INTO public.visit (id, dateend, idactivity, idlocation, idtypesubactivity) VALUES (26, NULL, 26, 26, 'SA1');


--
-- Name: activity_id_seq; Type: SEQUENCE SET; Schema: public; Owner: postgres
--

SELECT pg_catalog.setval('public.activity_id_seq', 113, true);


--
-- Name: activityimage_id_seq; Type: SEQUENCE SET; Schema: public; Owner: postgres
--

SELECT pg_catalog.setval('public.activityimage_id_seq', 176, true);


--
-- Name: activityinstitution_id_seq; Type: SEQUENCE SET; Schema: public; Owner: postgres
--

SELECT pg_catalog.setval('public.activityinstitution_id_seq', 28, true);


--
-- Name: activityperson_id_seq; Type: SEQUENCE SET; Schema: public; Owner: postgres
--

SELECT pg_catalog.setval('public.activityperson_id_seq', 73, true);


--
-- Name: auth_group_id_seq; Type: SEQUENCE SET; Schema: public; Owner: postgres
--

SELECT pg_catalog.setval('public.auth_group_id_seq', 1, false);


--
-- Name: auth_group_permissions_id_seq; Type: SEQUENCE SET; Schema: public; Owner: postgres
--

SELECT pg_catalog.setval('public.auth_group_permissions_id_seq', 1, false);


--
-- Name: auth_permission_id_seq; Type: SEQUENCE SET; Schema: public; Owner: postgres
--

SELECT pg_catalog.setval('public.auth_permission_id_seq', 132, true);


--
-- Name: auth_user_groups_id_seq; Type: SEQUENCE SET; Schema: public; Owner: postgres
--

SELECT pg_catalog.setval('public.auth_user_groups_id_seq', 1, false);


--
-- Name: auth_user_id_seq; Type: SEQUENCE SET; Schema: public; Owner: postgres
--

SELECT pg_catalog.setval('public.auth_user_id_seq', 1, true);


--
-- Name: auth_user_user_permissions_id_seq; Type: SEQUENCE SET; Schema: public; Owner: postgres
--

SELECT pg_catalog.setval('public.auth_user_user_permissions_id_seq', 1, false);


--
-- Name: django_content_type_id_seq; Type: SEQUENCE SET; Schema: public; Owner: postgres
--

SELECT pg_catalog.setval('public.django_content_type_id_seq', 38, true);


--
-- Name: django_migrations_id_seq; Type: SEQUENCE SET; Schema: public; Owner: postgres
--

SELECT pg_catalog.setval('public.django_migrations_id_seq', 59, true);


--
-- Name: fieldschool_id_seq; Type: SEQUENCE SET; Schema: public; Owner: postgres
--

SELECT pg_catalog.setval('public.fieldschool_id_seq', 53, true);


--
-- Name: image_id_seq; Type: SEQUENCE SET; Schema: public; Owner: postgres
--

SELECT pg_catalog.setval('public.image_id_seq', 115, true);


--
-- Name: imagetype_id_seq; Type: SEQUENCE SET; Schema: public; Owner: postgres
--

SELECT pg_catalog.setval('public.imagetype_id_seq', 9, true);


--
-- Name: location_id_seq; Type: SEQUENCE SET; Schema: public; Owner: postgres
--

SELECT pg_catalog.setval('public.location_id_seq', 49, true);


--
-- Name: member_id_seq; Type: SEQUENCE SET; Schema: public; Owner: postgres
--

SELECT pg_catalog.setval('public.member_id_seq', 72, true);


--
-- Name: memberpostinst_id_seq; Type: SEQUENCE SET; Schema: public; Owner: postgres
--

SELECT pg_catalog.setval('public.memberpostinst_id_seq', 48, true);


--
-- Name: messageofyear_id_seq; Type: SEQUENCE SET; Schema: public; Owner: postgres
--

SELECT pg_catalog.setval('public.messageofyear_id_seq', 1, true);


--
-- Name: partner_id_seq; Type: SEQUENCE SET; Schema: public; Owner: postgres
--

SELECT pg_catalog.setval('public.partner_id_seq', 14, true);


--
-- Name: person_id_seq; Type: SEQUENCE SET; Schema: public; Owner: postgres
--

SELECT pg_catalog.setval('public.person_id_seq', 390, true);


--
-- Name: publication_id_seq; Type: SEQUENCE SET; Schema: public; Owner: postgres
--

SELECT pg_catalog.setval('public.publication_id_seq', 39, true);


--
-- Name: publicationauthor_id_seq; Type: SEQUENCE SET; Schema: public; Owner: postgres
--

SELECT pg_catalog.setval('public.publicationauthor_id_seq', 452, true);


--
-- Name: publicationdetail_id_seq; Type: SEQUENCE SET; Schema: public; Owner: postgres
--

SELECT pg_catalog.setval('public.publicationdetail_id_seq', 235, true);


--
-- Name: typemember_id_seq; Type: SEQUENCE SET; Schema: public; Owner: postgres
--

SELECT pg_catalog.setval('public.typemember_id_seq', 4, true);


--
-- Name: typepublication_id_seq; Type: SEQUENCE SET; Schema: public; Owner: postgres
--

SELECT pg_catalog.setval('public.typepublication_id_seq', 1, false);


--
-- Name: visit_id_seq; Type: SEQUENCE SET; Schema: public; Owner: postgres
--

SELECT pg_catalog.setval('public.visit_id_seq', 66, true);

