
INSERT INTO public.person (id, "name", username, title) VALUES (1,'Raselimanana','Achille P.','Pr.');
INSERT INTO public.person (id, "name", username, title) VALUES (2,'Raherilalao','Marie Jeanne','Dr.');
INSERT INTO public.person (id, "name", username, title) VALUES (3,'Soarimalala','Voahangy','Dr.');
INSERT INTO public.person (id, "name", username, title) VALUES (4,'Goodman','Steven M.','Pr.');
INSERT INTO public.person (id, "name", username, title) VALUES (5,'Raharinirina','Sabrina','Ms.');
INSERT INTO public.person (id, "name", username, title) VALUES (6,'Ratsirahaingotiana','Sandra','Ms.');
INSERT INTO public.person (id, "name", username, title) VALUES (7,'Razafindravao','Rachel (Ledada)','Mr.');
INSERT INTO public.person (id, "name", username, title) VALUES (8,'Malaimbohitsy','Elisa','Mr.');
INSERT INTO public.person (id, "name", username, title) VALUES (9,'Avisoa','Mara','Mr.');
INSERT INTO public.person (id, "name", username, title) VALUES (10,'Tsitindria','François','Mr.');
INSERT INTO public.person (id, "name", username, title) VALUES (11,'Rakotondravony','Daniel','Pr.');
INSERT INTO public.person (id, "name", username, title) VALUES (12,'Ratsifandrihamanana','Nanie','Ms.');
INSERT INTO public.person (id, "name", username, title) VALUES (13,'Ratrimoarivony','Guy','General');
INSERT INTO public.person (id, "name", username, title) VALUES (14,'Andrianarivo','Chantal','Ms.');
INSERT INTO public.person (id, "name", username, title) VALUES (15,'Ratsirarson','Joelisoa','Pr.');
INSERT INTO public.person (id, "name", username, title) VALUES (16,'Rakotoary','Jean Chrysostome','Mr.');
INSERT INTO public.person (id, "name", username, title) VALUES (17,'Andriambololona','Raoelina','Pr.');
INSERT INTO public.person (id, "name", username, title) VALUES (18,'Ganzhorn','Jörg U.','Pr.');
INSERT INTO public.person (id, "name", username, title) VALUES (19,'Goodman','Paul','Mr.');
INSERT INTO public.person (id, "name", username, title) VALUES (20,'Langrand','Olivier','Mr.');
INSERT INTO public.person (id, "name", username, title) VALUES (21,'Polsky','Michael','Mr.');

INSERT INTO public.person (id, "name", username, title) VALUES(22, 'Ranivoharimanana', 'Lovasoa', 'Ms.');
INSERT INTO public.person (id, "name", username, title) VALUES(23, 'REBIOMA', 'Equipe', '');
INSERT INTO public.person (id, "name", username, title) VALUES(24, 'Ratsimbazafy', 'Jonah', 'Mr.');
INSERT INTO public.person (id, "name", username, title) VALUES(25, 'Chikhi', 'Lounès', 'Mr.');
INSERT INTO public.person (id, "name", username, title) VALUES(26, 'Rakotondratsimba', 'Mbola', 'Ms.');
INSERT INTO public.person (id, "name", username, title) VALUES(27, 'Douglas', 'Michael', 'Dr.');

INSERT INTO public.person (id, "name", username, title) VALUES(28, 'Ralison', 'J.', null);
INSERT INTO public.person (id, "name", username, title) VALUES(29, 'Wilmé', 'L.', null);
INSERT INTO public.person (id, "name", username, title) VALUES(30, 'Rakotomalala', 'D.', null);

INSERT INTO public.person (id, "name", username, title) VALUES(31, 'Gardner', 'Charlie J.', null);
INSERT INTO public.person (id, "name", username, title) VALUES(32, 'Andrianarimisa', 'Aristide', null);
INSERT INTO public.person (id, "name", username, title) VALUES(33, 'Andrianjakarivelo', 'Vonjy', null);
INSERT INTO public.person (id, "name", username, title) VALUES(34, 'Rakotomalala', 'Zafimahery', null);
INSERT INTO public.person (id, "name", username, title) VALUES(35, 'Anjeriniaina ', 'Mirana', null);
INSERT INTO public.person (id, "name", username, title) VALUES(36, 'Rakotondravony', 'Hery A.', null);
INSERT INTO public.person (id, "name", username, title) VALUES(37, 'Irwin', 'Mitchell T.', null);
INSERT INTO public.person (id, "name", username, title) VALUES(38, 'Raharison', 'Jean-Luc', null);
INSERT INTO public.person (id, "name", username, title) VALUES(39, 'Roux', 'Fabrice', null);
INSERT INTO public.person (id, "name", username, title) VALUES(40, 'Bejoma', 'Benitoto', null);
INSERT INTO public.person (id, "name", username, title) VALUES(41, 'Cheban', 'Saoly Alfred', null);
INSERT INTO public.person (id, "name", username, title) VALUES(42, 'Rejo-Fienena', 'Félicitée', null);
INSERT INTO public.person (id, "name", username, title) VALUES(43, 'Tostain', 'Serge', null);
INSERT INTO public.person (id, "name", username, title) VALUES(44, 'Maminirina', ' Claudette P.', null);
INSERT INTO public.person (id, "name", username, title) VALUES(45, 'Appleton', 'Belinda', null);
INSERT INTO public.person (id, "name", username, title) VALUES(46, 'Bradman', 'Helen M.', null);
INSERT INTO public.person (id, "name", username, title) VALUES(47, 'Christidis', 'Les', null);
INSERT INTO public.person (id, "name", username, title) VALUES(48, 'Lourenço', 'Wilson R.', null);
INSERT INTO public.person (id, "name", username, title) VALUES(49, 'Razafindratsita', 'Vololontiana', null);
INSERT INTO public.person (id, "name", username, title) VALUES(50, 'Zack', 'Steve', null);
INSERT INTO public.person (id, "name", username, title) VALUES(51, 'Ramasindrazana', 'Beza', null);
INSERT INTO public.person (id, "name", username, title) VALUES(52, 'Rajemison', 'Balisama', null);
INSERT INTO public.person (id, "name", username, title) VALUES(53, 'Griffiths', 'Owen', null);
INSERT INTO public.person (id, "name", username, title) VALUES(54, 'Barratt', 'Nicola', null);
INSERT INTO public.person (id, "name", username, title) VALUES(55, 'Lashaway', 'Caleb', null);
INSERT INTO public.person (id, "name", username, title) VALUES(56, 'Rai', 'Ashutosh', null);
INSERT INTO public.person (id, "name", username, title) VALUES(57, 'Molou', 'Irfane', null);
INSERT INTO public.person (id, "name", username, title) VALUES(58, 'Kartchner', 'Zachary', null);
INSERT INTO public.person (id, "name", username, title) VALUES(59, 'Holley', 'Aidan', null);
INSERT INTO public.person (id, "name", username, title) VALUES(60, 'Bechtolsheim', 'Matthias von', null);
INSERT INTO public.person (id, "name", username, title) VALUES(61, 'Renoul', 'Julien P.', null);

INSERT INTO public.person (id, "name", username, title) VALUES(62, 'Dickinson', 'Steven', null);
INSERT INTO public.person (id, "name", username, title) VALUES(63, 'Berner', 'Pierre O.', null);
INSERT INTO public.person (id, "name", username, title) VALUES(64, 'Phillipson', 'Peter B.', null);
INSERT INTO public.person (id, "name", username, title) VALUES(65, 'Lowry II', ' Porter P.', null);
INSERT INTO public.person (id, "name", username, title) VALUES(66, 'AndriamahMartin farivo', 'Lalao', null);
INSERT INTO public.person (id, "name", username, title) VALUES(67, 'Antilahimena', 'Patrice', null);
INSERT INTO public.person (id, "name", username, title) VALUES(68, 'Birkinshaw', 'Christopher', null);
INSERT INTO public.person (id, "name", username, title) VALUES(69, 'Rakotonirina', 'Jean Claude', null);
INSERT INTO public.person (id, "name", username, title) VALUES(70, 'Rall', 'Johannes L.', null);
INSERT INTO public.person (id, "name", username, title) VALUES(71, 'Andriamanamihaja', 'Hasina', null);
INSERT INTO public.person (id, "name", username, title) VALUES(72, 'Ravelomanana', 'Tsilavina', null);
INSERT INTO public.person (id, "name", username, title) VALUES(73, 'Raheriarisena', 'Martin', null);
INSERT INTO public.person (id, "name", username, title) VALUES(74, 'Ralison', 'José M.', null);
INSERT INTO public.person (id, "name", username, title) VALUES(75, 'Mass', 'Vanessa', null);
INSERT INTO public.person (id, "name", username, title) VALUES(76, 'Rakotondratsimba', 'Gilbert', null);

INSERT INTO public.person (id, "name", username, title) VALUES(77, 'Benstead', 'Jonathan P.', null);


INSERT INTO imageType(id,type) VALUES (1,'avifauna');
INSERT INTO imageType(id,type) VALUES (2,'herpetofauna');
INSERT INTO imageType(id,type) VALUES (3,'small mammal');
INSERT INTO imageType(id,type) VALUES (4,'primate');
INSERT INTO imageType(id,type) VALUES (5,'landscape');
INSERT INTO imageType(id,type) VALUES (6,'miscellaneous');
INSERT INTO imageType(id,type) VALUES (7,'team');
INSERT INTO imageType(id,type) VALUES (8,'publication');


INSERT INTO image (idtype, name) VALUES (5, 'mikea01.gif');
INSERT INTO image (idtype, name) VALUES (5, 'nosyhara01.gif');
INSERT INTO image (idtype, name) VALUES (5, 'anjozorobe01.gif');
INSERT INTO image (idtype, name) VALUES (5, 'kirindymitea01.gif');
INSERT INTO image (idtype, name) VALUES (5, 'midongy01.gif');
INSERT INTO image (idtype, name) VALUES (5, 'ambatovy01.gif');
INSERT INTO image (idtype, name) VALUES (5, 'andranomena01.gif');
INSERT INTO image (idtype, name) VALUES (5, 'beanka01.gif');
INSERT INTO image (idtype, name) VALUES (5, 'salaryeng.gif');
INSERT INTO image (idtype, name) VALUES (5, 'bemanevika01.gif');

INSERT INTO image (idtype, name) VALUES (8, 'mn1.gif');
INSERT INTO image (idtype, name) VALUES (8,'mn2.gif');
INSERT INTO image (idtype, name) VALUES (8,'mn3.gif');
INSERT INTO image (idtype, name) VALUES (8,'mn4.gif');
INSERT INTO image (idtype, name) VALUES (8,'mn5.gif');
INSERT INTO image (idtype, name) VALUES (8,'mn6.gif');
INSERT INTO image (idtype, name) VALUES (8,'mn7.gif');
INSERT INTO image (idtype, name) VALUES (8,'mn8.gif');
INSERT INTO image (idtype, name) VALUES (8,'mn9.gif');
INSERT INTO image (idtype, name) VALUES (8,'mn10.gif');
INSERT INTO image (idtype, name) VALUES (8,'mn11.gif');
INSERT INTO image (idtype, name) VALUES (8,'mn12.gif');
INSERT INTO image (idtype, name) VALUES (8,'mn13.gif');
INSERT INTO image (idtype, name) VALUES (8,'mn14.gif');
INSERT INTO image (idtype, name) VALUES (8,'mn15.gif');
INSERT INTO image (idtype, name) VALUES (8,'op4.gif');
INSERT INTO image (idtype, name) VALUES (8,'g1.gif');
INSERT INTO image (idtype, name) VALUES (8,'g2.gif');
INSERT INTO image (idtype, name) VALUES (8,'g3.gif');
INSERT INTO image (idtype, name) VALUES (8,'g4.gif');
INSERT INTO image (idtype, name) VALUES (8,'g5.gif');
INSERT INTO image (idtype, name) VALUES (8,'g6.gif');
INSERT INTO image (idtype, name) VALUES (8,'g7.gif');
INSERT INTO image (idtype, name) VALUES (8,'g8.gif');
INSERT INTO image (idtype, name) VALUES (8,'g9.gif');
INSERT INTO image (idtype, name) VALUES (8,'op1.gif');
INSERT INTO image (idtype, name) VALUES (8,'op2.gif');
INSERT INTO image (idtype, name) VALUES (8,'op3.gif');
INSERT INTO image (idtype, name) VALUES (8,'nnhm.jpg');
INSERT INTO image (idtype, name) VALUES (8,'nhm.jpg');

INSERT INTO image (idtype, name) VALUES (8,'mn12_back.gif');
INSERT INTO image (idtype, name) VALUES (8,'mn13_back.gif');
INSERT INTO image (idtype, name) VALUES (8,'mn14_back.gif');
INSERT INTO image (idtype, name) VALUES (8,'mn15_back.gif');
INSERT INTO image (idtype, name) VALUES (8,'op4_back.gif');
INSERT INTO image (idtype, name) VALUES (8,'g1_back.gif');
INSERT INTO image (idtype, name) VALUES (8,'g2_back.gif');
INSERT INTO image (idtype, name) VALUES (8,'g3_back.gif');
INSERT INTO image (idtype, name) VALUES (8,'g4_back.gif');
INSERT INTO image (idtype, name) VALUES (8,'g5_back.gif');
INSERT INTO image (idtype, name) VALUES (8,'g6_back.gif');
INSERT INTO image (idtype, name) VALUES (8,'g7_back.gif');
INSERT INTO image (idtype, name) VALUES (8,'g8_back.gif');
INSERT INTO image (idtype, name) VALUES (8,'g9_back.gif');

INSERT INTO typeMember(type, description) VALUES ('board of directors', 'In the context of providing clear and long-term advice for the development of new programs and the management of the association, Vahatra places considerable importance on the board of directors.');
INSERT INTO typeMember(type, description) VALUES ('permanent members', 'The current staff includes eleven individuals, the first four of which are amongst the five founding members of the association.');
INSERT INTO typeMember(type, description) VALUES ('students', 'Students enrolled within the Malagasy university system, particularly in the field of biology and environmental ecology, are the principal focus of the Vahatra program to help with their advancement and capacity building. We aim at having 12-15 students working with us at any given time. Once a student has finished their degree, the place is open for another incoming student.');


INSERT INTO member(idTypeMember, idPerson, mail, description) VALUES (2, 1, 'raselimananaachille@gmail.com','Founding member. His fields of interest include herpetology, including systematics, biogeography, ecology and biological evaluation as well as study of environmental impact. Responsible for courses on reptiles and amphibians biology for second year students as well as biogeography, ecological monitoring and ecomorphology for master level students.');
INSERT INTO  member(idTypeMember, idPerson, mail, description) VALUES (2,2,'jraherilalao@gmail.com', 'Founding member. She has interests in ornithology including biology, ecology, systematics, biogeography, biological evaluation, and the study of environmental impact. Responsible for teaching of bird biology for second year students as well as evolutionary biology and biodiversity evaluation, especially terrestrial vertebrates for master level students.');
INSERT INTO  member(idTypeMember, idPerson, mail, description) VALUES (2,3,'voahangysoarimalala@gmail.com','Founding member. Her research interests include mammals, especially small mammals and carnivores which includes systematics, biogeography, ecology, biological evaluation and environmental impact study. Responsible for teaching ecology and animal systematics for first and second year students; biodiversity conservation and valorisation for third year students.');
INSERT INTO  member(idTypeMember, idPerson, mail, description) VALUES (2,4,'sgoodman@fieldmuseum.org',' Founding member. His fields of research interests include several domains such as mammals, bats and birds. He is particularly interested in biology, ecology, systematics, biogeography, paleoecology, etc.');
INSERT INTO  member(idTypeMember, idPerson, mail, description) VALUES (2,5,'msraharinirina@gmail.com','Sabrina joined the association in October 2015.');
INSERT INTO  member(idTypeMember, idPerson, mail, description) VALUES (2,6,null,' Ledada
started working with the ETP some 29 years ago and transferred to
Vahatra in October 2007. He has helped organize logistics for hundreds
of field missions to some of the remotest areas on Madagascar.');
INSERT INTO  member(idTypeMember, idPerson, mail, description) VALUES (2,7,null,'She has worked with
Vahatra since May 2016.' );
INSERT INTO  member(idTypeMember, idPerson, mail, description) VALUES (2,8,null,null);
INSERT INTO  member(idTypeMember, idPerson, mail, description) VALUES (2,9,null,null);
INSERT INTO  member(idTypeMember, idPerson, mail, description) VALUES (2,10,null,null);

INSERT INTO  member(idTypeMember, idPerson, mail, description) VALUES (1,11,null,'He is actually retired');
INSERT INTO  member(idTypeMember, idPerson, mail, description) VALUES (1,12,null,null);
INSERT INTO  member(idTypeMember, idPerson, mail, description) VALUES (1,13,null,'He is actually retired');
INSERT INTO  member(idTypeMember, idPerson, mail, description) VALUES (1,14,null,null);
INSERT INTO  member(idTypeMember, idPerson, mail, description) VALUES (1,15,null,null);
INSERT INTO  member(idTypeMember, idPerson, mail, description) VALUES (1,16,null,null);
INSERT INTO  member(idTypeMember, idPerson, mail, description) VALUES (1,17,null,null);
INSERT INTO  member(idTypeMember, idPerson, mail, description) VALUES (1,18,null,null);
INSERT INTO  member(idTypeMember, idPerson, mail, description) VALUES (1,19,null,null);
INSERT INTO  member(idTypeMember, idPerson, mail, description) VALUES (1,20,null,null);
INSERT INTO  member(idTypeMember, idPerson, mail, description) VALUES (1,21,null,null);



INSERT INTO POST VALUES ('P1','president');
INSERT INTO POST VALUES ('P2','professor');
INSERT INTO POST VALUES ('P3','scientific member');
INSERT INTO POST VALUES ('P4','ornithologist');
INSERT INTO POST VALUES ('P5','chef editor of Malagasy Nature');
INSERT INTO POST VALUES ('P6','scientific coordinator');
INSERT INTO POST VALUES ('P7','mammalogist');
INSERT INTO POST VALUES ('P9','head museum curator');
INSERT INTO POST VALUES ('P10','scientific advisor');
INSERT INTO POST VALUES ('P11','vice president');
INSERT INTO POST VALUES ('P12','co-editor of Malagasy Nature');
INSERT INTO POST VALUES ('P13','docteur honoris causa');
INSERT INTO POST VALUES ('P14','financial & administration manager');
INSERT INTO POST VALUES ('P15','logistic coordinator');
INSERT INTO POST VALUES ('P16','domestic help');
INSERT INTO POST VALUES ('P17','guardians');
INSERT INTO POST VALUES ('P18','gardeners');
INSERT INTO POST VALUES ('P19','country director');
INSERT INTO POST VALUES ('P20','général de corps d''armée');
INSERT INTO POST VALUES ('P21','Center for Diplomatic and Strategic studies');
INSERT INTO POST VALUES ('P22','former head of research and biodiversity');
INSERT INTO POST VALUES ('P23','technical advisor');
INSERT INTO POST VALUES ('P24','ex-vice president');
INSERT INTO POST VALUES ('P25','ex-general director');
INSERT INTO POST VALUES ('P26','principal');
INSERT INTO POST VALUES ('P27','executive director');
INSERT INTO POST VALUES ('P28','director');

INSERT INTO department VALUES ('D1','Department of Animal Biology');
INSERT INTO department VALUES ('D2','Department of Water and Forests');
INSERT INTO department VALUES ('D3','Tierökologie und Naturschutz');
INSERT INTO department VALUES ('D4','Biological Science Department');
INSERT INTO department VALUES ('D5','Institut des Sciences et Techniques de l’Environnement (ISTE)');
INSERT INTO department VALUES ('D6','School of Agronomy, Forest Department');

INSERT INTO institution VALUES ('I1','Association Vahatra');
INSERT INTO institution VALUES ('I2','University of Antananarivo');
INSERT INTO institution VALUES ('I3','University of Fianarantsoa');
INSERT INTO institution VALUES ('I4','University of Mahajanga');
INSERT INTO institution VALUES ('I5','WWF Madagascar');
INSERT INTO institution VALUES ('I6','Strategy Seminar');
INSERT INTO institution VALUES ('I7','Madagascar National Parks');
INSERT INTO institution VALUES ('I8','Indian Ocean Commission');
INSERT INTO institution VALUES ('I9','Ecole Supérieure des Sciences Agronomiques');
INSERT INTO institution VALUES ('I10','Office National pour l''Environnement (ONE)');
INSERT INTO institution VALUES ('I11','Institut National des Sciences et Techniques Nucléaires');
INSERT INTO institution VALUES ('I12','University of Hamburg');
INSERT INTO institution VALUES ('I13','Kingfisher Group');
INSERT INTO institution VALUES ('I14','Critical Ecosystem Partnership Fund (CEPF)');
INSERT INTO institution VALUES ('I15','Invenergy');

INSERT INTO institution VALUES ('I16','University of Toliara');
INSERT INTO institution VALUES ('I17','University of Kwa-Zulu Natal, South Africa');
INSERT INTO institution VALUES ('I18','University of Venda, South Africa ');
INSERT INTO institution VALUES ('I19','CRVOI La Réunion');

INSERT INTO public.institution
(id, "name")
VALUES('I20', 'Madagascar Fauna and Flora Group ');

INSERT INTO public.institution
(id, "name")
VALUES('I21', 'Duke University');

INSERT INTO public.institution
(id, "name")
VALUES('I22', 'National Institute of Health (NIH)');

INSERT INTO public.institution
(id, "name")
VALUES('I23', 'National Science Foundation (NSF)');

INSERT INTO public.institution
(id, "name")
VALUES('I24', 'Korea International Cooperation Agency (KOICA)');

INSERT INTO public.institution
(id, "name")
VALUES('I25', 'United Nations Educational, Scientific and Cultural Organization (UNESCO)');

INSERT INTO public.institution
(id, "name")
VALUES('I26', 'Fonds Européen de Développement Régional (FEDER)');

INSERT INTO public.institution
(id, "name")
VALUES('I27', 'University of La Reunion');

INSERT INTO public.institution
(id, "name")
VALUES('I28', 'Processus Infectieux en Milieu Insulaire Tropical (PIMIT)');

INSERT INTO public.institution
(id, "name")
VALUES('I29', 'Global Challenges Research Fund (GCRF)');

INSERT INTO public.institution
(id, "name")
VALUES('I30', 'United Kingdom Research and Innovation (UKRI)');


INSERT INTO memberPostInst(idMember, idPost, idInst, idDept) VALUES (1,'P1','I1',null);
INSERT INTO memberPostInst(idMember, idPost, idInst, idDept)  VALUES (1,'P2','I2','D1');
INSERT INTO memberPostInst(idMember, idPost, idInst, idDept)  VALUES (2,'P3','I1',null);
INSERT INTO memberPostInst(idMember, idPost, idInst, idDept)  VALUES (2,'P4','I1',null);
INSERT INTO memberPostInst(idMember, idPost, idInst, idDept)  VALUES (2,'P5','I1',null);
INSERT INTO memberPostInst(idMember, idPost, idInst, idDept)  VALUES (2,'P2','I2','D1');
INSERT INTO memberPostInst(idMember, idPost, idInst, idDept)  VALUES (3,'P3','I1',null);
INSERT INTO memberPostInst(idMember, idPost, idInst, idDept)  VALUES (3,'P6','I1',null);
INSERT INTO memberPostInst(idMember, idPost, idInst, idDept)  VALUES (3,'P7','I1',null);
INSERT INTO memberPostInst(idMember, idPost, idInst, idDept)  VALUES (3,'P9','I2','D1');
INSERT INTO memberPostInst(idMember, idPost, idInst, idDept)  VALUES (3,'P2','I3','D1');
INSERT INTO memberPostInst(idMember, idPost, idInst, idDept)  VALUES (4,'P10','I1',null);
INSERT INTO memberPostInst(idMember, idPost, idInst, idDept)  VALUES (4,'P11','I1',null);
INSERT INTO memberPostInst(idMember, idPost, idInst, idDept)  VALUES (4,'P12','I1',null);
INSERT INTO memberPostInst(idMember, idPost, idInst, idDept)  VALUES (4,'P13','I2','D1');
INSERT INTO memberPostInst(idMember, idPost, idInst, idDept)  VALUES (4,'P2','I2','D1');
INSERT INTO memberPostInst(idMember, idPost, idInst, idDept)  VALUES (4,'P2','I4','D1');
INSERT INTO memberPostInst(idMember, idPost, idInst, idDept)  VALUES (5,'P14','I1',null);
INSERT INTO memberPostInst(idMember, idPost, idInst, idDept)  VALUES (6,'P15','I1',null);
INSERT INTO memberPostInst(idMember, idPost, idInst, idDept)  VALUES (7,'P16','I1',null);
INSERT INTO memberPostInst(idMember, idPost, idInst, idDept)  VALUES (8,'P17','I1',null);
INSERT INTO memberPostInst(idMember, idPost, idInst, idDept)  VALUES (8,'P18','I1',null);
INSERT INTO memberPostInst(idMember, idPost, idInst, idDept)  VALUES (9,'P17','I1',null);
INSERT INTO memberPostInst(idMember, idPost, idInst, idDept)  VALUES (9,'P18','I1',null);
INSERT INTO memberPostInst(idMember, idPost, idInst, idDept)  VALUES (10,'P17','I1',null);
INSERT INTO memberPostInst(idMember, idPost, idInst, idDept)  VALUES (10,'P18','I1',null);


INSERT INTO memberPostInst(idMember, idPost, idInst, idDept)  VALUES (11,'P2','I2','D1');
INSERT INTO memberPostInst(idMember, idPost, idInst, idDept)  VALUES (12,'P19','I5',null);
INSERT INTO memberPostInst(idMember, idPost, idInst, idDept)  VALUES (13,'P20',null,null);
INSERT INTO memberPostInst(idMember, idPost, idInst, idDept)  VALUES (13,'P21',null,null);
INSERT INTO memberPostInst(idMember, idPost, idInst, idDept)  VALUES (13,'P28','I6',null);
INSERT INTO memberPostInst(idMember, idPost, idInst, idDept)  VALUES (14,'P22','I7',null);
INSERT INTO memberPostInst(idMember, idPost, idInst, idDept)  VALUES (14,'P23','I8',null);
INSERT INTO memberPostInst(idMember, idPost, idInst, idDept)  VALUES (15,'P2','I9','D2');
INSERT INTO memberPostInst(idMember, idPost, idInst, idDept)  VALUES (15,'P24','I2',null);
INSERT INTO memberPostInst(idMember, idPost, idInst, idDept)  VALUES (16,'P25','I10',null);
INSERT INTO memberPostInst(idMember, idPost, idInst, idDept)  VALUES (17,'P25','I11',null);
INSERT INTO memberPostInst(idMember, idPost, idInst, idDept)  VALUES (18,'P2','I12','D3');
INSERT INTO memberPostInst(idMember, idPost, idInst, idDept)  VALUES (19,'P26','I13',null);
INSERT INTO memberPostInst(idMember, idPost, idInst, idDept)  VALUES (20,'P27','I14',null);
INSERT INTO memberPostInst(idMember, idPost, idInst, idDept)  VALUES (21,'P1','I15',null);


INSERT INTO messageOfYear(year,description,idMember) VALUES (2021,'After two successive years of anguish in the shadow of the Covid-19 pandemic, living and working in greater serenity during the year 2021 was everyone’s wish and with the hope of catching up with much that could not be done in 2020.
Unfortunately, the situation has only worsened in 2021, despite the precautions taken at a previously non-imaginable scale to prevent the spread of the disease and the associated vaccination efforts. The impacts of Covid-19 are multiple not only in the domains of health and work, but also redirecting the life and dynamics of society in general, as well as local and international communities. With the worry of being contaminated, fear and panic reign everywhere and people are afraid of being in contact with their friends and even families. Superimposed on this is the many individuals that fell sick and worse those that succumbed to the virus. It is a total psychosis. Life has slowed down and hovers in limitless anxiety, without anyone being able to say how and when it will end. Here in Madagascar associated with the lack of clear dissemination of information, the situation is largely unknown concerning the prevalence of the disease in Malagasy society and the number of deaths; at the time of writing this message only about 3% of the population of Madagascar has being vaccinated.
However, we realize that this is not a time for the lighthearted, that is to say to give up hope. Learning to live with the prevailing situation is the best strategy to cross this difficult period. It is in this spirit of harmonizing the way of life, even given the existing conditions, that the Association Vahatra has been able to advance with some level of serenity through the year 2021. The members and students affiliated with the association have been 100% fully vaccinated, some already with boosters, and taking the needed precautions in social contexts to protect better one other and with the intent to complete what was planned to be accomplish in 2021.
Thus, despite the difficulties and uncertain conditions in which we had to work, the association was able to make numerous important achievements. (Please see different portions of this annual report for further details.) These include, for example, large-scale biological inventories, as part of the BIOCOM project in collaboration with UNESCO with funding from The Korea International Cooperation Agency (KOICA) that were carried out in the protected areas of Montagne des Français in March and in the Marojejy in October and November. In addition, this year we were able to launch an ambitious new project with funding from Save the Rainforest Sweden that aims to support the efforts to conserve the Ambohitantely protected area via three different axes: research on aquatic insects; ecological restoration, including a the large-scale installation of firebreaks surrounding the remaining forests; and the establishment of a multifunctional biological station. The Ambohitantely project illustrates the association’s desire to have a broad approach to its interventions directly needed to the management and protection of biodiversity, in addition to what we have been doing for many years concerning research, dissemination of information on the island’s biodiversity, and human capacity building. Taken together these different aspects help to advance the national perspective on the importance of science and train a whole range of young Malagasy scientists, which in the end is to protect the natural patrimony of the island.
In addition, the Madagascar Protected Areas portal is up and functioning (see <a href="https://protectedareas.mg/">https://protectedareas.mg/</a>) and a revised version of the three volume titanic project The Terrestrial Protected Areas of Madagascar: Their History, Description and Biota published by Vahatra in 2018 is now in e-book form (see <a href="http://www.press.uchicago.edu/ucp/books/publisher/pu3431914_3431915.html">http://www.press.uchicago.edu/ucp/books/publisher/pu3431914_3431915.html</a> ). In addition, despite a range of Covid-19 restrictions, the staff and students associated with Vahatra presented an HDR memoir, two PhD thesis, and five Masters, as well as a large assortment of scientific articles being published or submitted. Admittedly, the current world health crisis is a nightmare for any institution whatever their field of intervention, but accepting to live with the current situation and finding other solutions to overcome the challenge is the only way forward. Let us hope that with the experiences already lived during this past fateful year, we will all be able to face 2022 with a new and positive perspective and with more hope for the future. Good luck to all because with a valiant heart nothing is impossible!',1);


INSERT INTO public.institution (id, "name") VALUES('I31', 'System of Protected Areas of Madagascar (SAPM)');
INSERT INTO public.institution (id, "name") VALUES('I32', 'Ambatovy-Sherritt Internationa');
INSERT INTO public.institution (id, "name") VALUES('I33', 'REBIOMA');
INSERT INTO public.institution (id, "name") VALUES('I34', 'Tany Meva and UNESCO World Heritage program');
INSERT INTO public.institution (id, "name") VALUES('I35', 'CITES');
INSERT INTO public.institution (id, "name") VALUES('I36', 'Ministry of the Environment');
INSERT INTO public.institution (id, "name") VALUES('I37', 'The Peregrine Fund');

INSERT INTO partner(idInst,description,link,logo) VALUES ('I31', 'working for the creation and delimitation of new protected areas on Madagascar.','https://protectedareas.mg/','protected-areas.png');
INSERT INTO partner(idInst,description,link,logo) VALUES ('I32',' helping with the establishment of a Biodiversity Business Operational Program (BBOP)','https://ambatovy.com/en/','ambatovy.png');
INSERT INTO partner(idInst,description,link,logo) VALUES ('I33','helping with the up-dating of a database associated with Malagasy biodiversity.','https://www.rebioma.org/','rebioma.jpg');
INSERT INTO partner(idInst,description,link,logo) VALUES ('I34','biological evaluation and analysis of human pressures in a new UNESCO site.','https://tanymeva.org/','tanymeva.png');
INSERT INTO partner(idInst,description,link,logo) VALUES ('I7','scientific aid in evaluating biodiversity and training of field agents.','https://www.parcs-madagascar.com/','mnp.png');
INSERT INTO partner(idInst,description,link,logo) VALUES ('I35',' helping with the compilation of data concerning Malagasy taxa.','https://cites.org/eng','cites.png');
INSERT INTO partner(idInst,description,link,logo) VALUES ('I36',' helping with the preparation of national report for the Convention on Biodiversity.','https://www.environnement.mg/','logo-medd-presidence.png');
INSERT INTO partner(idInst,description,link,logo) VALUES ('I37','Capacity building for conservation agents and students. This project is generously funded by Helmsley Charitable Trust (HCT)','https://www.peregrinefund.org/','peregrine.png');



INSERT INTO typeActivity VALUES ('A1','Visit');
INSERT INTO typeActivity VALUES ('A2','Conference');
INSERT INTO typeActivity VALUES ('A3','Research');
INSERT INTO typeActivity VALUES ('A4','Project');

INSERT INTO typeSubActivity(id,idTypeActivity,type) VALUES ('SA1','A1','village');
INSERT INTO typeSubActivity(id,idTypeActivity,type) VALUES ('SA2','A1','field school');
INSERT INTO typeSubActivity(id,idTypeActivity,type) VALUES ('SA3','A1','biological inventories');


INSERT INTO location(id,name,longitude,latitude) VALUES (1,'Anjahamarina',50.35,-15.0833);
INSERT INTO location(id,name,longitude,latitude) VALUES (2,'Ambavala',49.6167,-16.2);
INSERT INTO location(id,name,longitude,latitude) VALUES (3,'Ambalamanasy', 49.95,-13.7333);
INSERT INTO location(id,name,longitude,latitude) VALUES (4,'Antanimbaribe',46.85,-17.1833);
INSERT INTO location(id,name,longitude,latitude) VALUES (5,'Manantenina',47.3167,-24.2833);
INSERT INTO location(id,name,longitude,latitude) VALUES (6,'Belambo', 47.3167,-17.8);
INSERT INTO location(id,name,longitude,latitude) VALUES (7,'Maroambihy',49.85,-14.5);
INSERT INTO location(id,name,longitude,latitude) VALUES (8,'Analanambe',49.95, -14.4 );
INSERT INTO location(id,name,longitude,latitude) VALUES (9,'Ambodivoara', 47.5167,-18.1667);
INSERT INTO location(id,name,longitude,latitude) VALUES (10,'Ambariotelo',48.36667,-13.4333);
INSERT INTO location(id,name,longitude,latitude) VALUES (11,'Betsiaka',49.237267499999,-13.1581959);
INSERT INTO location(id,name,longitude,latitude) VALUES (12,'Marotolana',49.03333,-14.61667);
INSERT INTO location(id,name,longitude,latitude) VALUES (13,'Marovato',48.9167,-12.6667);
INSERT INTO location(id,name,longitude,latitude) VALUES (14,'Bemanevika', 47.9333, -16.1833);

INSERT INTO location(id,name,longitude,latitude) VALUES (15,'Ampatakamaroreny',48.8,-16.4833);
INSERT INTO location(id,name,longitude,latitude) VALUES (16,'Antsiatsiaka',49.3667,-17.0333);
INSERT INTO location(id,name,longitude,latitude) VALUES (17,'Antsiraka', 49.6167,-16.2667);
INSERT INTO location(id,name,longitude,latitude) VALUES (18,'Marotandrano', 48.70795,-16.42044);
INSERT INTO location(id,name,longitude,latitude) VALUES (19,'Djangoa',48.3167,-13.7833);
INSERT INTO location(id,name,longitude,latitude) VALUES (20,'Ankaramibe',48.17956506, -13.9752602);
INSERT INTO location(id,name,longitude,latitude) VALUES (21,'Ankaramikely',48.1667,-14.0167);
INSERT INTO location(id,name,longitude,latitude) VALUES (22,'Analanatsoa',49.766667,-14.433333);
INSERT INTO location(id,name,longitude,latitude) VALUES (23,'Maromandia',48.0833,-14.2167);
INSERT INTO location(id,name,longitude,latitude) VALUES (24,'Ankitsika',48.3833,-17.3167);
INSERT INTO location(id,name,longitude,latitude) VALUES (25,'Ambarijeby',47.95,-14.6667);
INSERT INTO location(id,name,longitude,latitude) VALUES (26,'Anjiamangirana',47.7833,-15.1667);

INSERT INTO location(id,name,longitude,latitude) VALUES (27,'Tsimanampetsotsa',43.74921,-24.12882);
INSERT INTO location(id,name,longitude,latitude) VALUES (28,'Salary Bay',43.284246,-22.5547423);
INSERT INTO location(id,name,longitude,latitude) VALUES (29,'Lakato',48.4333,-19.1833);
INSERT INTO location(id,name,longitude,latitude) VALUES (30,'Andranameena',44.33333, -21.46667);
INSERT INTO location(id,name,longitude,latitude) VALUES (31,'Ambohitantely',47.2833,-18.1667);
INSERT INTO location(id,name,longitude,latitude) VALUES (32,'Tampolo Fenérive-Est', 49.9667,-15.7333);
INSERT INTO location(id,name,longitude,latitude) VALUES (33,'Midongy du Sud',47.0167,-23.5833);
INSERT INTO location(id,name,longitude,latitude) VALUES (34,'Bemaraha',45.1667,-19.3333);
INSERT INTO location(id,name,longitude,latitude) VALUES (35,'Marojejy', 49.7333,-14.4333);
INSERT INTO location(id,name,longitude,latitude) VALUES (36,'Daraina',49.6667,-13.2);
INSERT INTO location(id,name,longitude,latitude) VALUES (37,'Ankarana', 48.5,-16.95);
INSERT INTO location(id,name,longitude,latitude) VALUES (38,'Ankazomivady',47.1833,-20.7667);
INSERT INTO location(id,name,longitude,latitude) VALUES (39,'Andranameay',47.95,-18.5);
INSERT INTO location(id,name,longitude,latitude) VALUES (40,'Ankaratra',47.2,-19.4167);
INSERT INTO location(id,name,longitude,latitude) VALUES (41,'Maromiza',	48.4500,-18.9500);
INSERT INTO location(id,name,longitude,latitude) VALUES (42,'Mikea',43.3833, -22.5);
INSERT INTO location(id,name,longitude,latitude) VALUES (43,'Nosy Hara',49.0167, -12.2333);
INSERT INTO location(id,name,longitude,latitude) VALUES (44,'Anjozorobe',47.8667,  -18.4);
INSERT INTO location(id,name,longitude,latitude) VALUES (45,'Kirindy-Mitea',44.138666112, -20.806163442 );
INSERT INTO location(id,name,longitude,latitude) VALUES (46,'Ambatovy',48.3,-18.8167);
INSERT INTO location(id,name,longitude,latitude) VALUES (47,'Beanka',44.559567, -17.925304);

INSERT INTO location(id,name,longitude,latitude) VALUES (48,'Andohahela',46.7,-24.6);

INSERT INTO activity (idTypeActivity,title,date,description) VALUES ('A1','Visit villages',null,'In the immediate vicinity of PN de Marojejy and the RS d’Anjanaharibe-Sud : Cap Est');
INSERT INTO activity (idTypeActivity,title,date,description) VALUES ('A1','Visit villages',null,'In the immediate vicinity of PN de Marojejy and the RS d’Anjanaharibe-Sud' );
INSERT INTO activity (idTypeActivity,title,date,description) VALUES ('A1','Visit villages',null,'In the immediate vicinity of PN de Marojejy and the RS d’Anjanaharibe-Sud' );
INSERT INTO activity (idTypeActivity,title,date,description) VALUES ('A1','Visit villages',null,'In the immediate vicinity of PN de Marojejy and the RS d’Anjanaharibe-Sud' );
INSERT INTO activity (idTypeActivity,title,date,description) VALUES ('A1','Visit villages',null,'In the immediate vicinity of PN de Marojejy and the RS d’Anjanaharibe-Sud' );
INSERT INTO activity (idTypeActivity,title,date,description) VALUES ('A1','Visit villages',null,'In the immediate vicinity of PN de Marojejy and the RS d’Anjanaharibe-Sud' );
INSERT INTO activity (idTypeActivity,title,date,description) VALUES ('A1','Visit villages',null,'In the immediate vicinity of PN de Marojejy and the RS d’Anjanaharibe-Sud' );
INSERT INTO activity (idTypeActivity,title,date,description) VALUES ('A1','Visit villages',null,'In the immediate vicinity of PN de Marojejy and the RS d’Anjanaharibe-Sud' );
INSERT INTO activity (idTypeActivity,title,date,description) VALUES ('A1','Visit villages',null,'In the immediate vicinity of PN de Marojejy and the RS d’Anjanaharibe-Sud' );
INSERT INTO activity (idTypeActivity,title,date,description) VALUES ('A1','Visit villages',null,'In the immediate vicinity of PN de Marojejy and the RS d’Anjanaharibe-Sud' );
INSERT INTO activity (idTypeActivity,title,date,description) VALUES ('A1','Visit villages',null,'In the immediate vicinity of PN de Marojejy and the RS d’Anjanaharibe-Sud' );
INSERT INTO activity (idTypeActivity,title,date,description) VALUES ('A1','Visit villages',null,'In the immediate vicinity of PN de Marojejy and the RS d’Anjanaharibe-Sud' );
INSERT INTO activity (idTypeActivity,title,date,description) VALUES ('A1','Visit villages',null,'In the immediate vicinity of PN de Marojejy and the RS d’Anjanaharibe-Sud' );
INSERT INTO activity (idTypeActivity,title,date,description) VALUES ('A1','Visit villages',null,'In the immediate vicinity of PN de Marojejy and the RS d’Anjanaharibe-Sud' );

INSERT INTO activity (idTypeActivity,title,date,description) VALUES ('A1','Visit villages',null,'In the immediate vicinity of the RS de Marotandrano and of the PN de Sahamalaza' );
INSERT INTO activity (idTypeActivity,title,date,description) VALUES ('A1','Visit villages',null,'In the immediate vicinity of the RS de Marotandrano and of the PN de Sahamalaza' );
INSERT INTO activity (idTypeActivity,title,date,description) VALUES ('A1','Visit villages',null,'In the immediate vicinity of the RS de Marotandrano and of the PN de Sahamalaza' );
INSERT INTO activity (idTypeActivity,title,date,description) VALUES ('A1','Visit villages',null,'In the immediate vicinity of the RS de Marotandrano and of the PN de Sahamalaza' );
INSERT INTO activity (idTypeActivity,title,date,description) VALUES ('A1','Visit villages',null,'In the immediate vicinity of the RS de Marotandrano and of the PN de Sahamalaza' );
INSERT INTO activity (idTypeActivity,title,date,description) VALUES ('A1','Visit villages',null,'In the immediate vicinity of the RS de Marotandrano and of the PN de Sahamalaza' );
INSERT INTO activity (idTypeActivity,title,date,description) VALUES ('A1','Visit villages',null,'In the immediate vicinity of the RS de Marotandrano and of the PN de Sahamalaza' );
INSERT INTO activity (idTypeActivity,title,date,description) VALUES ('A1','Visit villages',null,'In the immediate vicinity of the RS de Marotandrano and of the PN de Sahamalaza' );
INSERT INTO activity (idTypeActivity,title,date,description) VALUES ('A1','Visit villages',null,'In the immediate vicinity of the RS de Marotandrano and of the PN de Sahamalaza' );
INSERT INTO activity (idTypeActivity,title,date,description) VALUES ('A1','Visit villages',null,'In the immediate vicinity of the RS de Marotandrano and of the PN de Sahamalaza' );
INSERT INTO activity (idTypeActivity,title,date,description) VALUES ('A1','Visit villages',null,'In the immediate vicinity of the RS de Marotandrano and of the PN de Sahamalaza' );
INSERT INTO activity (idTypeActivity,title,date,description) VALUES ('A1','Visit villages',null,'In the immediate vicinity of the RS de Marotandrano and of the PN de Sahamalaza' );


INSERT INTO activity (idTypeActivity,title,date,description) VALUES ('A1','Field Schools', '2015-01-01',null );
INSERT INTO activity (idTypeActivity,title,date,description) VALUES ('A1','Field Schools', '2014-01-01',null );
INSERT INTO activity (idTypeActivity,title,date,description) VALUES ('A1','Field Schools', '2014-01-01',null );
INSERT INTO activity (idTypeActivity,title,date,description) VALUES ('A1','Field Schools', '2013-01-01',null );
INSERT INTO activity (idTypeActivity,title,date,description) VALUES ('A1','Field Schools', '2013-01-01',null );
INSERT INTO activity (idTypeActivity,title,date,description) VALUES ('A1','Field Schools', '2012-01-01',null );
INSERT INTO activity (idTypeActivity,title,date,description) VALUES ('A1','Field Schools', '2011-01-01',null );
INSERT INTO activity (idTypeActivity,title,date,description) VALUES ('A1','Field Schools', '2010-01-01',null );
INSERT INTO activity (idTypeActivity,title,date,description) VALUES ('A1','Field Schools', '2010-01-01',null );
INSERT INTO activity (idTypeActivity,title,date,description) VALUES ('A1','Field Schools', '2009-01-01',null );
INSERT INTO activity (idTypeActivity,title,date,description) VALUES ('A1','Field Schools', '2008-01-01',null );
INSERT INTO activity (idTypeActivity,title,date,description) VALUES ('A1','Field Schools', '2008-01-01',null );
INSERT INTO activity (idTypeActivity,title,date,description) VALUES ('A1','Field Schools', '2007-01-01',null );
INSERT INTO activity (idTypeActivity,title,date,description) VALUES ('A1','Field Schools', '2004-01-01',null );
INSERT INTO activity (idTypeActivity,title,date,description) VALUES ('A1','Field Schools', '2003-01-01',null );
INSERT INTO activity (idTypeActivity,title,date,description) VALUES ('A1','Field Schools', '2002-01-01',null );
INSERT INTO activity (idTypeActivity,title,date,description) VALUES ('A1','Field Schools', '2001-01-01',null );
INSERT INTO activity (idTypeActivity,title,date,description) VALUES ('A1','Field Schools', '2001-01-01',null );
INSERT INTO activity (idTypeActivity,title,date,description) VALUES ('A1','Field Schools', '2001-01-01',null );
INSERT INTO activity (idTypeActivity,title,date,description) VALUES ('A1','Field Schools', '2000-01-01',null );
INSERT INTO activity (idTypeActivity,title,date,description) VALUES ('A1','Field Schools', '1998-01-01',null );
INSERT INTO activity (idTypeActivity,title,date,description) VALUES ('A1','Field Schools', '1997-01-01',null );
INSERT INTO activity (idTypeActivity,title,date,description) VALUES ('A1','Field Schools', '1997-01-01',null );
INSERT INTO activity (idTypeActivity,title,date,description) VALUES ('A1','Field Schools', '1997-01-01',null );
INSERT INTO activity (idTypeActivity,title,date,description) VALUES ('A1','Field Schools', '1996-01-01',null );

INSERT INTO activity (idTypeActivity,title,date,description) VALUES ('A1','Biological inventories','2003-02-01','Obtaining field data on terrestrial vertebrates for the action of the "Ala Maiky" project of WWF. In collaboration with WWF.');
INSERT INTO activity (idTypeActivity,title,date,description) VALUES ('A1','Biological inventories','2005-09-01','Obtaining data on terrestrial organisms to help with the management of a new marine protected area. In collaboration with WWF.');
INSERT INTO activity (idTypeActivity,title,date,description) VALUES ('A1','Biological inventories','2005-11-01','To understand patterns of terrestrial animal distribution in this forested corridor, evaluation of remaining natural habitats, and the important of the remaining forest for the conservation of biodiversity. In collaboration with WWF and Fanamby.');
INSERT INTO activity (idTypeActivity,title,date,description) VALUES ('A1','Biological inventories','2007-02-01','Obtaining field data on terrestrial vertebrates for the extension of the Kirindy Mite National Park. In collaboration with WWF and Madagascar national Parks.');
INSERT INTO activity (idTypeActivity,title,date,description) VALUES ('A1','Biological inventories','2008-01-01','Obtaining field data on the biological riches of identified protected areas for the extension of a humid forest of a UNESCO World Heritage site. In collaboration with UNESCO World Heritage program.');
INSERT INTO activity (idTypeActivity,title,date,description) VALUES ('A1','Biological inventories','2009-01-01','Obtaining field data for a biological compensation program associated with a mining project. In collaboration with Ambatovy Project.');
INSERT INTO activity (idTypeActivity,title,date,description) VALUES ('A1','Biological inventories','2010-03-01','Obtaining scientific information on the RS of Andranomena ant the Ampataka forest. In collaboration with Madagascar National Parks');
INSERT INTO activity (idTypeActivity,title,date,description) VALUES ('A1','Biological inventories','2011-11-01','Biological exploration of the dry forest on karst of Beanka. In collaboration with the Universities of Geneva and Antananarivo.' );
INSERT INTO activity (idTypeActivity,title,date,description) VALUES ('A1','Biological inventories','2011-12-01','Biological exploration for the conception of a management and conservation plan. In collaboration with PGME-GIZ' );
INSERT INTO activity (idTypeActivity,title,date,description) VALUES ('A1','Biological inventories','2013-10-01','Exploration of the biological diversity of Bemanevika Forest. In collaboration with the Peregrine Fund.' );

INSERT INTO activity (idTypeActivity,title,date,description) VALUES('A1','Elevational transect in the Andohahela protected area', '2022-10-15','In late 2022
the Vahatra team will redo another elevational transect in the Andohahela
protected area in the same fashion as Marojejy and part of the The Rainforest
of the Atsinanana.');

insert into visit(idActivity, idTypeSubActivity, idLocation, dateEnd) values ()

INSERT INTO visit(idActivity, idTypeSubActivity, idLocation, dateEnd) VALUES (1,'SA1',1,null);
INSERT INTO visit(idActivity, idTypeSubActivity, idLocation, dateEnd) VALUES (2,'SA1',2,null);
INSERT INTO visit(idActivity, idTypeSubActivity, idLocation, dateEnd) VALUES (3,'SA1',3,null);
INSERT INTO visit(idActivity, idTypeSubActivity, idLocation, dateEnd) VALUES (4,'SA1',4,null);
INSERT INTO visit(idActivity, idTypeSubActivity, idLocation, dateEnd) VALUES (5,'SA1',5,null);
INSERT INTO visit(idActivity, idTypeSubActivity, idLocation, dateEnd) VALUES (6,'SA1',6,null);
INSERT INTO visit(idActivity, idTypeSubActivity, idLocation, dateEnd) VALUES (7,'SA1',7,null);
INSERT INTO visit(idActivity, idTypeSubActivity, idLocation, dateEnd) VALUES (8,'SA1',8,null);
INSERT INTO visit(idActivity, idTypeSubActivity, idLocation, dateEnd) VALUES (9,'SA1',9,null);
INSERT INTO visit(idActivity, idTypeSubActivity, idLocation, dateEnd) VALUES (10,'SA1',10,null );
INSERT INTO visit(idActivity, idTypeSubActivity, idLocation, dateEnd) VALUES (11,'SA1',11,null );
INSERT INTO visit(idActivity, idTypeSubActivity, idLocation, dateEnd) VALUES (12,'SA1',12,null );
INSERT INTO visit(idActivity, idTypeSubActivity, idLocation, dateEnd) VALUES (13,'SA1',13,null );
INSERT INTO visit(idActivity, idTypeSubActivity, idLocation, dateEnd) VALUES (14,'SA1',14,null );

INSERT INTO visit(idActivity, idTypeSubActivity, idLocation, dateEnd) VALUES (15,'SA1', 15,null );
INSERT INTO visit(idActivity, idTypeSubActivity, idLocation, dateEnd) VALUES (16,'SA1', 16,null );
INSERT INTO visit(idActivity, idTypeSubActivity, idLocation, dateEnd) VALUES (17,'SA1', 17,null );
INSERT INTO visit(idActivity, idTypeSubActivity, idLocation, dateEnd) VALUES (18,'SA1', 18,null );
INSERT INTO visit(idActivity, idTypeSubActivity, idLocation, dateEnd) VALUES (19,'SA1', 19,null );
INSERT INTO visit(idActivity, idTypeSubActivity, idLocation, dateEnd) VALUES (20,'SA1', 20,null );
INSERT INTO visit(idActivity, idTypeSubActivity, idLocation, dateEnd) VALUES (21,'SA1', 21,null );
INSERT INTO visit(idActivity, idTypeSubActivity, idLocation, dateEnd) VALUES (22,'SA1', 22,null );
INSERT INTO visit(idActivity, idTypeSubActivity, idLocation, dateEnd) VALUES (23,'SA1', 23,null );
INSERT INTO visit(idActivity, idTypeSubActivity, idLocation, dateEnd) VALUES (24,'SA1', 24,null );
INSERT INTO visit(idActivity, idTypeSubActivity, idLocation, dateEnd) VALUES (25,'SA1', 25,null );
INSERT INTO visit(idActivity, idTypeSubActivity, idLocation, dateEnd) VALUES (26,'SA1', 26,null );


INSERT INTO visit(idActivity, idTypeSubActivity, idLocation, dateEnd) VALUES (27,'SA2',27,null);
INSERT INTO visit(idActivity, idTypeSubActivity, idLocation, dateEnd) VALUES (28,'SA2',27,null);
INSERT INTO visit(idActivity, idTypeSubActivity, idLocation, dateEnd) VALUES (29,'SA2',14,null);
INSERT INTO visit(idActivity, idTypeSubActivity, idLocation, dateEnd) VALUES (30,'SA2',27,null);
INSERT INTO visit(idActivity, idTypeSubActivity, idLocation, dateEnd) VALUES (31,'SA2',14,null);
INSERT INTO visit(idActivity, idTypeSubActivity, idLocation, dateEnd) VALUES (32,'SA2',27,null);
INSERT INTO visit(idActivity, idTypeSubActivity, idLocation, dateEnd) VALUES (33,'SA2',28,null);
INSERT INTO visit(idActivity, idTypeSubActivity, idLocation, dateEnd) VALUES (34,'SA2',29,null);
INSERT INTO visit(idActivity, idTypeSubActivity, idLocation, dateEnd) VALUES (35,'SA2',30,null);
INSERT INTO visit(idActivity, idTypeSubActivity, idLocation, dateEnd) VALUES (36,'SA2',29,null);
INSERT INTO visit(idActivity, idTypeSubActivity, idLocation, dateEnd) VALUES (37,'SA2',31,null);
INSERT INTO visit(idActivity, idTypeSubActivity, idLocation, dateEnd) VALUES (38,'SA2',41,null);
INSERT INTO visit(idActivity, idTypeSubActivity, idLocation, dateEnd) VALUES (39,'SA2',31,null);
INSERT INTO visit(idActivity, idTypeSubActivity, idLocation, dateEnd) VALUES (40,'SA2',32,null);
INSERT INTO visit(idActivity, idTypeSubActivity, idLocation, dateEnd) VALUES (41,'SA2',33,null);
INSERT INTO visit(idActivity, idTypeSubActivity, idLocation, dateEnd) VALUES (42,'SA2',27,null);
INSERT INTO visit(idActivity, idTypeSubActivity, idLocation, dateEnd) VALUES (43,'SA2',34,null);
INSERT INTO visit(idActivity, idTypeSubActivity, idLocation, dateEnd) VALUES (44,'SA2',35,null);
INSERT INTO visit(idActivity, idTypeSubActivity, idLocation, dateEnd) VALUES (45,'SA2',36,null);
INSERT INTO visit(idActivity, idTypeSubActivity, idLocation, dateEnd) VALUES (46,'SA2',37,null);
INSERT INTO visit(idActivity, idTypeSubActivity, idLocation, dateEnd) VALUES (47,'SA2',38,null);
INSERT INTO visit(idActivity, idTypeSubActivity, idLocation, dateEnd) VALUES (48,'SA2',31,null);
INSERT INTO visit(idActivity, idTypeSubActivity, idLocation, dateEnd) VALUES (49,'SA2',39,null);
INSERT INTO visit(idActivity, idTypeSubActivity, idLocation, dateEnd) VALUES (50,'SA2',32,null);
INSERT INTO visit(idActivity, idTypeSubActivity, idLocation, dateEnd) VALUES (51,'SA2',40,null);


INSERT INTO visit(idActivity, idTypeSubActivity, idLocation, dateEnd) VALUES (52,'SA3',42,'2003-03-01' );
INSERT INTO visit(idActivity, idTypeSubActivity, idLocation, dateEnd) VALUES (53,'SA3',43,'2005-10-01' );
INSERT INTO visit(idActivity, idTypeSubActivity, idLocation, dateEnd) VALUES (54,'SA3',44,'2006-02-01' );
INSERT INTO visit(idActivity, idTypeSubActivity, idLocation, dateEnd) VALUES (55,'SA3',45,'2007-03-01' );
INSERT INTO visit(idActivity, idTypeSubActivity, idLocation, dateEnd) VALUES (56,'SA3',33,'2008-03-01' );
INSERT INTO visit(idActivity, idTypeSubActivity, idLocation, dateEnd) VALUES (57,'SA3',46,'2009-02-01' );
INSERT INTO visit(idActivity, idTypeSubActivity, idLocation, dateEnd) VALUES (58,'SA3',30,'2010-04-01' );
INSERT INTO visit(idActivity, idTypeSubActivity, idLocation, dateEnd) VALUES (59,'SA3',47,null );
INSERT INTO visit(idActivity, idTypeSubActivity, idLocation, dateEnd) VALUES (60,'SA3',28,null );
INSERT INTO visit(idActivity, idTypeSubActivity, idLocation, dateEnd) VALUES (61,'SA3',14,null );
INSERT INTO visit(idActivity, idTypeSubActivity, idLocation, dateEnd) VALUES (62,'SA3',48,'2022-11-30' );


INSERT INTO fieldSchool (idVisit,idInst,idDept) VALUES (27,'I2','D1');
INSERT INTO fieldSchool (idVisit,idInst,idDept) VALUES (27,'I16','D4');
INSERT INTO fieldSchool (idVisit,idInst,idDept) VALUES (27,'I3','D5');

INSERT INTO fieldSchool (idVisit,idInst,idDept) VALUES (28,'I2','D1');
INSERT INTO fieldSchool (idVisit,idInst,idDept) VALUES (28,'I16','D4');
INSERT INTO fieldSchool (idVisit,idInst,idDept) VALUES (28,'I3','D5');

INSERT INTO fieldSchool (idVisit,idInst,idDept) VALUES (29,'I2','D1');
INSERT INTO activityInstitution(idActivity, idInst) VALUES ( 29,'I37');

INSERT INTO fieldSchool (idVisit,idInst,idDept) VALUES (30,'I2','D1');
INSERT INTO fieldSchool (idVisit,idInst,idDept) VALUES (30,'I9','D2');
INSERT INTO fieldSchool (idVisit,idInst,idDept) VALUES (30,'I16','D4');
INSERT INTO fieldSchool (idVisit,idInst,idDept) VALUES (30,'I3','D5');

INSERT INTO fieldSchool (idVisit,idInst,idDept) VALUES (31,'I2','D1');
INSERT INTO activityInstitution(idActivity, idInst) VALUES (31,'I37');

INSERT INTO fieldSchool (idVisit,idInst,idDept) VALUES (32,'I2','D1');
INSERT INTO fieldSchool (idVisit,idInst,idDept) VALUES (32,'I16','D4');
INSERT INTO fieldSchool (idVisit,idInst,idDept) VALUES (32,'I3','D5');


INSERT INTO fieldSchool (idVisit,idInst,idDept) VALUES (33,'I2','D1');
INSERT INTO fieldSchool (idVisit,idInst,idDept) VALUES (33,'I16','D4');
INSERT INTO fieldSchool (idVisit,idInst,idDept) VALUES (33,'I17',null);
INSERT INTO fieldSchool (idVisit,idInst,idDept) VALUES (33,'I18',null);

INSERT INTO fieldSchool (idVisit,idInst,idDept) VALUES (34,'I2','D1');
INSERT INTO fieldSchool (idVisit,idInst,idDept) VALUES (34,'I17',null);
INSERT INTO fieldSchool (idVisit,idInst,idDept) VALUES (34,'I18',null);


INSERT INTO fieldSchool (idVisit,idInst,idDept) VALUES (35,'I2','D1');
INSERT INTO fieldSchool (idVisit,idInst,idDept) VALUES (35,'I18',null);


INSERT INTO fieldSchool (idVisit,idInst,idDept) VALUES (36,'I2','D1');
INSERT INTO fieldSchool (idVisit,idInst,idDept) VALUES (36,'I17',null);

INSERT INTO fieldSchool (idVisit,idInst,idDept) VALUES (37,'I2','D1');

INSERT INTO fieldSchool (idVisit,idInst,idDept) VALUES (38,'I2','D1');
INSERT INTO fieldSchool (idVisit,idInst,idDept) VALUES (38,'I17',null);
INSERT INTO fieldSchool (idVisit,idInst,idDept) VALUES (38,'I19',null);

INSERT INTO fieldSchool (idVisit,idInst,idDept) VALUES (39,'I2','D1');
INSERT INTO fieldSchool (idVisit,idInst,idDept) VALUES (39,'I5',null);

INSERT INTO fieldSchool (idVisit,idInst,idDept) VALUES (40,'I2','D1');
INSERT INTO fieldSchool (idVisit,idInst,idDept) VALUES (40,'I9','D6');

INSERT INTO fieldSchool (idVisit,idInst,idDept) VALUES (41,'I2','D1');

INSERT INTO fieldSchool (idVisit,idInst,idDept) VALUES (42,'I2','D1');
INSERT INTO fieldSchool (idVisit,idInst,idDept) VALUES (43,'I2','D1');
INSERT INTO fieldSchool (idVisit,idInst,idDept) VALUES (44,'I2','D1');
INSERT INTO fieldSchool (idVisit,idInst,idDept) VALUES (45,'I2','D1');
INSERT INTO fieldSchool (idVisit,idInst,idDept) VALUES (46,'I2','D1');

INSERT INTO fieldSchool (idVisit,idInst,idDept) VALUES (47,'I2','D1');
INSERT INTO fieldSchool (idVisit,idInst,idDept) VALUES (47,'I5',null);

INSERT INTO fieldSchool (idVisit,idInst,idDept) VALUES (48,'I2','D1');
INSERT INTO fieldSchool (idVisit,idInst,idDept) VALUES (49,'I2','D1');

INSERT INTO fieldSchool (idVisit,idInst,idDept) VALUES (50,'I2','D1');
INSERT INTO fieldSchool (idVisit,idInst,idDept) VALUES (50,'I9','D6');


INSERT INTO fieldSchool (idVisit,idInst,idDept) VALUES (51,'I2','D1');

INSERT INTO activityImage (idActivity, idImage) VALUES (52,1);
INSERT INTO activityImage (idActivity, idImage) VALUES (53,2);
INSERT INTO activityImage (idActivity, idImage) VALUES (54,3);
INSERT INTO activityImage (idActivity, idImage) VALUES (55,4);
INSERT INTO activityImage (idActivity, idImage) VALUES (56,5);
INSERT INTO activityImage (idActivity, idImage) VALUES (57,6);
INSERT INTO activityImage (idActivity, idImage) VALUES (58,7);
INSERT INTO activityImage (idActivity, idImage) VALUES (59,8);
INSERT INTO activityImage (idActivity, idImage) VALUES (60,9);
INSERT INTO activityImage (idActivity, idImage) VALUES (61,10);

INSERT INTO activity (idTypeActivity,date,title,description) VALUES ('A2','2008-01-01','Micro-endemism in Madagascar', 'A new hypothesis and model of micro-endemism in Madagascar and its application to the conservation of Malagasy biodiversity. (Presented in French.)');
INSERT INTO activity (idTypeActivity,date,title,description) VALUES ('A2','2009-01-01','New Traversodontidae','Two new Traversodontidae from the Triassic of Madagascar: implications for paleoecology and the issue of endemic Malagasy terrestrial vertebrates in the Pre-Jurassic. (Presented in French.)');
INSERT INTO activity (idTypeActivity,date,title,description) VALUES ('A2','2010-01-01','Geographic Information Systems','Geographic Information Systems at the service of conservation: case studies. (Presented in French.)');
INSERT INTO activity (idTypeActivity,date,title,description) VALUES ('A2','2011-01-01','Effects of cyclone','Effects of cyclone or habitat disturbance on Varecia variegata (reproduction, feeding behavior, etc.). (Presented in French.)');
INSERT INTO activity (idTypeActivity,date,title,description) VALUES ('A2','2011-01-01','Fragmentation and genetic diversity','Fragmentation of habitat and genetic diversity in space and time. (Presented in French.) ');
INSERT INTO activity (idTypeActivity,date,title,description) VALUES ('A2','2012-01-01','Invasive alien species','The impact of invasive alien species on island biodiversity - What solutions? (Presented in French.) ');
INSERT INTO activity (idTypeActivity,date,title,description) VALUES ('A2','2012-01-01','Extinct animals and ecosystems of Madagascar','Windows into the extraordinary extinct animals and ecosystems of Madagascar. (Presented in French.) ');
INSERT INTO activity (idTypeActivity,date,title,description) VALUES ('A2','2012-01-01','Genetics','Population genetics, conservation genetics, and their applications. (Presented in French.) ');
INSERT INTO activity (idTypeActivity,date,title,description) VALUES ('A2','2013-01-01','Genetic diversity and Genetix computer program','Measures of genetic diversity and application of the Genetix computer program. (Presented in French.) ');
INSERT INTO activity (idTypeActivity,date,title,description) VALUES ('A2','2014-01-01','ArcGIS','ArcGIS training. (Presented in French.) ');
INSERT INTO activity (idTypeActivity,date,title,description) VALUES ('A2','2015-01-01','High spatial resolution cloud climatology','High spatial resolution cloud climatology of Madagascar and implications for biodiversity conservation activities');


INSERT INTO activity (idTypeActivity,date,title,note,description) VALUES ('A3','2020-01-01','Grosphus mavo','endemic scorpion in the extreme south of the island','the remarkable diversity of the genus Grosphus simon, 1880 (scorpiones: buthidae) in southern madagascar and in particular in the region of cap sainte marie. Arachnida – Rivista Aracnologica Italiana, 27(1): 2-35.');
INSERT INTO activity (idTypeActivity,date,title,note,description) VALUES ('A3','2020-01-01','Haemaphysalis galidiae','endemic tick known from endemic carnivora','Description of a new species of Haemaphysalis koch, 1844 (Acari: ixodidae) from the H. (Rhipistoma) asiatica subgroup, parasite of an endemic malagasy carnivoran (family eupleridae). Systematic Parasitology, 97: 591-599.');
INSERT INTO activity (idTypeActivity,date,title,note,description) VALUES ('A3','2020-01-01','Ixodes soarimalalae','endemic tick known from malagasy shrew tenrecs and named after Voahangy soarimalala','Description of three new species of ixodes Latreille, 1795 (acari: ixodidae), parasites of tenrecs (Afrotheria: tenrecidae) on madagascar. Systematic Parasitology, 97: 623-637.');
INSERT INTO activity (idTypeActivity,date,title,note,description) VALUES ('A3','2020-01-01','Ixodes uilenbergi','endemic tick known from different species of malagasy tenrecs','Description of three new species of Ixodes latreille, 1795 (Acari: ixodidae), parasites of tenrecs (Afrotheria: tenrecidae) on madagascar. Systematic Parasitology, 97: 623-637.');
INSERT INTO activity (idTypeActivity,date,title,note,description) VALUES ('A3','2020-01-01','Ixodes uncus','endemic tick known from malagasy shrew tenrecs',' Description of three new species of ixodes Latreille, 1795 (Acari: ixodidae), parasites of tenrecs (Afrotheria: tenrecidae) on madagascar. Systematic Parasitology, 97: 623-637');
INSERT INTO activity (idTypeActivity,date,title,note,description) VALUES ('A3','2020-01-01','Mantidactylus ambony ','endemic to a massif in the extreme north of the island',' ‘Barcode fishing’ for archival Dna from historical type material overcomes taxonomic hurdles, enabling the description of a new frog species. Scientific Reports, 10, 19109 (2020).');
INSERT INTO activity (idTypeActivity,date,title,note,description) VALUES ('A3','2020-01-01','Platypelis ranjomena','(endemic the central east and northeastern madagascar','genetic variability and partial integrative revision of Platypelis frogs (microhylidae) with red flash marks from eastern madagascar. Vertebrate Zoology, 70(2): 141-156');
INSERT INTO activity (idTypeActivity,date,title,note,description) VALUES ('A3','2020-01-01','Uroplatus fangorn','endemic gecko to a massif in the north of the island','towards completion of species inventory of smallsized leaf-tailed geckos: two new species of Uroplatus from northern madagascar. Zootaxa, 4892(2): 251-275.');
INSERT INTO activity (idTypeActivity,date,title,note,description) VALUES ('A3','2020-01-01','Uroplatus fivehy','endemic gecko to a massif in the north of the island','towards completion of species inventory of smallsized leaf-tailed geckos: two new species of Uroplatus from northern madagascar. Zootaxa, 4892(2): 251-275.');


INSERT INTO activity (idTypeActivity,title,description,date) VALUES ('A4','Climate change','The intent of this project is to measure possible effects of global climatic change on certain endemic terrestrial vertebrates. This is being accomplished by revisiting three different mountains on the island intensively studied along an elevational gradient over 15 years ago and repeating the inventory methods down to very fine details, such as the same dates and placements of different types of traps. While data on the presence and absence of a given taxonomic group will be used in comparing the previous and recent inventories, the unique aspect we have added to the project is employing molecular genetic data. We will becomparing shifts in haplotypic frequencies through time and this measure may be directly correlated with global warming, pushing animals to higher altitudes to find preferable biotypes.','2015-01-01');
INSERT INTO activity (idTypeActivity,title,description,date) VALUES ('A4','Transmissible diseases','In this project, followed viro-serological and vector populations of wild vertebrates and a quantitative assessment on a regional risk of introduction and spread of the disease are done. This is a project funded by the CRVOI (Centre for Research and Watch on emerging diseases in the Indian Ocean) Reunion and associated team from the Institut Pasteur de Madagascar (IPM). The latter has been working for several years on transmission mechanisms of many diseases. 
The specific objectives of this project are to:
    -assess the intensity of viral circulation and circulation periods in a pilot area of Madagascar,
    -identify potential wild reservoirs of the virus in Madagascar,
    -establish an epidemiological assessment in Madagascar,
    -identify the various potential modes of introduction and transmission in Madagascar, and assess the risk of endemicity of the disease.
','2015-01-01');
INSERT INTO activity (idTypeActivity,title,description,date) VALUES ('A4','Conservation biology','Vahatra is also interested in different types of research involving:
    -vertebrates taxonomy and phylogeny
    -vertebrates biogeography
    -ecology and biology
    -conservation
    -impact assessment
 ','2015-01-01');
INSERT INTO activity (idTypeActivity,title,description,date) VALUES ('A4','StopRats','Stoprats is a multi-partner project financed by the Secretariat of the African and Caribbean Group, led by Natural Resources Institute, University of Greenwich, United Kingdom and including countries like Namibia, Madagascar, Sierra Leone, South Africa, Swaziland , Tanzania. The general objectives of the project are to build capacity in science, in technology and innovation in the management of rodent pests and to contribute to the sustainable development of Africa and Madagascar, so that these institutions could have knowledge of the main indicators of poverty through rodent impacts on agricultural production and food security systems.

Students from the Institute of Technical Science and Environment, University of Fianarantsoa, from the Animal Biology Department, University of Antananarivo, a team of environmental educators, and colleagues from the Institut Pasteur de Madagascar, provide the smooth running of the activities of this project.

In 2014, fifteen scientists from the countries members of Stoprats project were in Madagascar for the field school. Then the series of investigations were conducted in the Malagasy highplands to have knowledge about the extent of damage caused by rats and the methods used to fight against these problems. Meetings with stakeholders on the problems of rats, namely, the responsible of the agriculture, breeding and health were also conducted in Fianarantsoa. Researches on diets and habitats used by the rats and endemic rodents, by using stable isotopes have been undertaken as part of this project.','2014-01-01');
INSERT INTO activity (idTypeActivity,title,description,date) VALUES ('A4','E-book on the protected areas of madagascar and other user tools','In late 2015, Association Vahatra received a three-year grant from CEPF to
conduct a large-scale review of the protected areas system of Madagascar.
The bilingual French-English three volume book entitled Les aires protégées
terrestres de Madagascar : leur histoire, description et biote / Terrestrial
protected areas of Madagascar: Their history, description and biota was
published by Association Vahatra in late 2018. Based on an additional grant
from CEPF to Strand Life Science (Bangalore, India), with Association
Vahatra as a partner, an e-book of a revised and corrected version of the
protected area book has been produced, and is distributed by The University
of Chicago Press (https://w.bibliovault.org/BV.titles.epl?pc=596&sort=title).
The printed volumes of the protected area book are cumbersome to say the
least, weighing close to 7 kg, and the e-book version greatly facilitates their
utilization. Further, to simplify usage and be more user-friendly, separate
e-books have been prepared for the French and English language versions.
Other aspects of this project included the creation of a website in Malagasy,
French, and English containing lots of details on the 98 terrestrial protected
areas of Madagascar covered in the book, including up-to-date species
lists of vertebrates known from each site, as well as the means for citizen scientists and naturalists to update the downloadable species lists based on
new observations and published data. Based on a day-seminar presentation
in Antananarivo by Thomas Vattakaven and Prabhakar Rajagopal of Strand
Life Science and different members of Association Vahatra to potential
users of the site, important input was received on aspects that facilitated the
website organization. The timing of the seminar was just before the start of
the COVID-19 epidemic and all subsequent work on the project has been
via email and video conferences. Another important aspect of this project
was uploading on to a cloud and providing free access to about 9000 pdf
files used in writing the book, which include a range of different types of
publications, unpublished reports, previously unavailable DEA and Master’s
memoires, Ph.D. theses, and other types of diploma documents from the
Malagasy university system. The Madagascar Protected Areas portal site can
be accessed at https://protectedareas.mg/. The portal is an important tool for
researchers, students, and conservationists on Madagascar and overseas and
we hope to amend the project to more advanced stages. In early December
2021, our colleagues at Strand Life Sciences in Bangalore via a video
conference formally presented the portal in Madagascar to an assortment of interested individuals physically present at Vahatra or connected via a video
conference, which was followed by a reception. The event received press
and television coverage. The final accepted report to CEPF was submitted in
late 2021 and the first phase of the project has now been completed.','2015-01-01');
INSERT INTO activity (idTypeActivity,title,description,date) VALUES ('A4','Indian house Crow eradication and invasive species surveillance','In the context of this project, Madagascar Fauna and Flora Group (MFG)
in collaboration with Association Vahatra and other partners received a
grant to eradicate the recently introduced and highly invasive Indian House
Crow (Corvus splendens) in the Toamasina area, central eastern coast of
Madagascar, as well as other areas the species has turned up on the island.
The grant also included advancing different types of research associated with
problems imposed on Madagascar’s ecosystems and the Malagasy people
by invasive animal species. MFG was responsible for orchestrating the
eradication of the Indian House Crow and Vahatra’s interventions focused
on scientific aspects associated with the biology, distribution, and zoonotic diseases of the crow and House Sparrows (Passer domesticus) in and
around Toamasina. More specifically, scientific research on invasive species
included projects conducted by three Master’s students from The University
of Antananarivo and working with Vahatra scientists, all of which were
presented in 2021. These studies included the presence and absence of Indian
House Crows in all major ports on the island and population estimates (by
Estelle Raobson Hanitrandrasana); the breeding biology and dietary regime
of House Sparrows in the city of Toamasina (by Saholy Raolihanitrasina);
and the diet of a quasi-invasive bat species living in human-built structures
(by Lomeris Todilahy). As of late 2021, MFG and the project collaborators
have removed all of the known House Crows on Madagascar, which is a
major accomplishment.','2015-01-01');
INSERT INTO activity (idTypeActivity,title,description,date) VALUES ('A4','Land use in the Sava region and global health challenges','This project is based on a grant awarded to Duke University, with Dr.
Charles Nunn as the Principal Investigator, in 2019 through the Ecology and
Evolution of Infectious Diseases (EEID) program, a joint initiative between the National Institute of Health and the National Science Foundation (NSF).
This large-scale project aims to understand the linkages between diseases
circulating in the foothills of the Marojejy Massif across a habitat mosaic
of native forest, agricultural areas, and near villages for which endemic and
introduced animals may act as reservoirs and the source of transmission.
Association Vahatra is one of the collaborating organizations focused on
field capture of bats, endemic and introduced small mammals, and collecting
the needed samples for the zoonotic disease analyses. Toky Randriamoria, a
post-doc in the context of the project, is responsible for the field sampling
and seconded by Voahangy and Steve. A new assistant, Rianja Nantenaina
Randriamifidisoa, has been engaged to reinforce the field team. Fifaliantsoa
Rasolobera, the previous field assistant, is now incorporated in the project
as a PhD student and working on small mammal ecology and distribution.
Three different field camps at the foothills of the massif, each visited during
three different seasons for sampling in a range of habitats, have solar panels
to provide the needed energy to run a refrigerator to keep samples at the required low temperatures. In association with a considerable range of
collaborators studying multiple facets of local circulating zoonotic diseases
and parasites, this research project aims to study novel methods to predict
disease spread, particularly different infectious diseases being important
human health concerns on Madagascar.
Three Vahatra students from The University of Antananarivo and one
from The University of Antsiranana are taking part in this project: Tamby
Ranaivoson (PhD student) and Fifaliantsoa Rasolobera (PhD student,
mentioned above) working on small mammal ecology and reproduction;
Daniel Falimiarintsoa (Masters student) working on bat ecology and habitat
associations on the southwestern slopes of the Marojejy Massif; and Johanna
Rafanomezanjanahary working on bat ecology and habitat associations
on the southwestern slopes of the Marojejy Massif; Daniel will present
in March 2022 and Johanna presented in March 2021. Fieldwork for this
project continues until mid-2023.','2019-01-01');
INSERT INTO activity (idTypeActivity,title,description,date) VALUES ('A4','Restauration Patrimoine mondial: Forêts humides de l’Atsinanana','The moist evergreen moist evergreen forests of the eastern region of
Madagascar are home to an exceptional diversity of plants and animals and
these ecosystems play a fundamental role in maintaining biodiversity and
ecological processes. Their integration some years back within UNESCO’s
network of World Heritage Sites, the series of protected areas known
as “The Rainforest of the Atsinanana”, was a crucial step in supporting
efforts to preserve their Outstanding Universal Values. Unfortunately, these
ecosystems for different economic and cultural reasons are often subject to
anthropogenic pressures. The 2009 political crisis on Madagascar, a period
of near total anarchy in certain areas of the island, allowed people to rush
massively into protected areas for illegal exploitation of rosewoods, gold
panning, charcoal production, and to acquire new agricultural lands via
deforestation. The integrity of the biological diversity of The Rainforest of
the Atsinanana and their Outstanding Universal Values have been seriously
threatened. The magnitude of the situation was such that UNESCO’s
World Heritage Committee decided in 2010 to classify The Rainforest of
the Atsinanana in the World Heritage list of sites “In Danger”. The purpose
of this current project financed at the level of several million US dollars
by the Korea International Cooperation Agency (KOICA) is to rectify the
situation through several different approaches: economic development,
public education, and studies of the regional biota.
The role of Association Vahatra in the project is to examine patterns of
biotic diversity at the focal sites through biological inventories, with a focus
on change through time. Vahatra scientists and students surveyed several
of these sites some 20-25 years ago and comparisons of possible change at
the scale of several decades can be made, and if such changes have taken
place, to determine the probable causal reasons. Finally, with biodiversity
data across nearly 20+ years, it will be possible to strengthen protection of
the sites and better understanding different pressures. Another aspect is to
install a system of ecological monitoring sites and automated meteorological
stations to provide measures of climate change in the future.
In early 2021, in the context of this BIOCOM project, a Vahatra field
team, together with nine students from The University of Antsiranana and another individual working for the
protected area manager took part
in a field school and conducted an
eco-biological evaluation of the dry
forests of Montagne de Français in
the far north.
The results of this field project
have been accepted for publication
in Malagasy Nature and will appear
in 2023. Further, over the course of
nearly eight weeks in October and
November 2021, a large field team
conducted an elevational transect
of Marojejy, one of The Rainforest
of the Atsinanana sites. The survey
repeated in fine detail the transect of
1996 and across different groups of
organisms. This was a large-scale
logistic exercise, with five camps between the lowland forest and summital zone of the massif, and with
displacements of over 40 porters at a time to carry gear, supplies, and food.
The material included solar panels, a large battery, and a small refrigerator
to maintain collected samples from forest-dwelling mammals on the
massif and tie-in to the Duke University (NIH and NSF) zoonotic disease
research project mentioned above. Vahatra and colleagues are in the process
of analyzing data to understand patterns of possible change through time
and the scientific results will be available in the near future. In late 2022
the Vahatra team will redo another elevational transect in the Andohahela
protected area in the same fashion as Marojejy and part of the The Rainforest
of the Atsinanana.','2021-01-01');
INSERT INTO activity (idTypeActivity,title,description,date) VALUES ('A4','Diversity and transmission dynamics of infectious agents in malagasy bats','The scientific objectives of this project are to characterize the diversity of
infectious agents circulating in bat populations of northern Madagascar and
to study the temporal dynamics of transmission, particularly within breeding
and day-roosting colonies. Funding is based on a grant from the Fonds
Européen de Développement Régional (FEDER). The study in collaboration
with Dr. Camille Lebarbenchon from the Processus Infectieux en Milieu
Insulaire Tropical (PIMIT) laboratory and associated with The University
of La Reunion, and with a Malagasy post-doc, Riana Ramanantsalama, who
did his PhD with Vahatra, employs samples of captured/marked/released
bats for laboratory analysis. For each bat, samples include oral and rectal
swabs, as well as ectoparasites.
In the original plan for fieldwork, it was proposed that each study colony,
including caves in Ankarana and synanthropic roost sites in buildings
in the nearby town of Ambilobe, to be visited every 3-4 months to study
seasonal shifts in the temporal dynamics of infection at the population level.
Individuals of the fruit bat Rousettus madagascariensis (family Pteropodidae)
living in the caves of Ankarana are marked with uniquely numbered rings in order to study infection dynamics at the level of individuals. With the
lockdown of 2020, only two visits were conducted to the study sites in that
year and we were only able to restart the fieldwork in late 2021. Because
of all of the COVID-19 related delays, an extension of the project has been
requested from the granting agency. We are still awaiting that decision','2020-01-01');
INSERT INTO activity (idTypeActivity,title,description,date) VALUES ('A4','Save the rainforest sweden (Rädda Regnskog) project at Ambohitantely','The Réserve Spéciale d’Ambohitantely is one of the last remnant Central
Highland montane forests on the island and it is of high priority to conserve,
even though already notably fragmented. This fragile and vulnerable relict
forest is home to rich and unique biodiversity from the invertebrate to the
vertebrate fauna as well as for the flora. Since 2007, the Association Vahatra
has organized in this protected area a series of regular research missions,
field schools or forms of ecological and biological training for students, as
well as for conservation agents and managers.
Over the past decades, between the anthropogenic pressures of wild
grassland fires, some being set as acts of anarchy, which enter into the
remaining natural forest, the number of forest parcels and their surface areas
have been dramatically reduced or disappeared forever. In a collaborative
project between Association Vahatra and Madagascar National Parks, the
organization responsible for the management of the protected area, and with funding from Save the Rainforest Sweden, and in collaboration with
Johannes Bergsten, Swedish Museum of Natural History in Stockholm,
we have taken steps to try to conserve Ambohitantely and in association
with local villagers. The first critical step to conserve the forest was the
completion of a firebreak around the largest remnant parcel, a massive
activity and done 100% by hand. Between April and June 2021, just before
the bush fire season, about 19 km of firebreaks were completed and these
were installed in a manner to stop open country fire progression into the
forest.
Since 2015, scientific members of Association Vahatra with different
colleagues were solicited to conceive and design a simple and practical
guide for ecological restoration of three protected areas (Marojejy, Masoala,
and Ranomafana). To restore the ecological integrity of Ambohitantely,
a significant portion of which has been destroyed or heavily degraded by
bush fires, and several blocks will soon not be viable without intervention,
the same methods and technics have been applied as for the sites mentioned
above. An expert Malagasy Botanist in collaboration with Achille is in charge of the implementation of this challenging project. For now, we adopt
active and assisted passive restoration strategy. A plant nursery has been
established and the restoration site, that will link in a corridor fashion the
main forest and a nearby forest fragment, is already prepared with a matrix
of dug planting holes filled with compost and ready for transplantation in
early 2022.
Previous studies carried out at Ambohitantely mainly concern vertebrates
and plants, but the site includes different aquatic habitats for insects. To
advance studies on the diversity and ecology of aquatic insects, Vahatra
has engaged a post-doc student from the Entomology Department at The
University of Antananarivo to carry out biological inventories of aquatic
insects within and around the protected area. He is also in charge of the
training and mentoring of Master students working on insects at his home
institution. Two of these students are now finalizing the preparation of their
memoirs.

In Ambohitantely, there is no functional infrastructure other than rugged
camping sites for researchers, students or for other visitors. To promote
research activities and to increase the frequency of visitors, in the context of
this project, we are in the process of constructing a humble biological station
of 14 x 5 m with three rooms (kitchen, lab, and large room/dormitory for 8
persons). Construction is now well underway and 40 000 fires clay bricks,
cement, iron, etc. have been delivered to the site. The building is at the edge
of the Madagascar National Parks village complex and a short distance from
the main forest.','2021-01-01');
INSERT INTO activity (idTypeActivity,title,description,date) VALUES ('A4','Developing effective rodent control strategies to reduce disease risk in ecologically and culturally diverse rural landscapes','The project, named REDROZ (Reduce Rodent Zoonosis), aims at reducing
the risk from rodent-borne infections in Africa, including Madagascar, by increasing knowledge and expertise needed to develop holistic rodent
management applicable for local conditions and at the community level.
Research is designed to answer whether sustainable community-based
rodent management can reduce risks of disease transmission and improve
overall human health and wellbeing. Multidisciplinary activities conducted
in Tanzania and Madagascar, focus on three rodent-borne infections
(leptospirosis, plague, and rickettsiosis) and proceed in two stages. First,
we fill knowledge gaps, and deepening our existing collaborations with
communities and stakeholders, allowing us to co-develop rodent control that
are holistically evaluated in the second stage. We are developing a spatially
realistic modelling tool to explore likely responses of rodent populations and
rodent-borne infections to localized rodent control. Analyses of rich archived
datasets and new experimental trials are being used to parameterize models
and test output. In Madagascar, the study is carried-out in collaboration with
Institut Pasteur de Madagascar. In the first stage, we work in 12 villages
within Analavory/Miarinarivo commune (Central Highlands to the west of
Antananarivo), where villages act as replicates, experimentally determining
how rodent movements and the prevalence of rodent-borne infections
are impacted by control. We use a range of qualitative and quantitative
social science to produce a deeper understanding of community practices,
behavior, and understanding around relevant issues of health, hygiene and
pest management, and work with stakeholders from health, agriculture,
and environment spheres to understand their perceptions, policies, and
support services. In the second stage, we conduct a comparative trial in
12 intervention - non-intervention village pairs (n=24), co-developing
and trialing rodent management strategies over one year, and monitoring
changes to human practices and attitudes, rodent damage, disease within the
rodent population (i.e. leptospirosis, plague, and rickettsiosis), human health
indicators and time/financial inputs. Collaborative workshops are designed
to facilitate cross-country comparisons and high-level training to early career
researchers. A PhD student from The University of Antananarivo, Todisoa
Radovimiandrinifarany, is integrated in this project in the context of his PhD
thesis, and two students from The University of Fianarantsoa was taking part
in the fieldwork in the context of capacity building.','2021-01-01');


INSERT INTO activityPerson(idActivity,idPerson) VALUES (63,4);
INSERT INTO activityPerson(idActivity,idPerson) VALUES (64,22);
INSERT INTO activityPerson(idActivity,idPerson) VALUES (65,23);
INSERT INTO activityPerson(idActivity,idPerson) VALUES (66,24);
INSERT INTO activityPerson(idActivity,idPerson) VALUES (67,25);
INSERT INTO activityPerson(idActivity,idPerson) VALUES (68,20);
INSERT INTO activityPerson(idActivity,idPerson) VALUES (69,4);
INSERT INTO activityPerson(idActivity,idPerson) VALUES (70,25);
INSERT INTO activityPerson(idActivity,idPerson) VALUES (71,25);
INSERT INTO activityPerson(idActivity,idPerson) VALUES (72,26);
INSERT INTO activityPerson(idActivity,idPerson) VALUES (73, 27);


INSERT INTO activityInstitution(idActivity,idInst) VALUES (87,'I14');
INSERT INTO activityInstitution(idActivity,idInst) VALUES (88,'I14');
INSERT INTO activityInstitution(idActivity,idInst) VALUES (88,'I20');
INSERT INTO activityInstitution(idActivity,idInst) VALUES (89,'I21');
INSERT INTO activityInstitution(idActivity,idInst) VALUES (89,'I22');
INSERT INTO activityInstitution(idActivity,idInst) VALUES (89,'I23');
INSERT INTO activityInstitution(idActivity,idInst) VALUES (90,'I24');
INSERT INTO activityInstitution(idActivity,idInst) VALUES (90,'I25');
INSERT INTO activityInstitution(idActivity,idInst) VALUES (90,'I7');
INSERT INTO activityInstitution(idActivity,idInst) VALUES (91,'I26');
INSERT INTO activityInstitution(idActivity,idInst) VALUES (91,'I27');
INSERT INTO activityInstitution(idActivity,idInst) VALUES (91,'I28');
INSERT INTO activityInstitution(idActivity,idInst) VALUES (93,'I29');
INSERT INTO activityInstitution(idActivity,idInst) VALUES (93,'I30');












INSERT INTO typePublication VALUES (1,'Malagasy Nature');
INSERT INTO typePublication VALUES (2,'Guides');
INSERT INTO typePublication VALUES (3,'Other publications'); 

INSERT INTO publication(idType, title,description,date,idimagefront,idimageback) VALUES (1,'Volume 1 - Les forêts sèches de Madagascar','This first issue of Malagasy Nature is a monograph of 200 pages on Madagascar dry forests, associated with inventories conducted by a group of scientists in Madagascar, which are among the founding members of the Association Vahatra.','2009-01-01',11,null);
INSERT INTO publication(idType, title,description,date,idimagefront,idimageback) VALUES (1,'Volume 2','','2009-01-01',12,null);
INSERT INTO publication(idType, title,description,date,idimagefront,idimageback) VALUES (1,'Volume 3: Biodiversity, exploration, and conservation of the natural habitats associated with the Ambatovy project','The third volume of Malagasy Nature presents a series of studies undertaken in the Ambatovy forests, near Moramanga. These studies were made within the framework of a research on the biodiversity partially covered forest zones, exposed to the mining by the Ambatovy Project. They were done to support the project conservation program.

Besides the description of the mining project conservation and ecological monitoring programmes, this Volume 3 shows the diverse biological and ecological information on various groups in particular, the invertebrates, the vertebrates, as well as the plants. It also compiles the results of the inventories of a zone near the region of Andasibe which was extensively studied for decades, in particular emphasizing the new discoveries on the flora and the fauna for these last 20 years. The new data presented in this volume show the biological importance of the studied zones. They will form basic information for the ecological and specific changes monitoring within the local biodiversity in time and in space.','2010-01-01',13,null);
INSERT INTO publication(idType, title,description,date,idimagefront,idimageback) VALUES (1,'Volume 4','','2010-01-01',14,null);
INSERT INTO publication(idType, title,description,date,idimagefront,idimageback) VALUES (1,'Volume 5','','2011-01-01',15,null);
INSERT INTO publication(idType, title,description,date,idimagefront,idimageback) VALUES (1,'Volume 6','','2013-01-01',16,null);
INSERT INTO publication(idType, title,description,date,idimagefront,idimageback) VALUES (1,'Volume 7','','2013-01-01',17,null);
INSERT INTO publication(idType, title,description,date,idimagefront,idimageback) VALUES (1,'Volume 8','','2014-01-01',18,null);
INSERT INTO publication(idType, title,description,date,idimagefront,idimageback) VALUES (1,'Volume 9','','2015-01-01',19,null);
INSERT INTO publication(idType, title,description,date,idimagefront,idimageback) VALUES (1,'Volume 10','','2016-01-01',20,null);
INSERT INTO publication(idType, title,description,date,idimagefront,idimageback) VALUES (1,'Volume 11','','2017-01-01',21,null);
INSERT INTO publication(idType, title,description,date,idimagefront,idimageback) VALUES (1,'Volume 12','','2017-01-01',22,41);
INSERT INTO publication(idType, title,description,date,idimagefront,idimageback) VALUES (1,'Volume 13','','2019-01-01',23,42);
INSERT INTO publication(idType, title,description,date,idimagefront,idimageback) VALUES (1,'Volume 14','','2020-01-01',24,43);
INSERT INTO publication(idType, title,description,date,idimagefront,idimageback) VALUES (1,'Volume 15','','2021-01-01',25,44);


INSERT INTO publication(idType, title,description,date,idimagefront,idimageback) VALUES (2,'Les chauves-souris de Madagascar','129 pp and 77 figures.','2011-01-01',27,46);
INSERT INTO publication(idType, title,description,date,idimagefront,idimageback) VALUES (2,'Les petits mammifères de Madagascar','176 pp and 100 figures.','2011-01-01',28,47);
INSERT INTO publication(idType, title,description,date,idimagefront,idimageback) VALUES (2,'Histoire naturelle des familles et sous-familles endémiques d''oiseaux de Madagascar','pp 148 and 54 figures.','2011-01-01',29,48);
INSERT INTO publication(idType, title,description,date,idimagefront,idimageback) VALUES (2,'Les Carnivora de Madagascar','pp 158 and 73 figures.','2012-01-01',30,49);
INSERT INTO publication(idType, title,description,date,idimagefront,idimageback) VALUES (2,'Les animaux et écosystèmes de l''Holocène disparus de Madagascar','pp 249, 34 figures and 20 plates.','2013-01-01',31,50);
INSERT INTO publication(idType, title,description,date,idimagefront,idimageback) VALUES (2,'Les amphibiens des zones arides du Sud et de l''Ouest de Madagascar','pp 180 and 129 figures','2014-01-01',32,51);
INSERT INTO publication(idType, title,description,date,idimagefront,idimageback) VALUES (2,'Les amphibiens du Nord de Madagascar','pp 354 and 197 figures, with pictograms.','2018-01-01',33,52);
INSERT INTO publication(idType, title,description,date,idimagefront,idimageback) VALUES (2,'Fourmis de Madagascar : un guide pour les 62 genres / Ants of Madagascar: a guide for the 62 genera','A bilingual French-English book. 253 pp.','2019-01-01',34,53);
INSERT INTO publication(idType, title,description,date,idimagefront,idimageback) VALUES (2,'Libellules et demoiselles de Madagascar et des Iles de l’Océan Indien occidentale / Dragonflies and damselflies of Madagascar and the western Indian Ocean Islands','A bilingual French-English book. 194 pp.','2021-01-01',35,54);

INSERT INTO publication(idType, title,description,date,idimagefront,idimageback) VALUES (3,'Publications','',null,36,null);
INSERT INTO publication(idType, title,description,date,idimagefront,idimageback) VALUES (3,'Memoirs and thesis','',null,37,null);
INSERT INTO publication(idType, title,description,date,idimagefront,idimageback) VALUES (3,'Atlas of selected land vertebrates of Madagascar','While the past few decades have seen numerous publications about the extraordinary and highly endemic terrestrial vertebrate fauna of Madagascar, ranging from technical papers, to species descriptions, and field guides, no detailed mapping exercise has been completed in the form of an atlas. The purpose of this book is that, to bring together information from numerous sources and present distributional maps for a wide range of taxa, descriptive texts to interpret patterns, and, for most, habitat models (Maxent). For the different reptiles, birds, and mammals treated herein, this atlas is intended as a reference for students, researchers, naturalists, and conservationists.','2013-01-01',38,null);
INSERT INTO publication(idType, title,description,date,idimagefront,idimageback) VALUES (3,'The terrestrial protected areas of Madagascar: their history, description and biota.','','2018-01-01',26,45);

INSERT INTO publication(idType, title,description,date,idimagefront,idimageback) VALUES (3,'The New Natural History of Madagascar','In 2003, Steve Goodman and Jonathan P. Benstead (University of Georgia)
published a large volume (+1700 pages) entitled The Natural History
of Madagascar (University of Chicago Press). Steve was first editor
and principal contributor to the volume, which was widely praised—
e.g., Science called it “a scientific milestone and by far the largest synthesis
of tropical biology research ever.” Now fast forward nearly two decades
later and since the 2003 book appeared the amount of new information on
the natural history of Madagascar has expanded at a rate beyond the most
enthusiastic expectations. Advances made on research and conservation
fronts concerning Madagascar during this period easily surpassed that of
the 20 years preceding that volume’s publication. With all of this in mind,
Steve, as the principal editor, joined by 17 subject editors, including Achille
Raselimanana, have completely reworked the 2003 book. It is important to
underline that the new project is not a simple revision of the 2003 volume,
but a completely new book, with no previous contribution being simply
reprinted. Princeton University Press will publish the new volume in late
2022 or early 2023 under the title The New Natural History of Madagascar.
At the time of this writing, late January 2022, most of the book is in first
page proofs. The manuscript came in at just under 7,000 pages, including
553 figures and 243 tables, and has 279 contributions from 539 contributors,
of which about one-third are Malagasy and the 2003 book less than onequarter. The book will appear in two separate volumes of an estimated 1250
pages each. Princeton University Press has been highly collaborative in this
project and several hundred copies of the book will be sent to Madagascar for
distribution to different governmental and non-governmental collaborators
and partners of Association Vahatra','2023-01-01',39,null);

INSERT INTO publication(idType, title,description,date,idimagefront,idimageback) VALUES (3,'The Natural History of Madagascar',' Separated from the mainland of Africa for 160 million years, Madagascar has evolved an incredible wealth of biodiversity, with thousands of species that can be found nowhere else on earth. For instance, of its estimated 12,000 plant species, nearly 10,000 are unique to Madagascar. Malagasy animals are just as spectacular, from its almost forty currently recognized species of lemurs―a primate group found only here―to the numerous species of tiny dwarf chameleons. With astounding frequency scientists discover a previously unknown species in Madagascar―and at almost the same rate another natural area of habitat is degraded or destroyed, a combination that recently led conservation organizations to name Madagascar one of the most important and threatened conservation priorities on the planet.

The Natural History of Madagascar provides the most comprehensive, up-to-date synthesis available of this island nation''s priceless biological treasures. Contributions by nearly three hundred world-renowned experts cover the history of scientific exploration in Madagascar, its geology and soils, climate, forest ecology, human ecology, marine and coastal ecosystems, plants, invertebrates, fishes, amphibians, reptiles, birds, and mammals. Detailed discussions of conservation efforts in Madagascar highlight several successful park reserve programs that could serve as models for other areas. Beautifully illustrated throughout, the book includes over one hundred color illustrations, with fifty color photos by nature photographer Harald Schütz, as well as more than three hundred black-and-white photographs and line drawings.

The Natural History of Madagascar will be the invaluable reference for anyone interested in the Malagasy environment, from biologists and conservationists to policymakers and ecotourists. ','2003-01-01',40,null);



INSERT INTO public.publicationdetail (idpublication,"name", pdf) VALUES(1,'Préface', 'volume1/mn01_preface.pdf');
INSERT INTO public.publicationdetail (idpublication,"name", pdf) VALUES(1,'Introduction', 'volume1/mn01_01.pdf');
INSERT INTO public.publicationdetail (idpublication,"name", pdf) VALUES(1,'Exploration et connaissance biologique des différents sites inventoriés', 'volume1/mn01_02.pdf');
INSERT INTO public.publicationdetail (idpublication,"name", pdf) VALUES(1,'Herpétofaune des forêts sèches malgaches', 'volume1/mn01_03.pdf');
INSERT INTO public.publicationdetail (idpublication,"name", pdf) VALUES(1,'L’avifaune des forêts sèches malgaches ', 'volume1/mn01_04.pdf');
INSERT INTO public.publicationdetail (idpublication,"name", pdf) VALUES(1,'Les petits mammifères non-volants des forêts sèches malgaches', 'volume1/mn01_05.pdf');
INSERT INTO public.publicationdetail (idpublication,"name", pdf) VALUES(1,'Les lémuriens des forêts sèches malgaches', 'volume1/mn01_06.pdf');
INSERT INTO public.publicationdetail (idpublication,"name", pdf) VALUES(1,'Pressions et menaces dans la région forestière sèche malgache', 'volume1/mn01_07.pdf');
INSERT INTO public.publicationdetail (idpublication,"name", pdf) VALUES(1,'Aspect de la conservation des forêts sèches de Madagascar', null);
INSERT INTO public.publicationdetail (idpublication,"name", pdf) VALUES(1,'La création des aires protégées dans le sud et sud ouest de Madagascar : approche et méthodologie', 'volume1/mn01_08.pdf');
INSERT INTO public.publicationdetail (idpublication,"name", pdf) VALUES(1,'Index', 'volume1/mn01_index.pdf');
INSERT INTO public.publicationdetail (idpublication,"name", pdf) VALUES(1,'Format for contribution', 'volume1/mn01_format.pdf');

INSERT INTO public.publicationdetail (idpublication,"name", pdf) VALUES(2,'Préface', 'volume2/mn02_00.pdf');
INSERT INTO public.publicationdetail (idpublication,"name", pdf) VALUES(2,'A review of the impacts of anthropogenic habitat change on terrestrial biodiversity in Madagascar: Implications for the design and management of new protected areas', 'volume2/mn02_01.pdf');
INSERT INTO public.publicationdetail (idpublication,"name", pdf) VALUES(2,'Vertébrés terrestres des fragments forestiers de la Montagne d’Ambatotsirongorongo, site dans le Système des Aires Protégées de Madagascar de la Région Anosy, Tolagnaro', 'volume2/mn02_02.pdf');
INSERT INTO public.publicationdetail (idpublication,"name", pdf) VALUES(2,'Reptiles, amphibiens et gradient altitudinal dans la région de Daraina, extrême nord-est de Madagasca', 'volume2/mn02_03.pdf');
INSERT INTO public.publicationdetail (idpublication,"name", pdf) VALUES(2,'A review of the endoparasites of the lemurs of Madagascar', 'volume2/mn02_04.pdf');
INSERT INTO public.publicationdetail (idpublication,"name", pdf) VALUES(2,'Les populations d’oiseaux aquatiques en périphérie d’une ferme de crevetticulture (OSO Farming)', 'volume2/mn02_05.pdf');
INSERT INTO public.publicationdetail (idpublication,"name", pdf) VALUES(2,'Etude ethnobotanique des ignames (Dioscorea sp.) dans la forêt Mikea et le couloir d’Antseva (sud-ouest de Madagascar)', 'volume2/mn02_06.pdf');
INSERT INTO public.publicationdetail (idpublication,"name", pdf) VALUES(2,'Variations morphométrique et moléculaire chez Miniopterus majori (Chiroptera : Miniopteridae) de Madagascar', 'volume2/mn02_07.pdf');
INSERT INTO public.publicationdetail (idpublication,"name", pdf) VALUES(2,'The species of Grosphus Simon (Scorpiones, Buthidae) distributed in the northern and eastern regions of Madagascar with the description of a new species', 'volume2/mn02_08.pdf');
INSERT INTO public.publicationdetail (idpublication,"name", pdf) VALUES(2,'Frugivory and facilitation of seed germination by the Velvet Asity, Philepitta castanea (Muller, 1776), in the rainforest understory of Ranomafana National Park, Madagascar', 'volume2/mn02_notes_01.pdf');
INSERT INTO public.publicationdetail (idpublication,"name", pdf) VALUES(2,'The diet of the endemic bat Myzopoda aurita (Myzopodidae) based on fecal analysis', 'volume2/mn02_notes_02.pdf');
INSERT INTO public.publicationdetail (idpublication,"name", pdf) VALUES(2,'Notes on the diet of the Barn Owl (Aves: Tytonidae: Tyto alba) from Zohin’Andavaka, Beahitse, extreme southwestern Madagascar', 'volume2/mn02_notes_03.pdf');
INSERT INTO public.publicationdetail (idpublication,"name", pdf) VALUES(2,'Urban avian population and possible heavy metal contamination at Parc Tsaratsoatra, Alarobia, Antananarivo, Madagascar', 'volume2/mn02_notes_04.pdf');
INSERT INTO public.publicationdetail (idpublication,"name", pdf) VALUES(2,'New distributional record of Appert’s Tetraka (Xanthomixis apperti) from Salary Bay, Mikea Forest, Madagascar', 'volume2/mn02_notes_05.pdf');
INSERT INTO public.publicationdetail (idpublication,"name", pdf) VALUES(2,'The Sooty Gull, Larus hemprichii (Aves: Laridae), on Nosy Ve: first records for Madagascar', 'volume2/mn02_notes_06.pdf');
INSERT INTO public.publicationdetail (idpublication,"name", pdf) VALUES(2,'Index ', 'volume2/mn02_index.pdf');
INSERT INTO public.publicationdetail (idpublication,"name", pdf) VALUES(2,'Notes aux contributeurs dans Malagasy Nature', 'volume2/mn02_contributeurs.pdf');
INSERT INTO public.publicationdetail (idpublication,"name", pdf) VALUES(2,'Format for contributions to Malagasy Nature', 'volume2/mn02_contribution.pdf');

INSERT INTO public.publicationdetail (idpublication,"name", pdf) VALUES(3,'Préface', 'volume3/mn03_00.pdf');
INSERT INTO public.publicationdetail (idpublication,"name", pdf) VALUES(3,'Ambatovy project: Mining in a challenging biodiversity setting in Madagascar', 'volume3/mn03_01.pdf');
INSERT INTO public.publicationdetail (idpublication,"name", pdf) VALUES(3,'Biological research conducted in the general Andasibe region of Madagascar with emphasis on enumerating the local biotic diversity', 'volume3/mn03_02.pdf');
INSERT INTO public.publicationdetail (idpublication,"name", pdf) VALUES(3,'Introduction to the early 2009 biological inventories conducted by the Association Vahatra in the Ambatovy-Analamay region', 'volume3/mn03_03.pdf');
INSERT INTO public.publicationdetail (idpublication,"name", pdf) VALUES(3,'Floristic inventory of the Ambatovy-Analamay mine site and comparison to other sites in Madagascar', 'volume3/mn03_04.pdf');
INSERT INTO public.publicationdetail (idpublication,"name", pdf) VALUES(3,'Survey of leaf litter ant species and assessment of invasive ants in the mining sites at Ambatovy, Madagascar', 'volume3/mn03_05.pdf');
INSERT INTO public.publicationdetail (idpublication,"name", pdf) VALUES(3,'Watercourse ecological sensitivity classification as a management framework to ameliorate pipeline construction impacts associated with the Ambatovy project', 'volume3/mn03_06.pdf');
INSERT INTO public.publicationdetail (idpublication,"name", pdf) VALUES(3,'The amphibians and reptiles of the Ambatovy-Analamay region', 'volume3/mn03_07.pdf');
INSERT INTO public.publicationdetail (idpublication,"name", pdf) VALUES(3,'The birds of the Ambatovy-Analamay region', 'volume3/mn03_08.pdf');
INSERT INTO public.publicationdetail (idpublication,"name", pdf) VALUES(3,'The non-volant and non-primate mammals of the Ambatovy-Analamay forest ', 'volume3/mn03_09.pdf');
INSERT INTO public.publicationdetail (idpublication,"name", pdf) VALUES(3,'The lemurs of the Ambatovy-Analamay region', 'volume3/mn03_10.pdf');
INSERT INTO public.publicationdetail (idpublication,"name", pdf) VALUES(3,'The Ambatovy lemur population spatial monitoring program: Summary of primary objectives and methods', 'volume3/mn03_11.pdf');
INSERT INTO public.publicationdetail (idpublication,"name", pdf) VALUES(3,'Index', 'volume3/mn03_contributeurs.pdf');
INSERT INTO public.publicationdetail (idpublication,"name", pdf) VALUES(3,'Notes aux contributeurs dans Malagasy Nature', 'volume3/mn03_contribution.pdf');
INSERT INTO public.publicationdetail (idpublication,"name", pdf) VALUES(3,'Format for contributions to Malagasy Nature', 'volume3/mn03_index.pdf');

INSERT INTO public.publicationdetail (idpublication,"name", pdf) VALUES(4,'Rock matrix surrounding subfossil lemur skull yields diverse collection of mammalian subfossils: Implications for reconstructing Madagascar’s paleoenvironments', 'volume4/mn04_01.pdf');
INSERT INTO public.publicationdetail (idpublication,"name", pdf) VALUES(4,'Influences des pièges sur la réitération et la sexualité des utriculaires aquatiques : cas d’Utricularia gibba et U. stellaris (Lentibulariaceae)', 'volume4/mn04_02.pdf');
INSERT INTO public.publicationdetail (idpublication,"name", pdf) VALUES(4,'Estimation de la densité des populations d’une espèce menacée de tortue terrestre (Astrochelys radiata) dans le Parc National Tsimanampetsotsa au Sud de Madagascar', 'volume4/mn04_03.pdf');
INSERT INTO public.publicationdetail (idpublication,"name", pdf) VALUES(4,'Liste des noms vernaculaires en langue française des espèces de chauves - souris de Madagascar', 'volume4/mn04_04.pdf');
INSERT INTO public.publicationdetail (idpublication,"name", pdf) VALUES(4,'Distributions et caractéristiques des microhabitats de Microcebus griseorufus (Cheirogaleidae) dans le Parc National de Tsimanampetsotsa (Sud ouest de Madagascar)', 'volume4/mn04_05.pdf');
INSERT INTO public.publicationdetail (idpublication,"name", pdf) VALUES(4,'Madagascar Buzzard (Buteo brachypterus) nest in association with the colonial nesting Sakalava Weaver (Ploceus sakalava)', 'volume4/mn04_notes_01.pdf');
INSERT INTO public.publicationdetail (idpublication,"name", pdf) VALUES(4,'Petits mammifères (Afrosoricida et Rodentia) nouvellement recensés dans le Parc National d’Andohahela (parcelle 1), Madagascar', 'volume4/mn04_notes_02.pdf');
INSERT INTO public.publicationdetail (idpublication,"name", pdf) VALUES(4,'Espèces d’amphibiens et de reptiles nouvellement recensés dans le Parc National d’Andohahela, Madagascar', 'volume4/mn04_notes_03.pdf');
INSERT INTO public.publicationdetail (idpublication,"name", pdf) VALUES(4,'Index', 'volume4/mn04_index.pdf');
INSERT INTO public.publicationdetail (idpublication,"name", pdf) VALUES(4,'Notes aux contributeurs dans Malagasy Nature', 'volume4/mn04_contributeurs.pdf');
INSERT INTO public.publicationdetail (idpublication,"name", pdf) VALUES(4,'Format for contributions to Malagasy Nature', 'volume4/mn04_contribution.pdf');

INSERT INTO public.publicationdetail (idpublication,"name", pdf) VALUES(5,'Structure dentaire : Implication pour la paléoécologie des Traversodontidae (Eucynodontia) du Trias de Madagascar', 'volume5/mn05_01.pdf');
INSERT INTO public.publicationdetail (idpublication,"name", pdf) VALUES(5,'Phenology of different vegetation types in Tsimanampetsotsa National Park, southwestern Madagascar', 'volume5/mn05_02.pdf');
INSERT INTO public.publicationdetail (idpublication,"name", pdf) VALUES(5,'Analyse structurale des formations végétales du Parc National d’Andohahela, habitat de Microcebus spp. (Sud-est de Madagascar)', 'volume5/mn05_03.pdf');
INSERT INTO public.publicationdetail (idpublication,"name", pdf) VALUES(5,'Conservation status of some commercialized succulent species of Madagascar', 'volume5/mn05_04.pdf');
INSERT INTO public.publicationdetail (idpublication,"name", pdf) VALUES(5,'Diet of the Mascarene grass frog, Ptychadena mascareniensis, in Madagascar', 'volume5/mn05_05.pdf');
INSERT INTO public.publicationdetail (idpublication,"name", pdf) VALUES(5,'Un premier aperçu de la diversité herpétofaunique d’un bloc forestier isolé, la forêt sèche de Beanka, dans la partie Ouest de Madagascar', 'volume5/mn05_06.pdf');
INSERT INTO public.publicationdetail (idpublication,"name", pdf) VALUES(5,'Habitat préférentiel d’Uroplatus giganteus (Reptilia, Gekkonidae), dans le complexe de la Montagne d’Ambre, Nord de Madagascar', 'volume5/mn05_07.pdf');
INSERT INTO public.publicationdetail (idpublication,"name", pdf) VALUES(5,'A case of the sympatric occurrence of Microgale brevicaudata and M. grandidieri (Afrosoricida, Tenrecidae) in the Beanka Forest, Maintirano', 'volume5/mn05_08.pdf');
INSERT INTO public.publicationdetail (idpublication,"name", pdf) VALUES(5,'Inventaire de chauves-souris dans la concession forestière de Kirindy CNFEREF, Morondava, Madagascar', 'volume5/mn05_09.pdf');
INSERT INTO public.publicationdetail (idpublication,"name", pdf) VALUES(5,'Bats of the Beanka Forest, a limestone karstic zone near Maintirano, central western Madagascar', 'volume5/mn05_10.pdf');
INSERT INTO public.publicationdetail (idpublication,"name", pdf) VALUES(5,'Sakalava weaver (Ploceus sakalava) nesting association with raptors: An alternative hypothesis', 'volume5/mn05_notes01.pdf');
INSERT INTO public.publicationdetail (idpublication,"name", pdf) VALUES(5,'Des Molossidae dans un arbre gîte de la région de Menabe central : description et biologie', 'volume5/mn05_notes02.pdf');
INSERT INTO public.publicationdetail (idpublication,"name", pdf) VALUES(5,'Index ', 'volume5/mn05_index.pdf');
INSERT INTO public.publicationdetail (idpublication,"name", pdf) VALUES(5,'Notes aux contributeurs dans Malagasy Nature', 'volume5/mn05_contributeurs.pdf');
INSERT INTO public.publicationdetail (idpublication,"name", pdf) VALUES(5,'Format for contributions to Malagasy Nature', 'volume5/mn05_contribution.pdf');

INSERT INTO public.publicationdetail (idpublication,"name", pdf) VALUES(6,'Note to readers - Note aux lecteurs', 'volume6/mn06_00.pdf');
INSERT INTO public.publicationdetail (idpublication,"name", pdf) VALUES(6,'Un premier aperçu de la faune de vertébrés du bush épineux de Salary-Bekodoy, à l’ouest du Parc National de Mikea, Madagascar', 'volume6/mn06_01.pdf');
INSERT INTO public.publicationdetail (idpublication,"name", pdf) VALUES(6,'Phenology of different vegetation types in the dry forest of Andohahela National Park, southeastern Madagascar', 'volume6/mn06_02.pdf');
INSERT INTO public.publicationdetail (idpublication,"name", pdf) VALUES(6,'Three new Aloe species from Madagascar', 'volume6/mn06_03.pdf');
INSERT INTO public.publicationdetail (idpublication,"name", pdf) VALUES(6,'Etudes dendrométriques et dendrochronologiques de neuf espèces de Commiphora Jacq. (Burseraceae) dans les forêts sèches de l’Ouest de Madagascar', 'volume6/mn06_04.pdf');
INSERT INTO public.publicationdetail (idpublication,"name", pdf) VALUES(6,'Influence de la variabilité climatique sur la phénologie de la forêt de la Réserve Spéciale de Bezà Mahafaly', 'volume6/mn06_05.pdf');
INSERT INTO public.publicationdetail (idpublication,"name", pdf) VALUES(6,'Can differences in floristic composition explain variation in the abundance of two sympatric mouse lemur species (Microcebus) in the Ankarafantsika National Park, northwestern Madagascar?', 'volume6/mn06_06.pdf');
INSERT INTO public.publicationdetail (idpublication,"name", pdf) VALUES(6,'Bio-écologie des chauves-souris du Parc National de Tsimanampetsotsa. 1. Identification bioacoustique et habitat préférentiel', 'volume6/mn06_07.pdf');
INSERT INTO public.publicationdetail (idpublication,"name", pdf) VALUES(6,'Bio-écologie des chauves-souris du Parc National de Tsimanampetsotsa. 2. Variation interspécifique et saisonnière du régime alimentaire', 'volume6/mn06_08.pdf');
INSERT INTO public.publicationdetail (idpublication,"name", pdf) VALUES(6,'Sighting of a ring-tailed vontsira (Galidia elegans) in the gallery forest of Berenty Private Reserve, southeastern Madagascar', 'volume6/mn06_09.pdf');
INSERT INTO public.publicationdetail (idpublication,"name", pdf) VALUES(6,'Two records of albinism in Malagasy birds', 'volume6/mn06_10.pdf');
INSERT INTO public.publicationdetail (idpublication,"name", pdf) VALUES(6,'Format for contributions to Malagasy Nature', 'volume6/mn06_11.pdf');

INSERT INTO public.publicationdetail (idpublication,"name", pdf) VALUES(7,'Préface et remerciements/Preface and acknowledgements', 'volume7/mn07preface.pdf');
INSERT INTO public.publicationdetail (idpublication,"name", pdf) VALUES(7,'La forêt de Beanka, Région Melaky, Ouest de Madagascar : introduction et présentation du milieu', 'volume7/mn07chapter01.pdf');
INSERT INTO public.publicationdetail (idpublication,"name", pdf) VALUES(7,'Current conservation trends in the Beanka Reserve', 'volume7/mn07chapter02.pdf');
INSERT INTO public.publicationdetail (idpublication,"name", pdf) VALUES(7,'Caves of the Beanka karst, Melaky Region, western Madagascar', 'volume7/mn07chapter03.pdf');
INSERT INTO public.publicationdetail (idpublication,"name", pdf) VALUES(7,'Rapport sur une mission archéologique à Beanka, Région Melaky, Ouest de Madagascar', 'volume7/mn07chapter04.pdf');
INSERT INTO public.publicationdetail (idpublication,"name", pdf) VALUES(7,'Cartographie de la couverture forestière du massif de Beanka, Région Melaky, Ouest de Madagascar', 'volume7/mn07chapter05.pdf');
INSERT INTO public.publicationdetail (idpublication,"name", pdf) VALUES(7,'Structure et composition floristique de la forêt sur faciès karstique de Beanka, Région Melaky, Ouest de Madagascar', 'volume7/mn07chapter06.pdf');
INSERT INTO public.publicationdetail (idpublication,"name", pdf) VALUES(7,'Inventaire des plantes vasculaires de la région de Beanka, Région Melaky, Ouest de Madagascar', 'volume7/mn07chapter07.pdf');
INSERT INTO public.publicationdetail (idpublication,"name", pdf) VALUES(7,'The non-marine molluscs of Tsingy Beanka, Melaky Region, western Madagascar', 'volume7/mn07chapter08.pdf');
INSERT INTO public.publicationdetail (idpublication,"name", pdf) VALUES(7,'Diversity of ants in burned and unburned grassland, and dry deciduous forest in the Beanka Reserve, Melaky Region, western Madagascar', 'volume7/mn07chapter09.pdf');
INSERT INTO public.publicationdetail (idpublication,"name", pdf) VALUES(7,'Distribution et diversité des communautés terrestres et fouisseuses de vertébrés et d’invertébrés dans un écotone savane-forêt sèche de Beanka, Région Melaky, Ouest de Madagascar', 'volume7/mn07chapter10.pdf');
INSERT INTO public.publicationdetail (idpublication,"name", pdf) VALUES(7,'Faune herpétologique de la forêt de Beanka, Région Melaky : richesse biologique, intérêt biogéographique et importance dans la conservation de la biodiversité malgache', 'volume7/mn07chapter11.pdf');
INSERT INTO public.publicationdetail (idpublication,"name", pdf) VALUES(7,'Premier aperçu de la diversité des oiseaux de la forêt sèche sur tsingy de Beanka, Région Melaky, Ouest de Madagascar', 'volume7/mn07chapter12.pdf');
INSERT INTO public.publicationdetail (idpublication,"name", pdf) VALUES(7,'Aperçu sur l’écologie de Mentocrex beankaensis (Aves, Rallidae) de la forêt sèche de Beanka, Région Melaky, Ouest de Madagascar', 'volume7/mn07chapter13.pdf');
INSERT INTO public.publicationdetail (idpublication,"name", pdf) VALUES(7,'Diversité des petits mammifères sur une formation de tsingy : cas de la forêt de Beanka, Région Melaky, Ouest de Madagascar', 'volume7/mn07chapter14.pdf');
INSERT INTO public.publicationdetail (idpublication,"name", pdf) VALUES(7,'Lemurs of the Beanka Forest, Melaky Region, western Madagascar', 'volume7/mn07chapter15.pdf');
INSERT INTO public.publicationdetail (idpublication,"name", pdf) VALUES(7,'The importance of field inventories and associated studies to understand biodiversity patterns: The case of the Beanka Forest, Melaky Region, western Madagascar', 'volume7/mn07chapter16.pdf');
INSERT INTO public.publicationdetail (idpublication,"name", pdf) VALUES(7,'Index', 'volume7/mn07index.pdf');
INSERT INTO public.publicationdetail (idpublication,"name", pdf) VALUES(7,'Notes aux contributeurs/Format for contributions', 'volume7/mn07contributeurs.pdf');

INSERT INTO public.publicationdetail (idpublication,"name", pdf) VALUES(8,'Paleoecological analysis of elephant bird (Aepyornithidae) remains from the Late Pleistocene and Holocene formations of southern Madagascar', 'volume8/mn08_chapter01.pdf');
INSERT INTO public.publicationdetail (idpublication,"name", pdf) VALUES(8,'Endemic non-bambusoid genera of grasses (Poaceae) in Madagascar: Review of current knowledge', 'volume8/mn08_chapter02.pdf');
INSERT INTO public.publicationdetail (idpublication,"name", pdf) VALUES(8,'Investigating behavior and ecology of Aphaenogaster swammerdami (Formicidae) in selectively logged forest: 20 years later – a happy ant?', 'volume8/mn08_chapter03.pdf');
INSERT INTO public.publicationdetail (idpublication,"name", pdf) VALUES(8,'First record of Corethrellidae (Diptera), frog-biting midges, in Madagascar', 'volume8/mn08_chapter04.pdf');
INSERT INTO public.publicationdetail (idpublication,"name", pdf) VALUES(8,'The species composition and distribution of hematophagous insects collected by light-traps in and near cave systems of Madagascar', 'volume8/mn08_chapter05.pdf');
INSERT INTO public.publicationdetail (idpublication,"name", pdf) VALUES(8,'The dietary habits of Barn Owls (Tyto alba) in the spiny bush of southwestern Madagascar', 'volume8/mn08_chapter06.pdf');
INSERT INTO public.publicationdetail (idpublication,"name", pdf) VALUES(8,'Duchemin’s ‘Linnet’: Was there a second species of native fody Foudia sp. in the Granitic Seychelles? – with additional evidence for the mid-19th century introduction of F. madagascariensis', 'volume8/mn08_chapter07.pdf');
INSERT INTO public.publicationdetail (idpublication,"name", pdf) VALUES(8,'Vocalisations de Pipistrellus spp. sensu lato de Madagascar : Expérience sur l’effet de confinement', 'volume8/mn08_chapter08.pdf');
INSERT INTO public.publicationdetail (idpublication,"name", pdf) VALUES(8,'The bats of the Kianjavato-Vatovavy region, lowland eastern central Madagascar', 'volume8/mn08_chapter09.pdf');
INSERT INTO public.publicationdetail (idpublication,"name", pdf) VALUES(8,'An albino molossid bat from the southwestern Indian Ocean region', 'volume8/mn08_note01.pdf');
INSERT INTO public.publicationdetail (idpublication,"name", pdf) VALUES(8,'A record of vertebrate carnivory by the Crested Drongo (Dicrurus forficatus)', 'volume8/mn08_note02.pdf');
INSERT INTO public.publicationdetail (idpublication,"name", pdf) VALUES(8,'Format for contributions to Malagasy Nature', 'volume8/mn08_formatforcontributions.pdf');

INSERT INTO public.publicationdetail (idpublication,"name", pdf) VALUES(9,'Dynamique post-culturale de la végétation dans la presqu’île d’Ampasindava, Domaine du Sambirano, Nord-ouest de Madagascar', 'volume9/mn09_00.pdf');
INSERT INTO public.publicationdetail (idpublication,"name", pdf) VALUES(9,'Biodiversité de l’entomofaune des rizières de la région de Lac Alaotra (Madagascar)', 'volume9/mn09_01.pdf');
INSERT INTO public.publicationdetail (idpublication,"name", pdf) VALUES(9,'Puces (Insecta : Siphonaptera) d’Ambohitantely, Madagascar : Spécificité et phénologie', 'volume9/mn09_02.pdf');
INSERT INTO public.publicationdetail (idpublication,"name", pdf) VALUES(9,'Suivi de la communauté aviaire aquatique dans la Nouvelle Aire Protégée Mandrozo, Ouest de Madagascar', 'volume9/mn09_03.pdf');
INSERT INTO public.publicationdetail (idpublication,"name", pdf) VALUES(9,'Préférence alimentaire des chauves-souris de Kianjavato, région de Vatovavy-Fitovinany, Madagascar', 'volume9/mn09_04.pdf');
INSERT INTO public.publicationdetail (idpublication,"name", pdf) VALUES(9,'Comportement alimentaire des communautés de chauves-souris animalivores de Kirindy (CNFEREF) et d’Antsahabe, Madagascar : répartition, partage et disponibilité de niche alimentaire', 'volume9/mn09_05.pdf');
INSERT INTO public.publicationdetail (idpublication,"name", pdf) VALUES(9,'The importance of water bodies for insectivorous bats in a Malagasy dry deciduous forest: A case example from Kirindy (CNFEREF)', 'volume9/mn09_06.pdf');
INSERT INTO public.publicationdetail (idpublication,"name", pdf) VALUES(9,'Terrestrial “forest-dwelling” endemic small mammals captured outside of natural habitats in the Moramanga District, central eastern Madagascar', 'volume9/mn09_07.pdf');
INSERT INTO public.publicationdetail (idpublication,"name", pdf) VALUES(9,'Remains of an aye-aye (Daubentonia madagascariensis) at the edge of the Parc National d’Ankarana, Région Diana', 'volume9/mn09_08.pdf');
INSERT INTO public.publicationdetail (idpublication,"name", pdf) VALUES(9,'Documented occurrence of Taphozous mauritianus (E. Geoffroy, 1818) in Mayotte (Comoros Archipelago)', 'volume9/mn09_09.pdf');
INSERT INTO public.publicationdetail (idpublication,"name", pdf) VALUES(9,'Third record of pied avocet (Recurvirostra avosetta) for Madagascar', 'volume9/mn09_10.pdf');
INSERT INTO public.publicationdetail (idpublication,"name", pdf) VALUES(9,'Format for contributions to Malagasy Nature', 'volume9/mn09_11.pdf');
INSERT INTO public.publicationdetail (idpublication,"name", pdf) VALUES(9,'Notes aux contributeurs dans Malagasy Nature', 'volume9/mn09_12.pdf');

INSERT INTO public.publicationdetail (idpublication,"name", pdf) VALUES(10,'Préface et remerciements', 'volume10/mn10_00.pdf');
INSERT INTO public.publicationdetail (idpublication,"name", pdf) VALUES(10,'Variabilité et changement du climat à Bezà Mahafaly', 'volume10/mn10_01.pdf');
INSERT INTO public.publicationdetail (idpublication,"name", pdf) VALUES(10,'Dynamique de la couverture forestière dans la Réserve Spéciale de Bezà Mahafaly et sesenvirons', 'volume10/mn10_02.pdf');
INSERT INTO public.publicationdetail (idpublication,"name", pdf) VALUES(10,'Mammalian biodiversity at Bezà Mahafaly: An update', 'volume10/mn10_03.pdf');
INSERT INTO public.publicationdetail (idpublication,"name", pdf) VALUES(10,'Diurnal lemurs at Bezà Mahafaly: Resilience and risk', 'volume10/mn10_04.pdf');
INSERT INTO public.publicationdetail (idpublication,"name", pdf) VALUES(10,'Dynamique de l’herpétofaune de Bezà Mahafaly', 'volume10/mn10_05.pdf');
INSERT INTO public.publicationdetail (idpublication,"name", pdf) VALUES(10,'Suivi de l’avifaune de Bezà Mahafaly', 'volume10/mn10_06.pdf');
INSERT INTO public.publicationdetail (idpublication,"name", pdf) VALUES(10,'Dynamiques socio-économiques et utilisation des ressources naturelles dans la Réserve Spéciale de Bezà Mahafaly et ses environs', 'volume10/mn10_07.pdf');
INSERT INTO public.publicationdetail (idpublication,"name", pdf) VALUES(10,'Gouvernance de la Réserve Spéciale de Bezà Mahafaly', 'volume10/mn10_08.pdf');
INSERT INTO public.publicationdetail (idpublication,"name", pdf) VALUES(10,'Epilogue : Progrès et perspectives', 'volume10/mn10_09.pdf');
INSERT INTO public.publicationdetail (idpublication,"name", pdf) VALUES(10,'Notes aux contributeurs dans Malagasy Nature', 'volume10/mn10_10.pdf');
INSERT INTO public.publicationdetail (idpublication,"name", pdf) VALUES(10,'Format for contributions to Malagasy Nature', 'volume10/mn10_11.pdf');

INSERT INTO public.publicationdetail (idpublication,"name", pdf) VALUES(11,'Results of a biological inventory of the Nosy Ankao island group, Parc National de Loky-Manambato, northeastern Madagascar', 'volume11/mn11.pdf');
INSERT INTO public.publicationdetail (idpublication,"name", pdf) VALUES(11,'Notes aux contributeurs dans Malagasy Nature', 'volume10/mn10_10.pdf');
INSERT INTO public.publicationdetail (idpublication,"name", pdf) VALUES(11,'Format for contributions to Malagasy Nature', 'volume10/mn10_11.pdf');

INSERT INTO public.publicationdetail (idpublication,"name", pdf) VALUES(12,'Les unités paysagères dela péninsule d’Ampasindava (Nord-ouest de Madagascar), un terroir sous haute pression de déforestation', 'volume12/mn12_00.pdf');
INSERT INTO public.publicationdetail (idpublication,"name", pdf) VALUES(12,'Influence des caractéristiques forestières et des perturbations anthropogéniques sur la distribution des lémuriens de la Forêt Classée d’Ankadivory (Tsinjoarivo-Ambatolampy)', 'volume12/mn12_01.pdf');
INSERT INTO public.publicationdetail (idpublication,"name", pdf) VALUES(12,'Updated extinction risk assessments of Madagascar’s freshwater decapod crustaceans reveal fewer threatened species but more Data Deficient species', 'volume12/mn12_02.pdf');
INSERT INTO public.publicationdetail (idpublication,"name", pdf) VALUES(12,'Sex-ratio chez les puces (Insecta : Siphonaptera) d’Ambohitantely, Hautes Terres Centrales de Madagascar', 'volume12/mn12_03.pdf');
INSERT INTO public.publicationdetail (idpublication,"name", pdf) VALUES(12,'Découverte de la construction du nid de l’aigle serpentaire de Madagascar (Eutriorchis astur) dans l’Aire Protégée de Bemanevika, Nord-ouest de Madagascar', 'volume12/mn12_04.pdf');
INSERT INTO public.publicationdetail (idpublication,"name", pdf) VALUES(12,'Les tiques dures (Acari : Ixodidae) ectoparasites de micromammifères non-volants dans la forêt d’Ambohitantely, Madagascar', 'volume12/mn12_05.pdf');
INSERT INTO public.publicationdetail (idpublication,"name", pdf) VALUES(12,'Survie et variation temporelle de la taille de la population de Rousettus madagascariensis (Chiroptera : Pteropodidae) de la Grotte des Chauves-souris d’Ankarana, Nord de Madagascar', 'volume12/mn12_06.pdf');
INSERT INTO public.publicationdetail (idpublication,"name", pdf) VALUES(12,'Diversité et écologie des petits mammifères dans les habitats forestiers et anthropiques du District de Moramanga, Centre-est de Madagascar', 'volume12/mn12_07.pdf');
INSERT INTO public.publicationdetail (idpublication,"name", pdf) VALUES(12,'The distribution and ecology of invasive alien vertebrate species in the greater Toamasina region, central eastern Madagascar', 'volume12/mn12_08.pdf');
INSERT INTO public.publicationdetail (idpublication,"name", pdf) VALUES(12,'Nest of the Malagasy Pond Heron Ardeola idae in northern Madagascar', 'volume12/mn12_09.pdf');
INSERT INTO public.publicationdetail (idpublication,"name", pdf) VALUES(12,'Occurrence of Taphozous mauritianus (Emballonuridae) in Maintirano, western Madagascar', 'volume12/mn12_10.pdf');
INSERT INTO public.publicationdetail (idpublication,"name", pdf) VALUES(12,'Format for contributions to Malagasy Nature', 'volume12/mn12_11.pdf');
INSERT INTO public.publicationdetail (idpublication,"name", pdf) VALUES(12,'Notes aux contributeurs dans Malagasy Nature', 'volume12/mn12_12.pdf');

INSERT INTO public.publicationdetail (idpublication,"name", pdf) VALUES(13,'Morphologie pollinique de la flore de la Réserve Spéciale d’Ankarana, Madagascar', 'volume13/mn13_00.pdf');
INSERT INTO public.publicationdetail (idpublication,"name", pdf) VALUES(13,'Morphométrie des fruits et des graines de Ficus (Moraceae) de la forêt sèche de la Réserve Spéciale d’Ankarana, Madagascar', 'volume13/mn13_01.pdf');
INSERT INTO public.publicationdetail (idpublication,"name", pdf) VALUES(13,'Euphorbia pseudodidiereoides, une nouvelle euphorbe épineuse du Centre-sud de Madagascar', 'volume13/mn13_02.pdf');
INSERT INTO public.publicationdetail (idpublication,"name", pdf) VALUES(13,'A review of Trypanosoma species known from Malagasy vertebrates', 'volume13/mn13_03.pdf');
INSERT INTO public.publicationdetail (idpublication,"name", pdf) VALUES(13,'Revue des stratégies nationales sur la biosécurité et perspectives sur la gestion des espèces exotiques envahissantes à Madagascar', 'volume13/mn13_04.pdf');
INSERT INTO public.publicationdetail (idpublication,"name", pdf) VALUES(13,'Population structure, activity pattern, and microhabitat use of Phelsuma klemmeri at Mandrozo, Madagascar', 'volume13/mn13_05.pdf');
INSERT INTO public.publicationdetail (idpublication,"name", pdf) VALUES(13,'Succès de la reproduction et comportements de Polyboroide rayé (Polyboroides radiatus) dans l’Aire Protégée de Bemanevika, Nord-ouest de Madagascar', 'volume13/mn13_06.pdf');
INSERT INTO public.publicationdetail (idpublication,"name", pdf) VALUES(13,'Les chauves-souris du Paysage Harmonieux Protégé du Complexe Tsimembo Manambolomaty, Région Melaky, Madagascar : diversité et biogéographie', 'volume13/mn13_07.pdf');
INSERT INTO public.publicationdetail (idpublication,"name", pdf) VALUES(13,'Seasonal movements of insectivorous bat species in southwestern Madagascar', 'volume13/mn13_08.pdf');
INSERT INTO public.publicationdetail (idpublication,"name", pdf) VALUES(13,'Les rats dans le monde rural du Centre-est et du Centre-sud de Madagascar : dommages causés et systèmes de contrôle', 'volume13/mn13_09.pdf');
INSERT INTO public.publicationdetail (idpublication,"name", pdf) VALUES(13,'Feeding ecology of the bokiboky, Mungotictis decemlineata (family Eupleridae)', 'volume13/mn13_010.pdf');
INSERT INTO public.publicationdetail (idpublication,"name", pdf) VALUES(13,'Mise à jour de la distribution du crapaud commun d’Asie (Duttaphrynus melanostictus) dans le sud de Toamasina, Madagascar', 'volume13/mn13_011.pdf');
INSERT INTO public.publicationdetail (idpublication,"name", pdf) VALUES(13,'Le bananier aquatique, Typhonodorum madagascariense (famille des Araceae) dans la commune rurale d’Ankililoaka, Sud-ouest de Madagascar', 'volume13/mn13_012.pdf');
INSERT INTO public.publicationdetail (idpublication,"name", pdf) VALUES(13,'Absence of Trypanosoma infection among Hoplobatrachus tigerinus (Amphibia: Dicroglossidae) from Boeny, western Madagascar', 'volume13/mn13_013.pdf');
INSERT INTO public.publicationdetail (idpublication,"name", pdf) VALUES(13,'Format for contributions to Malagasy Nature', 'volume13/mn13_014.pdf');
INSERT INTO public.publicationdetail (idpublication,"name", pdf) VALUES(13,'Notes aux contributeurs dans Malagasy Nature', 'volume13/mn13_015.pdf');

INSERT INTO public.publicationdetail (idpublication,"name", pdf) VALUES(14,'Tribute to Martin Edwin Nicoll (1954-2020): Forty years (1980-2020) of a British scientist dedicated to the conservation of Malagasy biodiversity', 'volume14/mn14_00.pdf');
INSERT INTO public.publicationdetail (idpublication,"name", pdf) VALUES(14,'Effet de l’exploitation minière sur les facteurs productifs comme l’agriculture et la production de charbon de bois et la dynamique de déforestation dans le Sud-ouest de Madagascar', 'volume14/mn14_01.pdf');
INSERT INTO public.publicationdetail (idpublication,"name", pdf) VALUES(14,'Etude dendrométrique et dendrochronologique de trois espèces de Cedrelopsis Baillon, (Rutaceae) dans les forêts sèches de l’Ouest de Madagascar', 'volume14/mn14_02.pdf');
INSERT INTO public.publicationdetail (idpublication,"name", pdf) VALUES(14,'Resting site choice depends on age in Opisthacanthus madagascariensis (Scorpiones: Hormuridae) in dry deciduous forest, western Madagascar', 'volume14/mn14_03.pdf');
INSERT INTO public.publicationdetail (idpublication,"name", pdf) VALUES(14,'A rapid avifaunal survey of the Mahimborondro Protected Area, northern Madagascar', 'volume14/mn14_04.pdf');
INSERT INTO public.publicationdetail (idpublication,"name", pdf) VALUES(14,'Field body temperatures in the rainforest frog Mantidactylus (Brygoomantis) bellyi from northern Madagascar: Variance and predictors', 'volume14/mn14_05.pdf');
INSERT INTO public.publicationdetail (idpublication,"name", pdf) VALUES(14,'Population dynamics of Lemur catta at selected sleeping sites of Tsimanampesotse National Park', 'volume14/mn14_06.pdf');
INSERT INTO public.publicationdetail (idpublication,"name", pdf) VALUES(14,'Canopy chameleon (Furcifer willsii) consumption by common big-eyed snake (Mimophis mahfalensis) in Fivahona Forest, eastern Madagascar', 'volume14/mn14_07.pdf');
INSERT INTO public.publicationdetail (idpublication,"name", pdf) VALUES(14,'First sighting of the House Crow Corvus splendens on Nosy Be', 'volume14/mn14_08.pdf');
INSERT INTO public.publicationdetail (idpublication,"name", pdf) VALUES(14,'Format for contributions to Malagasy Nature', 'volume14/mn14_09.pdf');
INSERT INTO public.publicationdetail (idpublication,"name", pdf) VALUES(14,'Notes aux contributeurs dans Malagasy Nature', 'volume14/mn14_10.pdf');

INSERT INTO public.publicationdetail (idpublication,"name", pdf) VALUES(15,'Foreword', 'volume15/mn15_00.pdf');
INSERT INTO public.publicationdetail (idpublication,"name", pdf) VALUES(15,'Introduction: The way of the future — new paleosciences research led by Malagasy scientists', 'volume15/mn15_01.pdf');
INSERT INTO public.publicationdetail (idpublication,"name", pdf) VALUES(15,'Applying human niche construction theory to study settlement choice in southwest Madagascar, 16th-19th centuries CE', 'volume15/mn15_02.pdf');
INSERT INTO public.publicationdetail (idpublication,"name", pdf) VALUES(15,'Nontrivial responses of vegetation to compound disturbances: A case study of Malagasy grasslands', 'volume15/mn15_03.pdf');
INSERT INTO public.publicationdetail (idpublication,"name", pdf) VALUES(15,'Adaptation of subsistence strategies of the southwestern Malagasy in the face of climate change', 'volume15/mn15_04.pdf');
INSERT INTO public.publicationdetail (idpublication,"name", pdf) VALUES(15,'The Malagasy monsoon over the Holocene: A review from speleothem δ18Oc records ', 'volume15/mn15_05.pdf');
INSERT INTO public.publicationdetail (idpublication,"name", pdf) VALUES(15,'Paleoecological evidence for late Holocene aridification from the Taolambiby subfossil site of southwestern Madagascar', 'volume15/mn15_06.pdf');
INSERT INTO public.publicationdetail (idpublication,"name", pdf) VALUES(15,'Description of the subfossil crocodylians from a new Late Pleistocene subfossil site (Tsaramody, Sambaina Basin) in central Madagascar', 'volume15/mn15_07.pdf');
INSERT INTO public.publicationdetail (idpublication,"name", pdf) VALUES(15,'Comparing the paleoclimates of northwestern and southwestern Madagascar during the late Holocene: Implications for the role of climate in megafaunal extinction', 'volume15/mn15_08.pdf');
INSERT INTO public.publicationdetail (idpublication,"name", pdf) VALUES(15,'Subfossil birds from a submerged cave in southwestern Madagascar', 'volume15/mn15_09.pdf');
INSERT INTO public.publicationdetail (idpublication,"name", pdf) VALUES(15,'The growth and development of Pachylemur, a large-bodied Lemuridae', 'volume15/mn15_10.pdf');
INSERT INTO public.publicationdetail (idpublication,"name", pdf) VALUES(15,'The stories people tell, and how they can contribute to our understanding of megafaunal decline and extinction in Madagascar', 'volume15/mn15_11.pdf');
INSERT INTO public.publicationdetail (idpublication,"name", pdf) VALUES(15,'Format for contributions to Malagasy Nature', 'volume15/mn15_12.pdf');
INSERT INTO public.publicationdetail (idpublication,"name", pdf) VALUES(15,'Notes aux contributeurs dans Malagasy Nature', 'volume15/mn15_13.pdf');

INSERT INTO public.publicationdetail (idpublication,"name", pdf) VALUES(25,null, '2014_publicationeng.pdf');
INSERT INTO public.publicationdetail (idpublication,"name", pdf) VALUES(26,null, '2014_memoiresandthesis.pdf');
INSERT INTO public.publicationdetail (idpublication,"name", pdf) VALUES(27,null, 'Atlas.pdf');


INSERT INTO public.publicationdetail (idpublication,"name", pdf) VALUES(28,'Tome I: Introduction', 'PA book_t1.pdf');
INSERT INTO public.publicationdetail (idpublication,"name", pdf) VALUES(28,'Tome II: Northern and Eastern Madagascar', 'PA book_t2.pdf');
INSERT INTO public.publicationdetail (idpublication,"name", pdf) VALUES(28,'Tome III: Western and Southern Madagascar - Synthesis', 'PA book_t3.pdf');

INSERT INTO public.publicationauthor(idpublication,idperson)VALUES(1,2);
INSERT INTO public.publicationauthor(idpublication,idperson)VALUES(1,4);
INSERT INTO public.publicationauthor(idpublication,idperson)VALUES(1,1);
INSERT INTO public.publicationauthor(idpublication,idperson)VALUES(1,3);
INSERT INTO public.publicationauthor(idpublication,idperson)VALUES(1,28);
INSERT INTO public.publicationauthor(idpublication,idperson)VALUES(1,29);
INSERT INTO public.publicationauthor(idpublication,idperson)VALUES(1,30);

INSERT INTO public.publicationauthor(idpublication,idperson)VALUES(2,2);
INSERT INTO public.publicationauthor(idpublication,idperson)VALUES(2,4);
INSERT INTO public.publicationauthor(idpublication,idperson)VALUES(2,3);
INSERT INTO public.publicationauthor(idpublication,idperson)VALUES(2,31);
INSERT INTO public.publicationauthor(idpublication,idperson)VALUES(2,32);
INSERT INTO public.publicationauthor(idpublication,idperson)VALUES(2,33);
INSERT INTO public.publicationauthor(idpublication,idperson)VALUES(2,34);
INSERT INTO public.publicationauthor(idpublication,idperson)VALUES(2,35);
INSERT INTO public.publicationauthor(idpublication,idperson)VALUES(2,36);
INSERT INTO public.publicationauthor(idpublication,idperson)VALUES(2,37);
INSERT INTO public.publicationauthor(idpublication,idperson)VALUES(2,38);
INSERT INTO public.publicationauthor(idpublication,idperson)VALUES(2,39);
INSERT INTO public.publicationauthor(idpublication,idperson)VALUES(2,40);
INSERT INTO public.publicationauthor(idpublication,idperson)VALUES(2,41);
INSERT INTO public.publicationauthor(idpublication,idperson)VALUES(2,42);
INSERT INTO public.publicationauthor(idpublication,idperson)VALUES(2,43);
INSERT INTO public.publicationauthor(idpublication,idperson)VALUES(2,44);
INSERT INTO public.publicationauthor(idpublication,idperson)VALUES(2,45);
INSERT INTO public.publicationauthor(idpublication,idperson)VALUES(2,46);
INSERT INTO public.publicationauthor(idpublication,idperson)VALUES(2,47);
INSERT INTO public.publicationauthor(idpublication,idperson)VALUES(2,48);
INSERT INTO public.publicationauthor(idpublication,idperson)VALUES(2,49);
INSERT INTO public.publicationauthor(idpublication,idperson)VALUES(2,50);
INSERT INTO public.publicationauthor(idpublication,idperson)VALUES(2,51);
INSERT INTO public.publicationauthor(idpublication,idperson)VALUES(2,52);
INSERT INTO public.publicationauthor(idpublication,idperson)VALUES(2,53);
INSERT INTO public.publicationauthor(idpublication,idperson)VALUES(2,54);
INSERT INTO public.publicationauthor(idpublication,idperson)VALUES(2,55);
INSERT INTO public.publicationauthor(idpublication,idperson)VALUES(2,56);
INSERT INTO public.publicationauthor(idpublication,idperson)VALUES(2,57);
INSERT INTO public.publicationauthor(idpublication,idperson)VALUES(2,58);
INSERT INTO public.publicationauthor(idpublication,idperson)VALUES(2,59);
INSERT INTO public.publicationauthor(idpublication,idperson)VALUES(2,60);
INSERT INTO public.publicationauthor(idpublication,idperson)VALUES(2,61);
INSERT INTO public.publicationauthor(idpublication,idperson)VALUES(2,20);

INSERT INTO public.publicationauthor(idpublication,idperson)VALUES(3,4);
INSERT INTO public.publicationauthor(idpublication,idperson)VALUES(3,1);
INSERT INTO public.publicationauthor(idpublication,idperson)VALUES(3,2);
INSERT INTO public.publicationauthor(idpublication,idperson)VALUES(3,62);
INSERT INTO public.publicationauthor(idpublication,idperson)VALUES(3,63);
INSERT INTO public.publicationauthor(idpublication,idperson)VALUES(3,64);
INSERT INTO public.publicationauthor(idpublication,idperson)VALUES(3,65);
INSERT INTO public.publicationauthor(idpublication,idperson)VALUES(3,66);
INSERT INTO public.publicationauthor(idpublication,idperson)VALUES(3,67);
INSERT INTO public.publicationauthor(idpublication,idperson)VALUES(3,68);
INSERT INTO public.publicationauthor(idpublication,idperson)VALUES(3,69);
INSERT INTO public.publicationauthor(idpublication,idperson)VALUES(3,70);
INSERT INTO public.publicationauthor(idpublication,idperson)VALUES(3,71);
INSERT INTO public.publicationauthor(idpublication,idperson)VALUES(3,72);
INSERT INTO public.publicationauthor(idpublication,idperson)VALUES(3,73);
INSERT INTO public.publicationauthor(idpublication,idperson)VALUES(3,74);
INSERT INTO public.publicationauthor(idpublication,idperson)VALUES(3,75);
INSERT INTO public.publicationauthor(idpublication,idperson)VALUES(3,76);


INSERT INTO public.publicationauthor(idpublication,idperson)VALUES(29,4);
INSERT INTO public.publicationauthor(idpublication,idperson)VALUES(30,4);
INSERT INTO public.publicationauthor(idpublication,idperson)VALUES(30,77);


INSERT INTO public.person (id, "name", username, title) VALUES(95, 'Rossi', 'A.', null);
INSERT INTO public.person (id, "name", username, title) VALUES(78, 'Waeber', '', null);
INSERT INTO public.person (id, "name", username, title) VALUES(79, 'Apanaskevich', 'D. A.', null);
INSERT INTO public.person (id, "name", username, title) VALUES(80, 'Scherz', 'M. D.', null);
INSERT INTO public.person (id, "name", username, title) VALUES(81, 'Rasolonjatovo', 'S. M.', null);
INSERT INTO public.person (id, "name", username, title) VALUES(82, 'Köhler', 'J.', null);
INSERT INTO public.person (id, "name", username, title) VALUES(83, 'Rancilhac', 'L.', null);
INSERT INTO public.person (id, "name", username, title) VALUES(84, 'Rakotoarison', 'A.', null);
INSERT INTO public.person (id, "name", username, title) VALUES(85, 'Ohler', 'A.', null);
INSERT INTO public.person (id, "name", username, title) VALUES(86, 'Preick', 'M.', null);
INSERT INTO public.person (id, "name", username, title) VALUES(87, 'Hofreiter', 'M.', null);
INSERT INTO public.person (id, "name", username, title) VALUES(88, 'Glaw', 'F.', null);
INSERT INTO public.person (id, "name", username, title) VALUES(89, 'Vences', 'M.', null);
INSERT INTO public.person (id, "name", username, title) VALUES(90, 'Crottini', 'A.', null);
INSERT INTO public.person (id, "name", username, title) VALUES(91, 'Andreone', 'F.', null);
INSERT INTO public.person (id, "name", username, title) VALUES(92, 'Ratsoavina', 'F. M.', null);
INSERT INTO public.person (id, "name", username, title) VALUES(93, 'Vieites', 'D. R.', null);
INSERT INTO public.person (id, "name", username, title) VALUES(94, 'Haalitschek', 'O.', null);

INSERT INTO activityPerson (idActivity, idPerson) VALUES (74,48);
INSERT INTO activityPerson (idActivity, idPerson) VALUES (74,95);
INSERT INTO activityPerson (idActivity, idPerson) VALUES (74,29);
INSERT INTO activityPerson (idActivity, idPerson) VALUES (74,78);

INSERT INTO activityPerson (idActivity, idPerson) VALUES (75,79);
INSERT INTO activityPerson (idActivity, idPerson) VALUES (75,4);

INSERT INTO activityPerson (idActivity, idPerson) VALUES (76,79);
INSERT INTO activityPerson (idActivity, idPerson) VALUES (76,4);
INSERT INTO activityPerson (idActivity, idPerson) VALUES (76,3);

INSERT INTO activityPerson (idActivity, idPerson) VALUES (77,79);
INSERT INTO activityPerson (idActivity, idPerson) VALUES (77,4);

INSERT INTO activityPerson (idActivity, idPerson) VALUES (78,79);
INSERT INTO activityPerson (idActivity, idPerson) VALUES (78,4);

INSERT INTO activityPerson (idActivity, idPerson) VALUES (79,80);
INSERT INTO activityPerson (idActivity, idPerson) VALUES (79,81);
INSERT INTO activityPerson (idActivity, idPerson) VALUES (79,82);
INSERT INTO activityPerson (idActivity, idPerson) VALUES (79,83);
INSERT INTO activityPerson (idActivity, idPerson) VALUES (79,84);
INSERT INTO activityPerson (idActivity, idPerson) VALUES (79,85);
INSERT INTO activityPerson (idActivity, idPerson) VALUES (79,86);
INSERT INTO activityPerson (idActivity, idPerson) VALUES (79,87);
INSERT INTO activityPerson (idActivity, idPerson) VALUES (79,88);
INSERT INTO activityPerson (idActivity, idPerson) VALUES (79,89);
INSERT INTO activityPerson (idActivity, idPerson) VALUES (79,1);

INSERT INTO activityPerson (idActivity, idPerson) VALUES (80,88);
INSERT INTO activityPerson (idActivity, idPerson) VALUES (80,80);
INSERT INTO activityPerson (idActivity, idPerson) VALUES (80,84);
INSERT INTO activityPerson (idActivity, idPerson) VALUES (80,1);
INSERT INTO activityPerson (idActivity, idPerson) VALUES (80,90);
INSERT INTO activityPerson (idActivity, idPerson) VALUES (80,1);
INSERT INTO activityPerson (idActivity, idPerson) VALUES (80,91);
INSERT INTO activityPerson (idActivity, idPerson) VALUES (80,82);
INSERT INTO activityPerson (idActivity, idPerson) VALUES (80,89);

INSERT INTO activityPerson (idActivity, idPerson) VALUES (81,92);
INSERT INTO activityPerson (idActivity, idPerson) VALUES (81,93);
INSERT INTO activityPerson (idActivity, idPerson) VALUES (81,94);
INSERT INTO activityPerson (idActivity, idPerson) VALUES (81,88);
INSERT INTO activityPerson (idActivity, idPerson) VALUES (81,1);
INSERT INTO activityPerson (idActivity, idPerson) VALUES (81,84);
INSERT INTO activityPerson (idActivity, idPerson) VALUES (81,89);
INSERT INTO activityPerson (idActivity, idPerson) VALUES (81,80);

INSERT INTO activityPerson (idActivity, idPerson) VALUES (82,92);
INSERT INTO activityPerson (idActivity, idPerson) VALUES (82,93);
INSERT INTO activityPerson (idActivity, idPerson) VALUES (82,94);
INSERT INTO activityPerson (idActivity, idPerson) VALUES (82,88);
INSERT INTO activityPerson (idActivity, idPerson) VALUES (82,1);
INSERT INTO activityPerson (idActivity, idPerson) VALUES (82,84);
INSERT INTO activityPerson (idActivity, idPerson) VALUES (82,89);
INSERT INTO activityPerson (idActivity, idPerson) VALUES (82,80);
